frame_id,timestamp_sec,player_id,wrist_speed,forearm_angular_vel,is_visual_snap,arm,wrist_speed_px,snap_peak_frame
0,0.0,Player_Near,0.0,0.0,0,none,0.0,
1,0.04,Player_Near,0.91561,5.209,0,right,659.24,
2,0.08,Player_Near,0.64466,31.238,0,right,464.15,
3,0.12,Player_Near,0.59806,13.923,0,right,430.6,
4,0.16,Player_Near,0.42647,48.011,0,right,307.06,
5,0.2,Player_Near,0.62224,28.354,0,right,448.01,
6,0.24,Player_Near,0.61572,79.003,0,left,443.32,
7,0.28,Player_Near,0.91755,18.893,0,right,660.64,
8,0.32,Player_Near,0.97702,6.887,0,right,703.45,
9,0.36,Player_Near,0.94016,58.991,0,right,676.91,
10,0.4,Player_Near,1.36783,252.704,0,right,984.84,
11,0.44,Player_Near,1.13559,42.65,0,right,817.62,
12,0.48,Player_Near,1.15,71.562,0,right,828.0,
13,0.52,Player_Near,1.07383,45.101,0,right,773.16,
14,0.56,Player_Near,0.89017,24.031,0,right,640.93,
15,0.6,Player_Near,0.70651,8.599,0,right,508.69,
16,0.64,Player_Near,0.44175,17.776,0,right,318.06,
17,0.68,Player_Near,0.23222,22.588,0,right,167.2,
18,0.72,Player_Near,0.10169,36.86,0,right,73.22,
19,0.76,Player_Near,0.19482,11.94,0,left,140.27,
20,0.8,Player_Near,0.31231,7.514,0,left,224.86,
21,0.84,Player_Near,0.44566,16.879,0,right,320.88,
22,0.88,Player_Near,0.46983,48.448,0,right,338.28,
23,0.92,Player_Near,0.2155,49.047,0,right,155.16,
24,0.96,Player_Near,0.2556,52.564,0,right,184.03,
25,1.0,Player_Near,0.53278,0.96,0,left,383.6,
26,1.04,Player_Near,0.59731,64.479,0,right,430.06,
27,1.08,Player_Near,0.87969,187.528,0,right,633.37,
28,1.12,Player_Near,1.24663,292.982,0,right,897.58,
29,1.16,Player_Near,0.8993,113.979,0,right,647.5,
30,1.2,Player_Near,0.55678,15.667,1,right,400.88,28
31,1.24,Player_Near,0.14978,219.064,0,right,107.84,
32,1.28,Player_Near,1.72699,1069.115,0,right,1243.43,
33,1.32,Player_Near,1.29717,467.663,0,right,933.96,
34,1.36,Player_Near,1.22858,505.779,1,right,884.58,32
35,1.4,Player_Near,0.35091,97.844,0,right,252.66,
36,1.44,Player_Near,0.51922,133.537,0,right,373.84,
37,1.48,Player_Near,0.694,355.85,0,right,499.68,
38,1.52,Player_Near,0.28708,68.748,0,right,206.69,
39,1.56,Player_Near,1.49699,1184.315,0,right,1077.83,
40,1.6,Player_Near,0.57212,637.022,0,right,411.92,
41,1.64,Player_Near,0.50534,727.681,1,right,363.85,39
42,1.68,Player_Near,0.35568,11.385,0,right,256.09,
43,1.72,Player_Near,0.22734,301.668,0,right,163.69,
44,1.76,Player_Near,0.26252,10.734,0,left,189.01,
45,1.8,Player_Near,0.14317,41.911,0,left,103.08,
46,1.84,Player_Near,1.07632,344.468,0,right,774.95,
47,1.88,Player_Near,0.39742,73.813,0,right,286.14,
48,1.92,Player_Near,7.29036,2287.603,0,left,5249.06,
48,1.92,Player_Far,0.0,0.0,0,none,0.0,
49,1.96,Player_Near,4.3562,737.786,0,left,3136.46,
49,1.96,Player_Far,0.0,0.0,0,none,0.0,
50,2.0,Player_Near,0.0,0.0,1,left,0.0,48
50,2.0,Player_Far,0.0,0.0,0,none,0.0,
51,2.04,Player_Near,0.0,0.0,0,left,0.0,
51,2.04,Player_Far,0.0,0.0,0,none,0.0,
52,2.08,Player_Near,0.00952,10.899,0,left,6.85,
52,2.08,Player_Far,0.0,0.0,0,none,0.0,
53,2.12,Player_Near,0.08325,23.125,0,left,59.94,
53,2.12,Player_Far,0.0,0.0,0,none,0.0,
54,2.16,Player_Near,0.13638,37.524,0,right,98.19,
54,2.16,Player_Far,0.0,0.0,0,none,0.0,
55,2.2,Player_Near,0.19489,49.849,0,right,140.32,
55,2.2,Player_Far,0.21537,212.178,0,left,155.07,
56,2.24,Player_Near,0.1631,121.599,0,right,117.44,
56,2.24,Player_Far,0.1758,233.199,0,left,126.57,
57,2.28,Player_Near,0.20753,131.949,0,right,149.42,
57,2.28,Player_Far,0.25142,490.993,0,left,181.02,
58,2.32,Player_Near,0.18462,144.1,0,right,132.93,
58,2.32,Player_Far,0.10964,283.421,0,left,78.94,
59,2.36,Player_Near,0.13958,74.888,0,right,100.5,
59,2.36,Player_Far,0.11584,298.656,0,left,83.4,
60,2.4,Player_Near,0.0597,41.286,0,right,42.99,
60,2.4,Player_Far,0.0753,134.31,0,left,54.22,
61,2.44,Player_Near,0.11524,28.867,0,right,82.97,
61,2.44,Player_Far,0.0381,101.758,0,left,27.43,
62,2.48,Player_Near,0.33967,381.533,0,left,244.57,
62,2.48,Player_Far,0.03729,67.957,0,left,26.85,
63,2.52,Player_Near,0.48036,700.186,0,left,345.86,
63,2.52,Player_Far,0.04065,76.933,0,left,29.27,
64,2.56,Player_Near,0.61183,420.241,0,left,440.51,
64,2.56,Player_Far,0.05107,22.883,0,left,36.77,
65,2.6,Player_Near,0.31498,281.682,0,left,226.79,
65,2.6,Player_Far,0.00786,0.0,0,right,5.66,
66,2.64,Player_Near,0.37278,149.698,0,left,268.4,
66,2.64,Player_Far,0.00014,0.0,0,right,0.1,
67,2.68,Player_Near,0.25377,115.325,0,left,182.71,
67,2.68,Player_Far,0.00327,0.0,0,right,2.35,
68,2.72,Player_Near,0.20279,43.776,0,left,146.01,
68,2.72,Player_Far,0.00572,0.0,0,right,4.12,
69,2.76,Player_Near,0.22741,17.185,0,left,163.74,
69,2.76,Player_Far,0.00978,24.006,0,left,7.04,
70,2.8,Player_Near,0.04954,36.714,0,left,35.67,
70,2.8,Player_Far,0.01415,37.891,0,left,10.19,
71,2.84,Player_Near,0.0412,32.055,0,left,29.67,
71,2.84,Player_Far,0.02137,27.909,0,left,15.39,
72,2.88,Player_Near,0.09927,28.527,0,left,71.47,
72,2.88,Player_Far,0.00273,2.387,0,left,1.97,
73,2.92,Player_Near,0.01097,105.674,0,left,7.9,
73,2.92,Player_Far,0.0136,31.738,0,left,9.79,
74,2.96,Player_Near,0.09054,32.693,0,right,65.19,
74,2.96,Player_Far,0.0036,3.755,0,left,2.59,
75,3.0,Player_Near,0.06513,86.52,0,right,46.9,
75,3.0,Player_Far,0.01548,39.075,0,left,11.15,
76,3.04,Player_Near,0.30011,110.646,0,right,216.08,
76,3.04,Player_Far,0.01603,23.005,0,left,11.54,
77,3.08,Player_Near,0.0345,419.91,0,right,24.84,
77,3.08,Player_Far,0.0128,14.48,0,left,9.22,
78,3.12,Player_Near,0.08469,171.403,0,right,60.97,
78,3.12,Player_Far,0.01547,23.353,0,left,11.14,
79,3.16,Player_Near,0.16569,359.976,0,right,119.3,
79,3.16,Player_Far,0.0261,4.244,0,left,18.79,
80,3.2,Player_Near,0.03227,6.436,0,right,23.23,
80,3.2,Player_Far,0.01433,39.027,0,left,10.32,
81,3.24,Player_Near,0.13115,87.787,0,right,94.43,
81,3.24,Player_Far,0.03944,32.404,0,left,28.4,
82,3.28,Player_Near,0.00772,111.574,0,right,5.56,
82,3.28,Player_Far,0.00557,16.187,0,left,4.01,
83,3.32,Player_Near,0.20742,58.588,0,left,149.34,
83,3.32,Player_Far,0.00173,4.583,0,left,1.24,
84,3.36,Player_Near,0.35645,3.698,0,left,256.65,
84,3.36,Player_Far,0.00142,5.8,0,left,1.02,
85,3.4,Player_Near,0.58833,47.903,0,left,423.6,
85,3.4,Player_Far,0.02269,26.456,0,left,16.33,
86,3.44,Player_Near,0.79832,101.325,0,left,574.79,
86,3.44,Player_Far,0.00383,4.815,0,left,2.76,
87,3.48,Player_Near,0.92585,50.996,0,right,666.61,
87,3.48,Player_Far,0.00737,9.716,0,left,5.31,
88,3.52,Player_Near,0.53259,7.89,0,right,383.46,
88,3.52,Player_Far,0.03652,7.871,0,left,26.3,
89,3.56,Player_Near,0.84977,279.045,0,right,611.84,
89,3.56,Player_Far,0.02655,19.481,0,left,19.12,
90,3.6,Player_Near,1.48154,323.507,0,right,1066.71,
90,3.6,Player_Far,0.05498,26.13,0,left,39.58,
91,3.64,Player_Near,0.5926,378.592,0,right,426.67,
91,3.64,Player_Far,0.0014,54.883,0,left,1.01,
92,3.68,Player_Near,0.98136,116.049,1,right,706.58,90
92,3.68,Player_Far,0.01127,3.819,0,left,8.12,
93,3.72,Player_Near,1.09407,313.141,0,right,787.73,
93,3.72,Player_Far,0.03007,34.371,0,left,21.65,
94,3.76,Player_Near,0.11079,519.013,0,right,79.77,
94,3.76,Player_Far,0.01534,36.295,0,left,11.04,
95,3.8,Player_Near,0.22686,662.283,0,right,163.34,
95,3.8,Player_Far,0.01929,40.241,0,left,13.89,
96,3.84,Player_Near,0.04183,233.471,0,right,30.12,
96,3.84,Player_Far,0.04093,42.757,0,left,29.47,
97,3.88,Player_Near,0.44501,38.548,0,right,320.41,
97,3.88,Player_Far,0.00709,49.658,0,left,5.11,
98,3.92,Player_Near,0.35169,478.316,0,right,253.22,
98,3.92,Player_Far,0.01775,55.022,0,left,12.78,
99,3.96,Player_Near,0.42179,173.311,0,right,303.69,
99,3.96,Player_Far,0.04193,13.671,0,left,30.19,
100,4.0,Player_Near,0.43963,173.669,0,right,316.53,
100,4.0,Player_Far,0.01965,101.568,0,left,14.15,
101,4.04,Player_Near,0.47,149.571,0,right,338.4,
101,4.04,Player_Far,0.03396,85.798,0,left,24.45,
102,4.08,Player_Near,0.25165,16.867,0,right,181.19,
102,4.08,Player_Far,0.06735,48.382,0,left,48.49,
103,4.12,Player_Near,0.24168,28.836,0,right,174.01,
103,4.12,Player_Far,0.03693,27.168,0,left,26.59,
104,4.16,Player_Near,0.25616,18.876,0,right,184.44,
104,4.16,Player_Far,0.05226,170.208,0,left,37.63,
105,4.2,Player_Near,0.0,0.0,0,right,0.0,
105,4.2,Player_Far,0.04686,16.883,0,left,33.74,
106,4.24,Player_Near,0.0,0.0,0,right,0.0,
106,4.24,Player_Far,0.05513,101.219,0,left,39.69,
107,4.28,Player_Near,0.0,0.0,0,right,0.0,
107,4.28,Player_Far,0.01854,112.313,0,left,13.35,
108,4.32,Player_Near,0.0,0.0,0,right,0.0,
108,4.32,Player_Far,0.02926,72.334,0,left,21.07,
109,4.36,Player_Near,0.0,0.0,0,left,0.0,
109,4.36,Player_Far,0.00609,190.244,0,left,4.38,
110,4.4,Player_Near,0.0,0.0,0,left,0.0,
110,4.4,Player_Far,0.0314,190.314,0,left,22.61,
111,4.44,Player_Near,0.0,0.0,0,none,0.0,
111,4.44,Player_Far,0.01941,35.033,0,left,13.97,
112,4.48,Player_Near,0.0,0.0,0,none,0.0,
112,4.48,Player_Far,0.0067,19.433,0,left,4.82,
113,4.52,Player_Near,0.0,0.0,0,none,0.0,
113,4.52,Player_Far,0.0214,120.467,0,left,15.41,
114,4.56,Player_Near,0.0,0.0,0,none,0.0,
114,4.56,Player_Far,0.06427,183.061,0,left,46.27,
115,4.6,Player_Near,0.0,0.0,0,none,0.0,
115,4.6,Player_Far,0.00261,77.527,0,left,1.88,
116,4.64,Player_Near,0.0,0.0,0,none,0.0,
116,4.64,Player_Far,0.08727,230.998,0,left,62.84,
117,4.68,Player_Near,0.0,0.0,0,none,0.0,
117,4.68,Player_Far,0.06549,27.818,0,left,47.16,
118,4.72,Player_Near,0.0,0.0,0,none,0.0,
118,4.72,Player_Far,0.03967,71.259,0,left,28.56,
119,4.76,Player_Near,0.0,0.0,0,none,0.0,
119,4.76,Player_Far,0.02909,133.218,0,left,20.95,
120,4.8,Player_Near,0.0,0.0,0,none,0.0,
120,4.8,Player_Far,0.00574,25.139,0,left,4.13,
121,4.84,Player_Near,0.0,0.0,0,none,0.0,
121,4.84,Player_Far,0.10024,269.507,0,left,72.17,
122,4.88,Player_Near,0.0,0.0,0,none,0.0,
122,4.88,Player_Far,0.06155,125.398,0,left,44.32,
123,4.92,Player_Near,0.0,0.0,0,none,0.0,
123,4.92,Player_Far,0.05559,135.227,0,left,40.02,
124,4.96,Player_Near,0.0,0.0,0,none,0.0,
124,4.96,Player_Far,0.1133,293.187,0,left,81.58,
125,5.0,Player_Near,0.0,0.0,0,none,0.0,
125,5.0,Player_Far,0.03292,63.491,0,left,23.7,
126,5.04,Player_Near,0.0,0.0,0,none,0.0,
126,5.04,Player_Far,0.02337,44.408,0,left,16.83,
127,5.08,Player_Near,0.0,0.0,0,none,0.0,
127,5.08,Player_Far,0.00698,46.649,0,left,5.03,
128,5.12,Player_Near,0.0,0.0,0,none,0.0,
128,5.12,Player_Far,0.04342,151.573,0,left,31.26,
129,5.16,Player_Near,0.0,0.0,0,none,0.0,
129,5.16,Player_Far,0.00624,118.988,0,left,4.49,
130,5.2,Player_Near,0.0,0.0,0,none,0.0,
130,5.2,Player_Far,0.04468,4.29,0,left,32.17,
131,5.24,Player_Near,0.0,0.0,0,none,0.0,
131,5.24,Player_Far,0.01115,48.021,0,left,8.02,
132,5.28,Player_Near,0.34598,41.676,0,left,249.11,
132,5.28,Player_Far,0.00774,71.754,0,left,5.57,
133,5.32,Player_Near,0.11544,22.199,0,left,83.11,
133,5.32,Player_Far,0.01922,10.217,0,left,13.84,
134,5.36,Player_Near,0.37999,38.006,0,left,273.6,
134,5.36,Player_Far,0.0451,125.519,0,left,32.47,
135,5.4,Player_Near,0.08105,33.377,0,left,58.36,
135,5.4,Player_Far,0.00898,59.949,0,left,6.46,
136,5.44,Player_Near,0.14779,17.792,0,left,106.41,
136,5.44,Player_Far,0.0349,10.113,0,left,25.13,
137,5.48,Player_Near,0.07602,31.012,0,left,54.74,
137,5.48,Player_Far,0.01571,57.042,0,left,11.31,
138,5.52,Player_Near,0.08473,35.669,0,left,61.01,
138,5.52,Player_Far,0.04075,19.698,0,left,29.34,
139,5.56,Player_Near,0.15209,18.429,0,left,109.5,
139,5.56,Player_Far,0.02932,33.376,0,left,21.11,
140,5.6,Player_Near,0.25699,60.854,0,left,185.04,
140,5.6,Player_Far,0.05581,0.0,0,right,40.18,
141,5.64,Player_Near,0.24532,29.634,0,left,176.63,
141,5.64,Player_Far,0.07773,9.494,0,right,55.97,
142,5.68,Player_Near,0.15417,15.783,0,left,111.0,
142,5.68,Player_Far,0.0016,15.561,0,right,1.15,
143,5.72,Player_Near,0.29229,0.579,0,right,210.45,
143,5.72,Player_Far,0.03179,18.218,0,right,22.89,
144,5.76,Player_Near,0.20417,5.376,0,right,147.0,
144,5.76,Player_Far,0.01996,2.238,0,right,14.37,
145,5.8,Player_Near,0.07341,4.836,0,right,52.86,
145,5.8,Player_Far,0.03011,81.146,0,right,21.68,
146,5.84,Player_Near,0.21344,13.931,0,right,153.68,
146,5.84,Player_Far,0.00692,54.922,0,right,4.98,
147,5.88,Player_Near,0.27903,5.206,0,right,200.9,
147,5.88,Player_Far,0.01593,97.471,0,right,11.47,
148,5.92,Player_Near,0.08697,45.528,0,right,62.62,
148,5.92,Player_Far,0.12221,32.615,0,right,87.99,
149,5.96,Player_Near,0.29336,25.811,0,right,211.22,
149,5.96,Player_Far,0.03676,20.208,0,right,26.46,
150,6.0,Player_Near,0.22752,20.951,0,right,163.81,
150,6.0,Player_Far,0.04511,10.671,0,right,32.48,
151,6.04,Player_Near,0.34315,16.564,0,right,247.07,
151,6.04,Player_Far,0.00369,40.787,0,right,2.66,
152,6.08,Player_Near,0.16616,68.138,0,right,119.64,
152,6.08,Player_Far,0.01436,1.578,0,right,10.34,
153,6.12,Player_Near,0.36006,15.783,0,right,259.24,
153,6.12,Player_Far,0.15721,5.784,0,right,113.19,
154,6.16,Player_Near,0.06676,0.936,0,right,48.06,
154,6.16,Player_Far,0.01782,3.958,0,right,12.83,
155,6.2,Player_Near,0.23283,9.896,0,right,167.64,
155,6.2,Player_Far,0.09815,9.144,0,right,70.67,
156,6.24,Player_Near,0.2198,5.861,0,right,158.26,
156,6.24,Player_Far,0.10733,0.0,0,right,77.28,
157,6.28,Player_Near,0.09635,0.963,0,right,69.37,
157,6.28,Player_Far,0.1713,203.455,0,left,123.33,
158,6.32,Player_Near,0.16419,8.566,0,left,118.22,
158,6.32,Player_Far,0.04661,315.193,0,left,33.56,
159,6.36,Player_Near,0.04932,5.324,0,left,35.51,
159,6.36,Player_Far,0.0,0.0,0,left,0.0,
160,6.4,Player_Near,0.22095,6.486,0,right,159.09,
160,6.4,Player_Far,0.0,0.0,0,left,0.0,
161,6.44,Player_Near,0.13357,96.509,0,right,96.17,
161,6.44,Player_Far,0.49976,205.588,0,left,359.83,
162,6.48,Player_Near,0.14346,85.54,0,right,103.29,
162,6.48,Player_Far,0.05227,81.634,0,left,37.64,
163,6.52,Player_Near,0.08312,12.441,0,right,59.85,
163,6.52,Player_Far,0.03452,13.508,0,left,24.86,
164,6.56,Player_Near,0.21038,307.945,0,right,151.47,
164,6.56,Player_Far,0.61463,0.0,0,right,442.53,
165,6.6,Player_Near,0.18477,672.274,0,right,133.04,
165,6.6,Player_Far,0.16288,529.624,0,right,117.27,
166,6.64,Player_Near,0.12521,847.12,0,right,90.15,
166,6.64,Player_Far,0.04384,253.141,0,right,31.56,
167,6.68,Player_Near,0.16236,1429.73,0,right,116.9,
167,6.68,Player_Far,0.07625,42.705,0,right,54.9,
168,6.72,Player_Near,0.10696,0.0,0,right,77.01,
168,6.72,Player_Far,0.12344,60.53,0,right,88.88,
169,6.76,Player_Near,0.20923,3714.563,0,left,150.64,
169,6.76,Player_Far,0.07001,124.449,0,right,50.41,
170,6.8,Player_Near,0.51216,0.0,0,right,368.75,
170,6.8,Player_Far,0.08681,51.652,0,right,62.5,
171,6.84,Player_Near,0.24194,0.0,0,right,174.2,
171,6.84,Player_Far,0.07564,74.429,0,right,54.46,
172,6.88,Player_Near,0.0,0.0,0,right,0.0,
172,6.88,Player_Far,0.03031,90.708,0,right,21.82,
173,6.92,Player_Near,0.0,0.0,0,right,0.0,
173,6.92,Player_Far,0.04562,150.902,0,right,32.84,
174,6.96,Player_Near,1.22417,568.345,0,left,881.4,
174,6.96,Player_Far,0.0711,38.445,0,right,51.19,
175,7.0,Player_Near,0.31734,223.131,0,left,228.49,
175,7.0,Player_Far,0.06436,130.305,0,left,46.34,
176,7.04,Player_Near,0.7169,271.433,1,left,516.17,174
176,7.04,Player_Far,0.03229,20.856,0,left,23.25,
177,7.08,Player_Near,0.46717,100.86,0,left,336.36,
177,7.08,Player_Far,0.02347,77.042,0,left,16.9,
178,7.12,Player_Near,0.23824,73.582,0,left,171.53,
178,7.12,Player_Far,0.02182,50.167,0,left,15.71,
179,7.16,Player_Near,0.18156,51.003,0,left,130.73,
179,7.16,Player_Far,0.017,37.21,0,left,12.24,
180,7.2,Player_Near,0.21876,32.599,0,left,157.5,
180,7.2,Player_Far,0.0287,102.338,0,right,20.66,
181,7.24,Player_Near,0.31957,32.664,0,left,230.09,
181,7.24,Player_Far,0.06945,38.52,0,left,50.01,
182,7.28,Player_Near,0.34903,40.887,0,left,251.3,
182,7.28,Player_Far,0.07769,12.306,0,left,55.94,
183,7.32,Player_Near,0.42785,369.563,0,left,308.05,
183,7.32,Player_Far,0.05201,76.577,0,left,37.45,
184,7.36,Player_Near,0.52191,385.766,0,left,375.78,
184,7.36,Player_Far,0.01884,56.866,0,left,13.57,
185,7.4,Player_Near,0.48817,209.537,0,left,351.48,
185,7.4,Player_Far,0.00493,1.003,0,left,3.55,
186,7.44,Player_Near,0.0,0.0,0,left,0.0,
186,7.44,Player_Far,0.04071,24.151,0,left,29.31,
187,7.48,Player_Near,0.0,0.0,0,left,0.0,
187,7.48,Player_Far,0.01332,1.611,0,left,9.59,
188,7.52,Player_Near,0.66712,86.538,0,right,480.33,
188,7.52,Player_Far,0.00166,30.834,0,left,1.2,
189,7.56,Player_Near,0.55646,88.016,0,right,400.65,
189,7.56,Player_Far,0.01102,9.401,0,left,7.93,
190,7.6,Player_Near,0.09567,17.83,0,right,68.88,
190,7.6,Player_Far,0.05244,160.806,0,right,37.75,
191,7.64,Player_Near,0.19547,977.937,0,right,140.74,
191,7.64,Player_Far,0.05403,0.68,0,right,38.9,
192,7.68,Player_Near,0.03854,1015.813,0,right,27.75,
192,7.68,Player_Far,0.01811,72.446,0,right,13.04,
193,7.72,Player_Near,0.13118,391.861,0,right,94.45,
193,7.72,Player_Far,0.01272,5.058,0,right,9.16,
194,7.76,Player_Near,0.16606,141.099,0,right,119.56,
194,7.76,Player_Far,0.00542,69.428,0,right,3.9,
195,7.8,Player_Near,0.0,0.0,0,right,0.0,
195,7.8,Player_Far,0.02779,42.014,0,right,20.01,
196,7.84,Player_Near,0.0,0.0,0,right,0.0,
196,7.84,Player_Far,0.01714,26.75,0,right,12.34,
197,7.88,Player_Near,0.0,0.0,0,right,0.0,
197,7.88,Player_Far,0.01532,1.851,0,right,11.03,
198,7.92,Player_Near,0.0,0.0,0,right,0.0,
198,7.92,Player_Far,0.03415,161.223,0,right,24.59,
199,7.96,Player_Near,0.0,0.0,0,none,0.0,
199,7.96,Player_Far,0.04401,20.016,0,left,31.69,
200,8.0,Player_Near,0.0,0.0,0,none,0.0,
200,8.0,Player_Far,0.0073,10.024,0,left,5.26,
201,8.04,Player_Near,0.0,0.0,0,none,0.0,
201,8.04,Player_Far,0.0093,30.34,0,left,6.7,
202,8.08,Player_Near,0.0,0.0,0,none,0.0,
202,8.08,Player_Far,0.00638,5.9,0,left,4.59,
203,8.12,Player_Near,0.0,0.0,0,none,0.0,
203,8.12,Player_Far,0.00202,4.401,0,left,1.46,
204,8.16,Player_Near,0.0,0.0,0,none,0.0,
204,8.16,Player_Far,0.01745,8.319,0,right,12.56,
205,8.2,Player_Near,0.0,0.0,0,none,0.0,
205,8.2,Player_Far,0.00712,17.666,0,right,5.13,
206,8.24,Player_Near,0.0,0.0,0,none,0.0,
206,8.24,Player_Far,0.01361,50.044,0,right,9.8,
207,8.28,Player_Near,0.0,0.0,0,none,0.0,
207,8.28,Player_Far,0.01057,9.331,0,right,7.61,
208,8.32,Player_Near,0.0,0.0,0,none,0.0,
208,8.32,Player_Far,0.01696,77.387,0,right,12.21,
209,8.36,Player_Near,0.0,0.0,0,none,0.0,
209,8.36,Player_Far,0.02793,41.999,0,right,20.11,
210,8.4,Player_Near,0.0,0.0,0,none,0.0,
210,8.4,Player_Far,0.01678,37.805,0,right,12.08,
211,8.44,Player_Near,0.0,0.0,0,none,0.0,
211,8.44,Player_Far,0.01717,24.14,0,right,12.36,
212,8.48,Player_Near,0.0,0.0,0,none,0.0,
212,8.48,Player_Far,0.00215,93.298,0,right,1.55,
213,8.52,Player_Near,0.0,0.0,0,none,0.0,
213,8.52,Player_Far,0.03901,41.196,0,right,28.09,
214,8.56,Player_Near,0.0,0.0,0,none,0.0,
214,8.56,Player_Far,0.00801,45.914,0,right,5.77,
215,8.6,Player_Near,0.0,0.0,0,none,0.0,
215,8.6,Player_Far,0.04083,6.047,0,right,29.4,
216,8.64,Player_Near,0.0,0.0,0,none,0.0,
216,8.64,Player_Far,0.0579,60.897,0,left,41.69,
217,8.68,Player_Near,0.0,0.0,0,none,0.0,
217,8.68,Player_Far,0.02009,22.029,0,left,14.46,
218,8.72,Player_Near,0.0,0.0,0,none,0.0,
218,8.72,Player_Far,0.05084,30.77,0,left,36.61,
219,8.76,Player_Near,0.0,0.0,0,none,0.0,
219,8.76,Player_Far,0.04294,57.589,0,left,30.92,
220,8.8,Player_Near,0.0,0.0,0,none,0.0,
220,8.8,Player_Far,0.04267,26.028,0,left,30.72,
221,8.84,Player_Near,0.0,0.0,0,none,0.0,
221,8.84,Player_Far,0.01525,10.45,0,left,10.98,
222,8.88,Player_Near,0.0,0.0,0,none,0.0,
222,8.88,Player_Far,0.00499,22.207,0,left,3.59,
223,8.92,Player_Near,0.61282,42.73,0,left,441.23,
223,8.92,Player_Far,0.00952,7.151,0,right,6.86,
224,8.96,Player_Near,0.05303,66.27,0,left,38.18,
224,8.96,Player_Far,0.01339,48.829,0,right,9.64,
225,9.0,Player_Near,0.29189,109.813,0,left,210.16,
225,9.0,Player_Far,0.01877,22.65,0,right,13.52,
226,9.04,Player_Near,0.0979,137.154,0,left,70.48,
226,9.04,Player_Far,0.00939,26.828,0,left,6.76,
227,9.08,Player_Near,0.08082,543.553,0,left,58.19,
227,9.08,Player_Far,0.01743,4.889,0,left,12.55,
228,9.12,Player_Near,0.16701,2086.521,0,left,120.25,
228,9.12,Player_Far,0.02372,8.104,0,left,17.08,
229,9.16,Player_Near,0.17127,434.764,0,left,123.32,
229,9.16,Player_Far,0.04796,15.255,0,right,34.53,
230,9.2,Player_Near,0.12709,198.197,0,left,91.51,
230,9.2,Player_Far,0.06429,9.811,0,left,46.29,
231,9.24,Player_Near,0.16555,683.208,0,left,119.19,
231,9.24,Player_Far,0.01211,10.111,0,left,8.72,
232,9.28,Player_Near,0.24422,593.352,0,left,175.84,
232,9.28,Player_Far,0.01253,8.785,0,left,9.02,
233,9.32,Player_Near,0.2114,253.164,0,left,152.21,
233,9.32,Player_Far,0.0098,11.322,0,left,7.06,
234,9.36,Player_Near,0.27761,49.746,0,left,199.88,
234,9.36,Player_Far,0.04009,8.137,0,left,28.86,
235,9.4,Player_Near,0.7307,4434.045,0,left,526.1,
235,9.4,Player_Far,0.037,7.483,0,left,26.64,
236,9.44,Player_Near,1.12267,1176.16,0,left,808.32,
236,9.44,Player_Far,0.01844,28.391,0,left,13.28,
237,9.48,Player_Near,0.93358,866.498,0,left,672.18,
237,9.48,Player_Far,0.02858,3.895,0,left,20.58,
238,9.52,Player_Near,0.63766,199.964,0,left,459.11,
238,9.52,Player_Far,0.03244,16.655,0,left,23.36,
239,9.56,Player_Near,0.0,0.0,0,left,0.0,
239,9.56,Player_Far,0.04013,120.558,0,right,28.89,
240,9.6,Player_Near,0.0,0.0,0,left,0.0,
240,9.6,Player_Far,0.07791,176.146,0,left,56.1,
241,9.64,Player_Near,0.42639,13.002,0,left,307.0,
241,9.64,Player_Far,0.0884,169.157,0,left,63.65,
242,9.68,Player_Near,0.32205,115.511,0,left,231.87,
242,9.68,Player_Far,0.06093,94.913,0,left,43.87,
243,9.72,Player_Near,0.54056,29.632,0,left,389.2,
243,9.72,Player_Far,0.03184,75.102,0,left,22.92,
244,9.76,Player_Near,0.27645,9.067,0,left,199.05,
244,9.76,Player_Far,0.04289,62.273,0,left,30.88,
245,9.8,Player_Near,0.22378,8.748,0,left,161.12,
245,9.8,Player_Far,0.04256,52.065,0,left,30.64,
246,9.84,Player_Near,0.18212,6.394,0,left,131.13,
246,9.84,Player_Far,0.03189,47.684,0,left,22.96,
247,9.88,Player_Near,0.25253,7.949,0,left,181.82,
247,9.88,Player_Far,0.00306,20.706,0,right,2.2,
248,9.92,Player_Near,0.27079,16.114,0,right,194.97,
248,9.92,Player_Far,0.00382,1.432,0,right,2.75,
249,9.96,Player_Near,0.11868,45.637,0,right,85.45,
249,9.96,Player_Far,0.01673,90.806,0,right,12.04,
250,10.0,Player_Near,0.26019,126.604,0,right,187.33,
250,10.0,Player_Far,0.01358,49.831,0,left,9.78,
251,10.04,Player_Near,0.08118,135.467,0,right,58.45,
251,10.04,Player_Far,0.06915,132.119,0,left,49.79,
252,10.08,Player_Near,0.13979,219.484,0,right,100.65,
252,10.08,Player_Far,0.05117,90.751,0,left,36.84,
253,10.12,Player_Near,0.31168,185.39,0,right,224.41,
253,10.12,Player_Far,0.03719,70.317,0,left,26.78,
254,10.16,Player_Near,0.30926,80.499,0,right,222.67,
254,10.16,Player_Far,0.02896,57.923,0,left,20.85,
255,10.2,Player_Near,0.64229,53.882,0,right,462.45,
255,10.2,Player_Far,0.01001,45.361,0,left,7.21,
256,10.24,Player_Near,0.29039,485.308,0,right,209.08,
256,10.24,Player_Far,0.05965,30.451,0,left,42.95,
257,10.28,Player_Near,0.20035,485.538,0,right,144.25,
257,10.28,Player_Far,0.02192,32.565,0,left,15.78,
258,10.32,Player_Near,0.0,0.0,0,right,0.0,
258,10.32,Player_Far,0.03376,35.55,0,left,24.31,
259,10.36,Player_Near,0.0,0.0,0,right,0.0,
259,10.36,Player_Far,0.01887,31.633,0,left,13.59,
260,10.4,Player_Near,0.0,0.0,0,right,0.0,
260,10.4,Player_Far,0.0614,5.978,0,left,44.21,
261,10.44,Player_Near,0.0,0.0,0,right,0.0,
261,10.44,Player_Far,0.0151,10.956,0,left,10.87,
262,10.48,Player_Near,0.0,0.0,0,none,0.0,
262,10.48,Player_Far,0.0292,5.259,0,left,21.02,
263,10.52,Player_Near,0.0,0.0,0,none,0.0,
263,10.52,Player_Far,0.01911,11.476,0,left,13.76,
264,10.56,Player_Near,0.0,0.0,0,none,0.0,
264,10.56,Player_Far,0.00952,1.467,0,left,6.85,
265,10.6,Player_Near,0.0,0.0,0,none,0.0,
265,10.6,Player_Far,0.02023,31.743,0,right,14.56,
266,10.64,Player_Near,0.0,0.0,0,none,0.0,
266,10.64,Player_Far,0.01862,34.741,0,right,13.4,
267,10.68,Player_Near,0.0,0.0,0,none,0.0,
267,10.68,Player_Far,0.0377,110.936,0,right,27.14,
268,10.72,Player_Near,0.0,0.0,0,none,0.0,
268,10.72,Player_Far,0.00422,7.619,0,right,3.04,
269,10.76,Player_Near,0.0,0.0,0,none,0.0,
269,10.76,Player_Far,0.05477,64.267,0,right,39.43,
270,10.8,Player_Near,0.0,0.0,0,none,0.0,
270,10.8,Player_Far,0.03047,84.891,0,right,21.94,
271,10.84,Player_Near,0.0,0.0,0,none,0.0,
271,10.84,Player_Far,0.00646,14.722,0,right,4.65,
272,10.88,Player_Near,0.0,0.0,0,none,0.0,
272,10.88,Player_Far,0.02161,52.658,0,right,15.56,
273,10.92,Player_Near,0.0,0.0,0,none,0.0,
273,10.92,Player_Far,0.012,28.408,0,right,8.64,
274,10.96,Player_Near,0.0,0.0,0,none,0.0,
274,10.96,Player_Far,0.01245,26.372,0,right,8.96,
275,11.0,Player_Near,0.0,0.0,0,none,0.0,
275,11.0,Player_Far,0.00589,0.884,0,left,4.24,
276,11.04,Player_Near,0.0,0.0,0,none,0.0,
276,11.04,Player_Far,0.01293,8.182,0,left,9.31,
277,11.08,Player_Near,0.0,0.0,0,none,0.0,
277,11.08,Player_Far,0.0064,12.906,0,right,4.61,
278,11.12,Player_Near,0.0,0.0,0,none,0.0,
278,11.12,Player_Far,0.03094,16.295,0,right,22.27,
279,11.16,Player_Near,0.0,0.0,0,none,0.0,
279,11.16,Player_Far,0.01505,29.589,0,right,10.83,
280,11.2,Player_Near,0.0,0.0,0,none,0.0,
280,11.2,Player_Far,0.03755,18.833,0,right,27.04,
281,11.24,Player_Near,0.0,0.0,0,none,0.0,
281,11.24,Player_Far,0.03595,39.966,0,right,25.89,
282,11.28,Player_Near,0.0,0.0,0,none,0.0,
282,11.28,Player_Far,0.00912,0.0,0,right,6.57,
283,11.32,Player_Near,0.0,0.0,0,none,0.0,
283,11.32,Player_Far,0.0083,0.0,0,right,5.98,
284,11.36,Player_Near,0.0,0.0,0,none,0.0,
284,11.36,Player_Far,0.02192,12.039,0,right,15.79,
285,11.4,Player_Near,0.0,0.0,0,none,0.0,
285,11.4,Player_Far,0.02424,32.319,0,left,17.45,
286,11.44,Player_Near,0.0,0.0,0,none,0.0,
286,11.44,Player_Far,0.03287,3.407,0,left,23.67,
287,11.48,Player_Near,0.0,0.0,0,none,0.0,
287,11.48,Player_Far,0.00334,13.405,0,left,2.4,
288,11.52,Player_Near,0.0,0.0,0,none,0.0,
288,11.52,Player_Far,0.0435,0.0,0,right,31.32,
289,11.56,Player_Near,0.0,0.0,0,none,0.0,
289,11.56,Player_Far,0.01003,0.0,0,right,7.22,
290,11.6,Player_Near,0.0,0.0,0,none,0.0,
290,11.6,Player_Far,0.02696,0.0,0,right,19.41,
291,11.64,Player_Near,0.0,0.0,0,none,0.0,
291,11.64,Player_Far,0.0,0.0,0,right,0.0,
292,11.68,Player_Near,0.0,0.0,0,none,0.0,
292,11.68,Player_Far,0.0,0.0,0,right,0.0,
293,11.72,Player_Near,0.0,0.0,0,none,0.0,
293,11.72,Player_Far,0.03155,3.377,0,left,22.72,
294,11.76,Player_Near,0.0,0.0,0,none,0.0,
294,11.76,Player_Far,0.05012,39.296,0,left,36.09,
295,11.8,Player_Near,0.0,0.0,0,none,0.0,
295,11.8,Player_Far,0.00736,50.897,0,left,5.3,
296,11.84,Player_Near,0.0,0.0,0,none,0.0,
296,11.84,Player_Far,0.0074,27.882,0,left,5.33,
297,11.88,Player_Near,0.0,0.0,0,none,0.0,
297,11.88,Player_Far,0.07291,8.758,0,left,52.49,
298,11.92,Player_Near,0.0,0.0,0,none,0.0,
298,11.92,Player_Far,0.04402,2.89,0,left,31.69,
299,11.96,Player_Near,0.0,0.0,0,none,0.0,
299,11.96,Player_Far,0.03048,5.219,0,left,21.94,
300,12.0,Player_Near,0.11156,46.107,0,left,80.32,
300,12.0,Player_Far,0.00732,0.35,0,left,5.27,
301,12.04,Player_Near,0.16536,19.264,0,left,119.06,
301,12.04,Player_Far,0.04202,1.729,0,left,30.25,
302,12.08,Player_Near,0.09619,19.457,0,left,69.26,
302,12.08,Player_Far,0.04022,0.0,0,right,28.96,
303,12.12,Player_Near,0.14772,16.427,0,left,106.36,
303,12.12,Player_Far,0.00644,0.0,0,right,4.64,
304,12.16,Player_Near,0.17712,79.071,0,left,127.53,
304,12.16,Player_Far,0.02939,0.0,0,right,21.16,
305,12.2,Player_Near,0.33377,101.05,0,left,240.31,
305,12.2,Player_Far,0.03281,0.0,0,right,23.62,
306,12.24,Player_Near,0.28561,34.545,0,left,205.64,
306,12.24,Player_Far,0.00483,0.0,0,right,3.48,
307,12.28,Player_Near,0.11373,45.316,0,left,81.89,
307,12.28,Player_Far,0.02995,2.583,0,left,21.56,
308,12.32,Player_Near,0.05578,378.464,0,left,40.16,
308,12.32,Player_Far,0.07826,0.0,0,right,56.35,
309,12.36,Player_Near,0.06003,496.063,0,left,43.22,
309,12.36,Player_Far,0.05722,0.0,0,right,41.2,
310,12.4,Player_Near,0.04562,404.879,0,left,32.85,
310,12.4,Player_Far,0.0,0.0,0,right,0.0,
311,12.44,Player_Near,0.12452,307.25,0,left,89.65,
311,12.44,Player_Far,0.0,0.0,0,right,0.0,
312,12.48,Player_Near,0.23298,173.307,0,left,167.74,
312,12.48,Player_Far,0.01508,0.0,0,right,10.86,
313,12.52,Player_Near,0.28489,238.138,0,left,205.12,
313,12.52,Player_Far,0.04226,0.0,0,right,30.43,
314,12.56,Player_Near,0.40994,289.563,0,left,295.16,
314,12.56,Player_Far,0.00765,12.917,0,left,5.51,
315,12.6,Player_Near,0.21574,236.468,0,left,155.33,
315,12.6,Player_Far,0.0,0.0,0,right,0.0,
316,12.64,Player_Near,0.82957,2959.963,0,left,597.29,
316,12.64,Player_Far,0.05057,0.0,0,right,36.41,
317,12.68,Player_Near,0.51645,450.243,0,left,371.84,
317,12.68,Player_Far,0.03172,0.0,0,right,22.84,
318,12.72,Player_Near,0.15045,398.132,0,left,108.32,
318,12.72,Player_Far,0.04393,0.0,0,right,31.63,
319,12.76,Player_Near,0.09117,54.091,0,left,65.64,
319,12.76,Player_Far,0.04824,18.869,0,right,34.74,
320,12.8,Player_Near,0.12187,83.252,0,left,87.74,
320,12.8,Player_Far,0.01018,16.206,0,right,7.33,
321,12.84,Player_Near,0.11493,33.675,0,left,82.75,
321,12.84,Player_Far,0.02074,20.848,0,right,14.93,
322,12.88,Player_Near,0.13571,41.398,0,left,97.71,
322,12.88,Player_Far,0.03868,66.762,0,right,27.85,
323,12.92,Player_Near,0.21597,297.889,0,left,155.5,
323,12.92,Player_Far,0.00892,23.907,0,right,6.42,
324,12.96,Player_Near,0.24346,56.697,0,left,175.29,
324,12.96,Player_Far,0.07277,32.172,0,right,52.39,
325,13.0,Player_Near,0.41072,120.99,0,left,295.72,
325,13.0,Player_Far,0.01966,20.659,0,right,14.15,
326,13.04,Player_Near,0.0271,132.182,0,left,19.52,
326,13.04,Player_Far,0.03505,5.988,0,right,25.24,
327,13.08,Player_Near,0.0,0.0,0,left,0.0,
327,13.08,Player_Far,0.03464,41.975,0,right,24.94,
328,13.12,Player_Near,0.74464,20.925,0,right,536.14,
328,13.12,Player_Far,0.04957,61.259,0,right,35.69,
329,13.16,Player_Near,0.04738,75.118,0,right,34.11,
329,13.16,Player_Far,0.01824,70.716,0,right,13.13,
330,13.2,Player_Near,0.09546,12.79,0,right,68.73,
330,13.2,Player_Far,0.05449,33.908,0,right,39.23,
331,13.24,Player_Near,0.14381,1.187,0,right,103.54,
331,13.24,Player_Far,0.01497,6.39,0,right,10.78,
332,13.28,Player_Near,0.1,14.655,0,right,72.0,
332,13.28,Player_Far,0.01548,53.315,0,right,11.15,
333,13.32,Player_Near,0.1379,10.644,0,right,99.29,
333,13.32,Player_Far,0.03514,82.186,0,right,25.3,
334,13.36,Player_Near,0.10495,114.2,0,right,75.56,
334,13.36,Player_Far,0.01347,33.616,0,right,9.7,
335,13.4,Player_Near,0.17818,11.42,0,right,128.29,
335,13.4,Player_Far,0.01468,26.635,0,right,10.57,
336,13.44,Player_Near,0.0,0.0,0,right,0.0,
336,13.44,Player_Far,0.04748,99.214,0,right,34.19,
337,13.48,Player_Near,0.0,0.0,0,right,0.0,
337,13.48,Player_Far,0.01068,39.519,0,right,7.69,
338,13.52,Player_Near,0.0,0.0,0,right,0.0,
338,13.52,Player_Far,0.00528,12.169,0,right,3.8,
339,13.56,Player_Near,0.0,0.0,0,right,0.0,
339,13.56,Player_Far,0.03177,131.214,0,right,22.87,
340,13.6,Player_Near,0.0,0.0,0,none,0.0,
340,13.6,Player_Far,0.01101,104.027,0,right,7.93,
341,13.64,Player_Near,0.0,0.0,0,none,0.0,
341,13.64,Player_Far,0.00335,2.372,0,right,2.41,
342,13.68,Player_Near,0.0,0.0,0,none,0.0,
342,13.68,Player_Far,0.02679,51.454,0,right,19.29,
343,13.72,Player_Near,0.0,0.0,0,none,0.0,
343,13.72,Player_Far,0.03027,163.473,0,right,21.79,
344,13.76,Player_Near,0.0,0.0,0,none,0.0,
344,13.76,Player_Far,0.04766,2.468,0,left,34.31,
345,13.8,Player_Near,0.0,0.0,0,none,0.0,
345,13.8,Player_Far,0.00898,0.629,0,left,6.47,
346,13.84,Player_Near,0.0,0.0,0,none,0.0,
346,13.84,Player_Far,0.03413,16.595,0,left,24.58,
347,13.88,Player_Near,0.0,0.0,0,none,0.0,
347,13.88,Player_Far,0.04028,6.251,0,left,29.0,
348,13.92,Player_Near,0.0,0.0,0,none,0.0,
348,13.92,Player_Far,0.00488,2.299,0,left,3.51,
349,13.96,Player_Near,0.0,0.0,0,none,0.0,
349,13.96,Player_Far,0.00749,5.819,0,left,5.39,
350,14.0,Player_Near,0.0,0.0,0,none,0.0,
350,14.0,Player_Far,0.0712,1.12,0,left,51.26,
351,14.04,Player_Near,0.0,0.0,0,none,0.0,
351,14.04,Player_Far,0.00769,1.937,0,left,5.53,
352,14.08,Player_Near,0.0,0.0,0,none,0.0,
352,14.08,Player_Far,0.01034,7.561,0,left,7.44,
353,14.12,Player_Near,0.0,0.0,0,none,0.0,
353,14.12,Player_Far,0.00902,3.526,0,left,6.49,
354,14.16,Player_Near,0.0,0.0,0,none,0.0,
354,14.16,Player_Far,0.00629,7.223,0,left,4.53,
355,14.2,Player_Near,0.0,0.0,0,none,0.0,
355,14.2,Player_Far,0.00987,19.372,0,right,7.11,
356,14.24,Player_Near,0.0,0.0,0,none,0.0,
356,14.24,Player_Far,0.07233,4.277,0,right,52.08,
357,14.28,Player_Near,0.0,0.0,0,none,0.0,
357,14.28,Player_Far,0.00567,7.458,0,right,4.08,
358,14.32,Player_Near,0.0,0.0,0,none,0.0,
358,14.32,Player_Far,0.04244,126.887,0,right,30.56,
359,14.36,Player_Near,0.24135,148.883,0,left,173.77,
359,14.36,Player_Far,0.03223,49.653,0,right,23.2,
360,14.4,Player_Near,0.40681,137.411,0,left,292.9,
360,14.4,Player_Far,0.03776,3.883,0,right,27.18,
361,14.44,Player_Near,0.16025,42.941,0,left,115.38,
361,14.44,Player_Far,0.08777,110.066,0,right,63.19,
362,14.48,Player_Near,0.04329,99.001,0,left,31.17,
362,14.48,Player_Far,0.0504,112.819,0,right,36.29,
363,14.52,Player_Near,0.02677,60.323,0,left,19.27,
363,14.52,Player_Far,0.06408,7.611,0,right,46.14,
364,14.56,Player_Near,0.30409,46.905,0,left,218.94,
364,14.56,Player_Far,0.03032,8.154,0,right,21.83,
365,14.6,Player_Near,0.25721,60.987,0,left,185.19,
365,14.6,Player_Far,0.03739,30.905,0,right,26.92,
366,14.64,Player_Near,0.16533,18.287,0,left,119.04,
366,14.64,Player_Far,0.00663,2.657,0,left,4.77,
367,14.68,Player_Near,0.05386,12.908,0,left,38.78,
367,14.68,Player_Far,0.00395,0.275,0,left,2.84,
368,14.72,Player_Near,0.12451,88.957,0,left,89.65,
368,14.72,Player_Far,0.00579,0.531,0,left,4.17,
369,14.76,Player_Near,0.15704,253.55,0,left,113.07,
369,14.76,Player_Far,0.00238,0.42,0,left,1.72,
370,14.8,Player_Near,0.20589,526.811,0,left,148.24,
370,14.8,Player_Far,0.03574,100.43,0,right,25.73,
371,14.84,Player_Near,0.06761,227.54,0,left,48.68,
371,14.84,Player_Far,0.00279,68.846,0,right,2.01,
372,14.88,Player_Near,0.34655,21.164,0,left,249.52,
372,14.88,Player_Far,0.00477,16.778,0,right,3.44,
373,14.92,Player_Near,0.42608,114.316,0,left,306.78,
373,14.92,Player_Far,0.03776,2.169,0,left,27.18,
374,14.96,Player_Near,0.16794,90.143,0,left,120.91,
374,14.96,Player_Far,0.00148,3.357,0,left,1.07,
375,15.0,Player_Near,0.63083,2106.646,0,left,454.2,
375,15.0,Player_Far,0.0077,4.365,0,left,5.54,
376,15.04,Player_Near,0.70689,840.865,0,left,508.96,
376,15.04,Player_Far,0.0046,5.215,0,left,3.32,
377,15.08,Player_Near,1.25458,360.187,0,left,903.3,
377,15.08,Player_Far,0.0022,4.632,0,left,1.58,
378,15.12,Player_Near,0.28186,179.36,0,left,202.94,
378,15.12,Player_Far,0.00474,11.312,0,right,3.41,
379,15.16,Player_Near,0.51496,69.579,1,left,370.77,377
379,15.16,Player_Far,0.03283,2.805,0,left,23.64,
380,15.2,Player_Near,0.12753,75.256,0,left,91.82,
380,15.2,Player_Far,0.04178,11.039,0,right,30.08,
381,15.24,Player_Near,0.43226,43.458,0,left,311.23,
381,15.24,Player_Far,0.00243,1.752,0,right,1.75,
382,15.28,Player_Near,0.05419,185.481,0,left,39.02,
382,15.28,Player_Far,0.01326,1.495,0,right,9.54,
383,15.32,Player_Near,0.13483,255.693,0,left,97.08,
383,15.32,Player_Far,0.03685,17.988,0,right,26.53,
384,15.36,Player_Near,0.26558,4.888,0,left,191.22,
384,15.36,Player_Far,0.01917,19.771,0,right,13.8,
385,15.4,Player_Near,0.25385,83.826,0,left,182.77,
385,15.4,Player_Far,0.007,10.776,0,right,5.04,
386,15.44,Player_Near,0.36734,168.804,0,left,264.48,
386,15.44,Player_Far,0.01156,1.042,0,right,8.32,
387,15.48,Player_Near,0.34868,57.703,0,left,251.05,
387,15.48,Player_Far,0.0026,4.83,0,right,1.87,
388,15.52,Player_Near,0.0,0.0,0,left,0.0,
388,15.52,Player_Far,0.00654,0.332,0,right,4.71,
389,15.56,Player_Near,0.0,0.0,0,left,0.0,
389,15.56,Player_Far,0.00945,20.04,0,right,6.8,
390,15.6,Player_Near,0.0,0.0,0,left,0.0,
390,15.6,Player_Far,0.02879,2.814,0,right,20.73,
391,15.64,Player_Near,0.0,0.0,0,left,0.0,
391,15.64,Player_Far,0.04178,7.308,0,right,30.08,
392,15.68,Player_Near,0.0,0.0,0,none,0.0,
392,15.68,Player_Far,0.00718,30.213,0,right,5.17,
393,15.72,Player_Near,0.0,0.0,0,none,0.0,
393,15.72,Player_Far,0.03385,6.909,0,right,24.37,
394,15.76,Player_Near,0.0,0.0,0,none,0.0,
394,15.76,Player_Far,0.05937,5.179,0,left,42.74,
395,15.8,Player_Near,0.0,0.0,0,none,0.0,
395,15.8,Player_Far,0.01335,4.724,0,left,9.61,
396,15.84,Player_Near,0.0,0.0,0,none,0.0,
396,15.84,Player_Far,0.01416,18.124,0,left,10.2,
397,15.88,Player_Near,0.0,0.0,0,none,0.0,
397,15.88,Player_Far,0.07205,2.012,0,left,51.88,
398,15.92,Player_Near,0.0,0.0,0,none,0.0,
398,15.92,Player_Far,0.06456,12.572,0,left,46.48,
399,15.96,Player_Near,0.0,0.0,0,none,0.0,
399,15.96,Player_Far,0.01066,11.59,0,left,7.68,
400,16.0,Player_Near,0.0,0.0,0,none,0.0,
400,16.0,Player_Far,0.00628,2.963,0,left,4.52,
401,16.04,Player_Near,0.0,0.0,0,none,0.0,
401,16.04,Player_Far,0.01144,3.15,0,left,8.23,
402,16.08,Player_Near,0.0,0.0,0,none,0.0,
402,16.08,Player_Far,0.01083,1.738,0,left,7.8,
403,16.12,Player_Near,0.0,0.0,0,none,0.0,
403,16.12,Player_Far,0.01795,18.223,0,right,12.92,
404,16.16,Player_Near,0.0,0.0,0,none,0.0,
404,16.16,Player_Far,0.01101,0.578,0,right,7.92,
405,16.2,Player_Near,0.0,0.0,0,none,0.0,
405,16.2,Player_Far,0.03383,122.432,0,right,24.36,
406,16.24,Player_Near,0.0,0.0,0,none,0.0,
406,16.24,Player_Far,0.01746,63.922,0,right,12.57,
407,16.28,Player_Near,0.0,0.0,0,none,0.0,
407,16.28,Player_Far,0.02034,40.88,0,right,14.65,
408,16.32,Player_Near,0.0,0.0,0,none,0.0,
408,16.32,Player_Far,0.00938,14.129,0,right,6.75,
409,16.36,Player_Near,0.0,0.0,0,none,0.0,
409,16.36,Player_Far,0.0468,3.048,0,left,33.7,
410,16.4,Player_Near,0.0,0.0,0,none,0.0,
410,16.4,Player_Far,0.00479,0.931,0,left,3.45,
411,16.44,Player_Near,0.0,0.0,0,none,0.0,
411,16.44,Player_Far,0.06437,28.914,0,right,46.35,
412,16.48,Player_Near,0.0,0.0,0,none,0.0,
412,16.48,Player_Far,0.00347,7.914,0,right,2.5,
413,16.52,Player_Near,0.0,0.0,0,none,0.0,
413,16.52,Player_Far,0.00309,18.954,0,right,2.22,
414,16.56,Player_Near,0.0,0.0,0,none,0.0,
414,16.56,Player_Far,0.01541,20.223,0,right,11.09,
415,16.6,Player_Near,0.0,0.0,0,none,0.0,
415,16.6,Player_Far,0.03992,14.953,0,right,28.74,
416,16.64,Player_Near,0.0,0.0,0,none,0.0,
416,16.64,Player_Far,0.00353,12.73,0,right,2.54,
417,16.68,Player_Near,0.0,0.0,0,none,0.0,
417,16.68,Player_Far,0.04025,13.325,0,left,28.98,
418,16.72,Player_Near,0.26307,143.039,0,right,189.41,
418,16.72,Player_Far,0.00499,1.435,0,left,3.59,
419,16.76,Player_Near,0.27149,100.11,0,right,195.47,
419,16.76,Player_Far,0.005,11.675,0,left,3.6,
420,16.8,Player_Near,0.43443,50.036,0,right,312.79,
420,16.8,Player_Far,0.05485,20.093,0,right,39.5,
421,16.84,Player_Near,0.45529,40.19,0,right,327.81,
421,16.84,Player_Far,0.01268,54.485,0,right,9.13,
422,16.88,Player_Near,0.63574,6.569,0,right,457.73,
422,16.88,Player_Far,0.03206,21.804,0,right,23.08,
423,16.92,Player_Near,0.62335,77.878,0,right,448.81,
423,16.92,Player_Far,0.01462,66.52,0,right,10.53,
424,16.96,Player_Near,0.53409,481.284,0,right,384.55,
424,16.96,Player_Far,0.02991,5.371,0,right,21.53,
425,17.0,Player_Near,0.31326,947.407,0,right,225.55,
425,17.0,Player_Far,0.04301,27.788,0,right,30.97,
426,17.04,Player_Near,0.11575,24.176,0,right,83.34,
426,17.04,Player_Far,0.00737,25.667,0,right,5.3,
427,17.08,Player_Near,0.32311,529.166,0,right,232.64,
427,17.08,Player_Far,0.02674,37.549,0,right,19.25,
428,17.12,Player_Near,0.03873,206.922,0,right,27.89,
428,17.12,Player_Far,0.03702,0.438,0,right,26.65,
429,17.16,Player_Near,0.0,0.0,0,left,0.0,
429,17.16,Player_Far,0.00421,15.449,0,right,3.03,
430,17.2,Player_Near,0.0,0.0,0,left,0.0,
430,17.2,Player_Far,0.03263,1.795,0,right,23.5,
431,17.24,Player_Near,0.66007,1529.061,0,right,475.25,
431,17.24,Player_Far,0.06337,1.728,0,left,45.63,
432,17.28,Player_Near,0.78198,67.6,0,right,563.02,
432,17.28,Player_Far,0.00707,8.669,0,left,5.09,
433,17.32,Player_Near,0.64707,159.705,0,right,465.89,
433,17.32,Player_Far,0.02003,31.205,0,left,14.42,
434,17.36,Player_Near,0.35745,61.772,0,right,257.36,
434,17.36,Player_Far,0.02022,23.321,0,left,14.56,
435,17.4,Player_Near,0.38038,466.467,0,right,273.87,
435,17.4,Player_Far,0.01464,10.877,0,left,10.54,
436,17.44,Player_Near,0.40994,3207.954,0,right,295.15,
436,17.44,Player_Far,0.06994,3.084,0,left,50.36,
437,17.48,Player_Near,0.6057,913.429,0,right,436.1,
437,17.48,Player_Far,0.00434,0.078,0,left,3.13,
438,17.52,Player_Near,0.33524,289.53,0,right,241.37,
438,17.52,Player_Far,0.00219,0.914,0,left,1.58,
439,17.56,Player_Near,0.73886,36.479,0,right,531.98,
439,17.56,Player_Far,0.00624,13.181,0,left,4.49,
440,17.6,Player_Near,0.91291,31.587,0,left,657.3,
440,17.6,Player_Far,0.03096,36.761,0,left,22.29,
441,17.64,Player_Near,0.44874,3.049,0,left,323.1,
441,17.64,Player_Far,0.04427,3.486,0,left,31.88,
442,17.68,Player_Near,0.20341,12.525,0,left,146.45,
442,17.68,Player_Far,0.02809,7.726,0,left,20.23,
443,17.72,Player_Near,0.0637,61.609,0,left,45.86,
443,17.72,Player_Far,0.0471,1.448,0,left,33.91,
444,17.76,Player_Near,0.08375,13.103,0,left,60.3,
444,17.76,Player_Far,0.00773,6.115,0,left,5.57,
445,17.8,Player_Near,0.39162,37.215,0,left,281.96,
445,17.8,Player_Far,0.03297,3.748,0,left,23.74,
446,17.84,Player_Near,0.11274,62.246,0,left,81.17,
446,17.84,Player_Far,0.00948,0.891,0,left,6.83,
447,17.88,Player_Near,0.28127,4.712,0,left,202.51,
447,17.88,Player_Far,0.00676,4.705,0,left,4.86,
448,17.92,Player_Near,0.61404,232.848,0,right,442.11,
448,17.92,Player_Far,0.04011,1.379,0,left,28.88,
449,17.96,Player_Near,0.6447,26.516,0,right,464.18,
449,17.96,Player_Far,0.00571,8.207,0,left,4.11,
450,18.0,Player_Near,0.1852,101.819,0,right,133.34,
450,18.0,Player_Far,0.0311,4.88,0,left,22.39,
451,18.04,Player_Near,0.62462,1.419,0,right,449.73,
451,18.04,Player_Far,0.03891,1.591,0,left,28.02,
452,18.08,Player_Near,1.11952,47.689,0,left,806.05,
452,18.08,Player_Far,0.04853,18.303,0,right,34.94,
453,18.12,Player_Near,0.24172,48.418,0,left,174.04,
453,18.12,Player_Far,0.03798,31.529,0,right,27.35,
454,18.16,Player_Near,0.02971,50.274,0,left,21.39,
454,18.16,Player_Far,0.02417,55.467,0,right,17.4,
455,18.2,Player_Near,0.18431,55.525,0,left,132.7,
455,18.2,Player_Far,0.03711,50.801,0,right,26.72,
456,18.24,Player_Near,0.2353,35.427,0,left,169.42,
456,18.24,Player_Far,0.0424,30.439,0,right,30.53,
457,18.28,Player_Near,0.13288,129.211,0,left,95.68,
457,18.28,Player_Far,0.0073,4.107,0,right,5.26,
458,18.32,Player_Near,0.24753,69.643,0,left,178.22,
458,18.32,Player_Far,0.01995,9.096,0,right,14.37,
459,18.36,Player_Near,0.29298,213.513,0,left,210.95,
459,18.36,Player_Far,0.02301,83.679,0,right,16.57,
460,18.4,Player_Near,0.52956,137.021,0,left,381.28,
460,18.4,Player_Far,0.00819,53.848,0,right,5.9,
461,18.44,Player_Near,0.73449,101.196,0,left,528.83,
461,18.44,Player_Far,0.00988,4.404,0,left,7.12,
462,18.48,Player_Near,0.15297,94.561,0,left,110.14,
462,18.48,Player_Far,0.00407,7.461,0,left,2.93,
463,18.52,Player_Near,0.14496,38.155,0,left,104.37,
463,18.52,Player_Far,0.02659,2.588,0,left,19.15,
464,18.56,Player_Near,0.05819,86.628,0,left,41.9,
464,18.56,Player_Far,0.00522,4.37,0,left,3.76,
465,18.6,Player_Near,0.05587,136.017,0,left,40.22,
465,18.6,Player_Far,0.02683,7.766,0,left,19.32,
466,18.64,Player_Near,0.16749,175.322,0,left,120.59,
466,18.64,Player_Far,0.00711,4.459,0,left,5.12,
467,18.68,Player_Near,0.40441,102.915,0,left,291.17,
467,18.68,Player_Far,0.00685,0.411,0,left,4.93,
468,18.72,Player_Near,0.59794,3.547,0,left,430.51,
468,18.72,Player_Far,0.04429,6.967,0,right,31.89,
469,18.76,Player_Near,0.39856,209.794,0,left,286.96,
469,18.76,Player_Far,0.01058,32.499,0,right,7.62,
470,18.8,Player_Near,0.0,0.0,0,left,0.0,
470,18.8,Player_Far,0.04237,44.717,0,right,30.5,
471,18.84,Player_Near,0.0,0.0,0,left,0.0,
471,18.84,Player_Far,0.07643,7.02,0,left,55.03,
472,18.88,Player_Near,0.0,0.0,0,left,0.0,
472,18.88,Player_Far,0.03221,7.363,0,left,23.19,
473,18.92,Player_Near,0.0,0.0,0,left,0.0,
473,18.92,Player_Far,0.00439,2.205,0,left,3.16,
474,18.96,Player_Near,0.0,0.0,0,none,0.0,
474,18.96,Player_Far,0.03599,0.595,0,left,25.91,
475,19.0,Player_Near,0.0,0.0,0,none,0.0,
475,19.0,Player_Far,0.00401,0.834,0,left,2.88,
476,19.04,Player_Near,0.0,0.0,0,none,0.0,
476,19.04,Player_Far,0.01443,16.236,0,right,10.39,
477,19.08,Player_Near,0.0,0.0,0,none,0.0,
477,19.08,Player_Far,0.02443,57.519,0,right,17.59,
478,19.12,Player_Near,0.0,0.0,0,none,0.0,
478,19.12,Player_Far,0.02385,17.646,0,right,17.17,
479,19.16,Player_Near,0.0,0.0,0,none,0.0,
479,19.16,Player_Far,0.00038,4.441,0,left,0.27,
480,19.2,Player_Near,0.0,0.0,0,none,0.0,
480,19.2,Player_Far,0.04362,25.475,0,right,31.4,
481,19.24,Player_Near,0.0,0.0,0,none,0.0,
481,19.24,Player_Far,0.03386,6.645,0,right,24.38,
482,19.28,Player_Near,0.0,0.0,0,none,0.0,
482,19.28,Player_Far,0.00385,0.659,0,right,2.77,
483,19.32,Player_Near,0.0,0.0,0,none,0.0,
483,19.32,Player_Far,0.01418,13.193,0,right,10.21,
484,19.36,Player_Near,0.0,0.0,0,none,0.0,
484,19.36,Player_Far,0.0076,9.329,0,right,5.47,
485,19.4,Player_Near,0.0,0.0,0,none,0.0,
485,19.4,Player_Far,0.00047,2.851,0,left,0.34,
486,19.44,Player_Near,0.0,0.0,0,none,0.0,
486,19.44,Player_Far,0.01313,2.282,0,right,9.46,
487,19.48,Player_Near,0.0,0.0,0,none,0.0,
487,19.48,Player_Far,0.01219,7.146,0,right,8.78,
488,19.52,Player_Near,0.16752,46.658,0,left,120.61,
488,19.52,Player_Far,0.00191,5.956,0,right,1.38,
489,19.56,Player_Near,0.42795,3.208,0,left,308.12,
489,19.56,Player_Far,0.01271,19.678,0,right,9.15,
490,19.6,Player_Near,0.18383,1.164,0,left,132.36,
490,19.6,Player_Far,0.00293,1.514,0,right,2.11,
491,19.64,Player_Near,0.08354,24.324,0,left,60.15,
491,19.64,Player_Far,0.02775,0.285,0,left,19.98,
492,19.68,Player_Near,0.03914,38.089,0,left,28.18,
492,19.68,Player_Far,0.00286,1.702,0,left,2.06,
493,19.72,Player_Near,0.0433,4.431,0,left,31.18,
493,19.72,Player_Far,0.27998,7.786,0,right,201.58,
494,19.76,Player_Near,0.08254,37.759,0,left,59.43,
494,19.76,Player_Far,0.29826,15.47,0,right,214.74,
495,19.8,Player_Near,0.10566,61.897,0,left,76.08,
495,19.8,Player_Far,0.03412,50.547,0,right,24.57,
496,19.84,Player_Near,0.32928,191.727,0,left,237.08,
496,19.84,Player_Far,0.00937,16.182,0,right,6.75,
497,19.88,Player_Near,0.19884,7.527,0,left,143.16,
497,19.88,Player_Far,0.0048,8.498,0,right,3.45,
498,19.92,Player_Near,0.03176,141.183,0,left,22.86,
498,19.92,Player_Far,0.3234,29.199,0,right,232.85,
499,19.96,Player_Near,0.06497,343.181,0,left,46.78,
499,19.96,Player_Far,0.06399,60.852,0,right,46.07,
500,20.0,Player_Near,0.15739,310.669,0,left,113.32,
500,20.0,Player_Far,0.28657,73.932,0,right,206.33,
501,20.04,Player_Near,0.03702,47.507,0,left,26.65,
501,20.04,Player_Far,0.29529,53.327,0,right,212.61,
502,20.08,Player_Near,0.13013,52.856,0,left,93.7,
502,20.08,Player_Far,0.0115,45.86,0,right,8.28,
503,20.12,Player_Near,0.37729,32.299,0,left,271.65,
503,20.12,Player_Far,0.03754,25.34,0,left,27.03,
504,20.16,Player_Near,0.21534,369.473,0,left,155.05,
504,20.16,Player_Far,17.97711,2843.864,0,right,12943.52,
505,20.2,Player_Near,0.87977,128.753,0,left,633.43,
505,20.2,Player_Far,18.52485,3379.89,0,right,13337.89,
506,20.24,Player_Near,0.74019,553.979,0,left,532.94,
506,20.24,Player_Far,0.13032,139.558,0,right,93.83,
507,20.28,Player_Near,0.47585,201.228,0,left,342.61,
507,20.28,Player_Far,0.08336,85.729,1,right,60.02,505
508,20.32,Player_Near,0.10357,3978.436,0,left,74.57,
508,20.32,Player_Far,0.06357,278.437,0,right,45.77,
509,20.36,Player_Near,0.4866,127.999,0,left,350.36,
509,20.36,Player_Far,0.03866,134.849,0,right,27.83,
510,20.4,Player_Near,0.32252,74.25,0,left,232.22,
510,20.4,Player_Far,0.0522,27.841,0,left,37.59,
511,20.44,Player_Near,0.4172,100.054,0,left,300.38,
511,20.44,Player_Far,0.05773,57.62,0,left,41.57,
512,20.48,Player_Near,0.16091,249.631,0,left,115.85,
512,20.48,Player_Far,0.01586,36.734,0,left,11.42,
513,20.52,Player_Near,0.33136,193.583,0,left,238.58,
513,20.52,Player_Far,0.03476,110.759,0,right,25.03,
514,20.56,Player_Near,0.22546,46.538,0,left,162.33,
514,20.56,Player_Far,0.05376,10.166,0,right,38.71,
515,20.6,Player_Near,0.17101,104.753,0,left,123.12,
515,20.6,Player_Far,0.04127,28.815,0,right,29.71,
516,20.64,Player_Near,0.0,0.0,0,left,0.0,
516,20.64,Player_Far,0.02681,41.286,0,left,19.31,
517,20.68,Player_Near,0.0,0.0,0,left,0.0,
517,20.68,Player_Far,0.01612,14.404,0,left,11.6,
518,20.72,Player_Near,0.0,0.0,0,left,0.0,
518,20.72,Player_Far,0.02157,64.831,0,left,15.53,
519,20.76,Player_Near,0.0,0.0,0,left,0.0,
519,20.76,Player_Far,0.0116,10.128,0,right,8.35,
520,20.8,Player_Near,0.0,0.0,0,none,0.0,
520,20.8,Player_Far,0.04475,12.034,0,right,32.22,
521,20.84,Player_Near,0.23527,247.717,0,left,169.4,
521,20.84,Player_Far,0.03941,40.208,0,right,28.38,
522,20.88,Player_Near,0.0,0.0,0,left,0.0,
522,20.88,Player_Far,0.0354,59.629,0,right,25.49,
523,20.92,Player_Near,0.0,0.0,0,left,0.0,
523,20.92,Player_Far,0.02498,34.319,0,right,17.99,
524,20.96,Player_Near,0.0,0.0,0,left,0.0,
524,20.96,Player_Far,0.02752,57.41,0,right,19.81,
525,21.0,Player_Near,0.0,0.0,0,left,0.0,
525,21.0,Player_Far,0.03,23.925,0,right,21.6,
526,21.04,Player_Near,0.0,0.0,0,none,0.0,
526,21.04,Player_Far,0.06681,55.213,0,right,48.11,
527,21.08,Player_Near,0.0,0.0,0,none,0.0,
527,21.08,Player_Far,0.02506,32.111,0,right,18.04,
528,21.12,Player_Near,0.0,0.0,0,none,0.0,
528,21.12,Player_Far,0.02444,28.045,0,right,17.6,
529,21.16,Player_Near,0.0,0.0,0,none,0.0,
529,21.16,Player_Far,0.01893,86.533,0,right,13.63,
530,21.2,Player_Near,0.0,0.0,0,none,0.0,
530,21.2,Player_Far,0.01978,32.48,0,right,14.24,
531,21.24,Player_Near,0.0,0.0,0,none,0.0,
531,21.24,Player_Far,0.02822,52.67,0,right,20.32,
532,21.28,Player_Near,0.0,0.0,0,none,0.0,
532,21.28,Player_Far,0.01155,8.316,0,right,8.31,
533,21.32,Player_Near,0.0,0.0,0,none,0.0,
533,21.32,Player_Far,0.00578,27.249,0,right,4.16,
534,21.36,Player_Near,0.0,0.0,0,none,0.0,
534,21.36,Player_Far,0.02482,39.341,0,right,17.87,
535,21.4,Player_Near,0.0,0.0,0,none,0.0,
535,21.4,Player_Far,0.02454,44.921,0,right,17.67,
536,21.44,Player_Near,0.0,0.0,0,none,0.0,
536,21.44,Player_Far,0.00772,40.795,0,right,5.56,
537,21.48,Player_Near,0.0,0.0,0,none,0.0,
537,21.48,Player_Far,0.02315,47.609,0,right,16.67,
538,21.52,Player_Near,0.0,0.0,0,none,0.0,
538,21.52,Player_Far,0.04348,3.279,0,left,31.3,
539,21.56,Player_Near,0.0,0.0,0,none,0.0,
539,21.56,Player_Far,0.01234,8.385,0,left,8.89,
540,21.6,Player_Near,0.0,0.0,0,none,0.0,
540,21.6,Player_Far,0.00593,11.194,0,left,4.27,
541,21.64,Player_Near,0.0,0.0,0,none,0.0,
541,21.64,Player_Far,0.0198,39.836,0,left,14.26,
542,21.68,Player_Near,0.06917,468.874,0,right,49.8,
542,21.68,Player_Far,0.04404,72.86,0,right,31.71,
543,21.72,Player_Near,0.02579,222.151,0,right,18.57,
543,21.72,Player_Far,0.02702,28.661,0,right,19.46,
544,21.76,Player_Near,0.1775,6.64,0,right,127.8,
544,21.76,Player_Far,0.08079,2.194,0,right,58.17,
545,21.8,Player_Near,0.1086,23.746,0,right,78.19,
545,21.8,Player_Far,0.02506,62.769,0,right,18.04,
546,21.84,Player_Near,0.14272,47.877,0,right,102.76,
546,21.84,Player_Far,0.07662,162.284,0,right,55.16,
547,21.88,Player_Near,0.12289,47.674,0,right,88.48,
547,21.88,Player_Far,0.0471,2.073,0,right,33.91,
548,21.92,Player_Near,0.1408,1.629,0,right,101.37,
548,21.92,Player_Far,0.08979,188.935,0,right,64.65,
549,21.96,Player_Near,0.07534,29.761,0,right,54.25,
549,21.96,Player_Far,0.0634,29.941,0,right,45.65,
550,22.0,Player_Near,0.0768,18.99,0,right,55.29,
550,22.0,Player_Far,0.1696,17.232,0,left,122.11,
551,22.04,Player_Near,0.0425,13.082,0,right,30.6,
551,22.04,Player_Far,0.06939,265.123,0,left,49.96,
552,22.08,Player_Near,0.01625,54.793,0,right,11.7,
552,22.08,Player_Far,0.0504,81.626,0,left,36.29,
553,22.12,Player_Near,0.0227,63.411,0,right,16.34,
553,22.12,Player_Far,0.012,43.243,0,left,8.64,
554,22.16,Player_Near,0.05656,60.714,0,right,40.73,
554,22.16,Player_Far,0.02285,6.565,0,left,16.45,
555,22.2,Player_Near,0.04815,78.026,0,right,34.67,
555,22.2,Player_Far,0.02007,196.892,0,right,14.45,
556,22.24,Player_Near,0.12453,87.233,0,right,89.66,
556,22.24,Player_Far,0.0164,191.341,0,right,11.81,
557,22.28,Player_Near,0.07967,36.719,0,right,57.37,
557,22.28,Player_Far,0.06242,109.05,0,left,44.94,
558,22.32,Player_Near,0.16887,63.747,0,right,121.59,
558,22.32,Player_Far,0.06235,16.064,0,left,44.89,
559,22.36,Player_Near,0.20728,24.612,0,right,149.24,
559,22.36,Player_Far,0.01881,64.862,0,left,13.54,
560,22.4,Player_Near,0.09657,83.874,0,right,69.53,
560,22.4,Player_Far,0.03532,62.249,0,left,25.43,
561,22.44,Player_Near,0.18152,40.067,0,right,130.69,
561,22.44,Player_Far,0.04432,21.846,0,left,31.91,
562,22.48,Player_Near,0.03808,49.469,0,right,27.41,
562,22.48,Player_Far,0.03608,15.797,0,left,25.98,
563,22.52,Player_Near,0.05461,24.123,0,right,39.32,
563,22.52,Player_Far,0.13135,154.721,0,right,94.57,
564,22.56,Player_Near,0.13865,58.635,0,right,99.83,
564,22.56,Player_Far,0.03032,175.494,0,right,21.83,
565,22.6,Player_Near,0.02549,23.458,0,right,18.36,
565,22.6,Player_Far,0.04428,29.149,0,right,31.88,
566,22.64,Player_Near,0.03545,25.197,0,right,25.52,
566,22.64,Player_Far,0.04678,2.251,0,right,33.68,
567,22.68,Player_Near,0.02506,45.739,0,right,18.04,
567,22.68,Player_Far,0.03588,6.029,0,right,25.83,
568,22.72,Player_Near,0.10075,11.508,0,right,72.54,
568,22.72,Player_Far,0.01895,33.44,0,left,13.64,
569,22.76,Player_Near,0.09706,50.674,0,right,69.89,
569,22.76,Player_Far,0.06007,117.059,0,right,43.25,
570,22.8,Player_Near,0.18666,59.166,0,right,134.39,
570,22.8,Player_Far,0.03132,88.191,0,right,22.55,
571,22.84,Player_Near,0.04382,145.357,0,right,31.55,
571,22.84,Player_Far,0.02458,24.693,0,right,17.7,
572,22.88,Player_Near,0.17805,83.198,0,right,128.2,
572,22.88,Player_Far,0.04626,15.616,0,right,33.31,
573,22.92,Player_Near,0.09987,3.379,0,right,71.91,
573,22.92,Player_Far,0.03171,15.029,0,right,22.83,
574,22.96,Player_Near,0.04193,54.113,0,right,30.19,
574,22.96,Player_Far,0.04467,41.393,0,right,32.16,
575,23.0,Player_Near,0.06906,85.068,0,right,49.72,
575,23.0,Player_Far,0.07755,2.537,0,right,55.84,
576,23.04,Player_Near,0.05554,107.344,0,right,39.99,
576,23.04,Player_Far,0.07589,74.447,0,right,54.64,
577,23.08,Player_Near,0.06315,65.684,0,right,45.47,
577,23.08,Player_Far,0.07347,72.082,0,right,52.9,
578,23.12,Player_Near,0.04941,38.913,0,right,35.57,
578,23.12,Player_Far,0.06475,50.407,0,right,46.62,
579,23.16,Player_Near,0.0529,92.047,0,right,38.09,
579,23.16,Player_Far,0.02382,20.013,0,right,17.15,
580,23.2,Player_Near,0.02685,1.439,0,right,19.33,
580,23.2,Player_Far,0.02453,42.3,0,right,17.66,
581,23.24,Player_Near,0.05839,60.537,0,right,42.04,
581,23.24,Player_Far,0.0191,7.024,0,right,13.75,
582,23.28,Player_Near,0.06479,25.499,0,right,46.65,
582,23.28,Player_Far,0.01598,21.119,0,right,11.51,
583,23.32,Player_Near,0.08808,65.457,0,right,63.42,
583,23.32,Player_Far,0.0325,83.463,0,right,23.4,
584,23.36,Player_Near,0.19129,37.141,0,right,137.73,
584,23.36,Player_Far,0.04856,0.0,0,right,34.96,
585,23.4,Player_Near,0.13055,8.005,0,right,93.99,
585,23.4,Player_Far,0.09903,0.0,0,right,71.3,
586,23.44,Player_Near,0.22108,27.681,0,right,159.18,
586,23.44,Player_Far,0.0,0.0,0,right,0.0,
587,23.48,Player_Near,0.05254,19.014,0,right,37.83,
587,23.48,Player_Far,0.0,0.0,0,right,0.0,
588,23.52,Player_Near,0.08094,67.298,0,right,58.27,
588,23.52,Player_Far,0.0,0.0,0,right,0.0,
589,23.56,Player_Near,0.07711,16.849,0,right,55.52,
589,23.56,Player_Far,0.0,0.0,0,right,0.0,
590,23.6,Player_Near,0.05858,32.307,0,right,42.18,
590,23.6,Player_Far,0.0427,43.649,0,left,30.75,
591,23.64,Player_Near,0.07609,31.397,0,right,54.78,
591,23.64,Player_Far,0.04789,16.04,0,left,34.48,
592,23.68,Player_Near,0.11303,35.56,0,right,81.38,
592,23.68,Player_Far,0.0622,72.654,0,left,44.78,
593,23.72,Player_Near,0.07075,23.472,0,right,50.94,
593,23.72,Player_Far,0.0279,7.568,0,left,20.09,
594,23.76,Player_Near,0.10313,34.464,0,right,74.26,
594,23.76,Player_Far,0.0401,3.645,0,left,28.88,
595,23.8,Player_Near,0.07003,70.961,0,right,50.43,
595,23.8,Player_Far,0.02483,10.596,0,left,17.88,
596,23.84,Player_Near,11.00858,101.356,0,right,7926.18,
597,23.88,Player_Near,1.86777,1628.836,0,right,1344.79,
598,23.92,Player_Near,0.6794,766.003,1,right,489.17,596
599,23.96,Player_Near,1.13461,1220.561,0,right,816.92,
599,23.96,Player_Far,0.0,0.0,0,left,0.0,
600,24.0,Player_Near,1.14155,436.047,0,right,821.91,
600,24.0,Player_Far,0.0,0.0,0,left,0.0,
601,24.04,Player_Near,2.57482,3783.436,0,right,1853.87,
602,24.08,Player_Near,1.77483,2605.759,0,right,1277.88,
603,24.12,Player_Near,5.3272,3062.018,0,right,3835.58,
604,24.16,Player_Near,7.72016,65.5,0,right,5558.51,
605,24.2,Player_Near,3.04486,40.605,0,right,2192.3,
606,24.24,Player_Near,1.25538,68.743,1,right,903.87,604
607,24.28,Player_Near,2.8213,13.61,0,right,2031.34,
608,24.32,Player_Near,0.52664,7.138,0,right,379.18,
609,24.36,Player_Near,5.46024,3645.915,0,left,3931.37,
610,24.4,Player_Near,2.86322,215.157,0,left,2061.52,
611,24.44,Player_Near,2.3609,324.894,1,left,1699.85,609
612,24.48,Player_Near,1.51141,148.479,0,left,1088.21,
613,24.52,Player_Near,1.05,232.898,0,left,756.0,
614,24.56,Player_Near,2.47594,81.231,1,right,1782.68,612
615,24.6,Player_Near,0.70221,133.33,0,right,505.59,
616,24.64,Player_Near,0.98739,103.825,1,right,710.92,614
617,24.68,Player_Near,0.40014,78.704,0,right,288.1,
618,24.72,Player_Near,0.76249,5.513,0,right,548.99,
619,24.76,Player_Near,4.45252,861.857,0,right,3205.81,
620,24.8,Player_Near,2.03411,375.011,0,right,1464.56,
621,24.84,Player_Near,2.00207,512.607,1,right,1441.49,619
622,24.88,Player_Near,6.44353,1050.767,0,right,4639.34,
623,24.92,Player_Near,3.79844,338.377,0,right,2734.88,
623,24.92,Player_Far,12.14405,1029.847,0,left,8743.71,
624,24.96,Player_Near,0.9768,118.539,1,right,703.29,622
624,24.96,Player_Far,0.0,0.0,0,left,0.0,
625,25.0,Player_Near,15.62084,2445.808,0,right,11247.0,
625,25.0,Player_Far,0.0,0.0,1,left,0.0,623
626,25.04,Player_Far,0.89027,0.046,0,left,640.99,
627,25.08,Player_Far,0.39471,0.079,0,left,284.19,
628,25.12,Player_Far,0.22011,0.018,0,left,158.48,
629,25.16,Player_Far,2.78271,1.228,0,left,2003.55,
630,25.2,Player_Far,3.20924,4.274,0,left,2310.66,
631,25.24,Player_Far,0.29852,9.738,0,left,214.93,
632,25.28,Player_Near,14.25387,2337.612,0,right,10262.79,
632,25.28,Player_Far,0.0,0.0,1,left,0.0,630
633,25.32,Player_Near,14.05735,2698.809,0,right,10121.29,
633,25.32,Player_Far,0.0,0.0,0,left,0.0,
634,25.36,Player_Near,5.52843,322.698,0,right,3980.47,
634,25.36,Player_Far,0.0,0.0,0,left,0.0,
635,25.4,Player_Near,1.72983,74.768,0,right,1245.48,
635,25.4,Player_Far,0.0,0.0,0,left,0.0,
636,25.44,Player_Near,0.88624,69.029,0,right,638.09,
636,25.44,Player_Far,0.0,0.0,0,none,0.0,
637,25.48,Player_Near,0.78485,38.819,0,right,565.09,
637,25.48,Player_Far,0.0,0.0,0,none,0.0,
638,25.52,Player_Near,1.10622,0.273,0,right,796.48,
638,25.52,Player_Far,0.0,0.0,0,none,0.0,
639,25.56,Player_Near,1.79884,9.856,0,right,1295.17,
639,25.56,Player_Far,0.0,0.0,0,none,0.0,
640,25.6,Player_Near,0.7357,37.434,0,right,529.7,
640,25.6,Player_Far,0.0,0.0,0,none,0.0,
641,25.64,Player_Near,13.84554,2707.501,0,right,9968.79,
641,25.64,Player_Far,0.0,0.0,0,none,0.0,
642,25.68,Player_Far,1.77069,14.233,0,right,1274.9,
643,25.72,Player_Near,5.32607,1775.598,0,right,3834.77,
643,25.72,Player_Far,19.73669,752.665,0,right,14210.41,
644,25.76,Player_Near,22.01761,4323.352,0,right,15852.68,
644,25.76,Player_Far,0.0,0.0,0,right,0.0,
645,25.8,Player_Near,2.96266,19.165,0,right,2133.12,
645,25.8,Player_Far,0.0,0.0,1,right,0.0,643
646,25.84,Player_Near,0.0,0.0,1,right,0.0,644
646,25.84,Player_Far,0.0,0.0,0,right,0.0,
647,25.88,Player_Near,0.0,0.0,0,right,0.0,
647,25.88,Player_Far,0.0,0.0,0,right,0.0,
648,25.92,Player_Near,0.10493,1.294,0,right,75.55,
648,25.92,Player_Far,0.00291,0.178,0,left,2.1,
649,25.96,Player_Near,0.11848,56.669,0,left,85.3,
649,25.96,Player_Far,0.00501,0.776,0,right,3.61,
650,26.0,Player_Near,0.1061,145.693,0,left,76.39,
650,26.0,Player_Far,0.00678,18.67,0,right,4.88,
651,26.04,Player_Near,0.17192,274.41,0,left,123.78,
651,26.04,Player_Far,0.01829,4.071,0,right,13.17,
652,26.08,Player_Near,0.19297,283.099,0,left,138.94,
652,26.08,Player_Far,0.00376,4.588,0,right,2.7,
653,26.12,Player_Near,0.19601,143.373,0,left,141.13,
653,26.12,Player_Far,0.0329,1.014,0,left,23.69,
654,26.16,Player_Near,0.20254,203.101,0,left,145.83,
654,26.16,Player_Far,0.03763,2.794,0,left,27.1,
655,26.2,Player_Near,0.1398,100.118,0,left,100.66,
655,26.2,Player_Far,0.03407,1.256,0,left,24.53,
656,26.24,Player_Near,0.24585,159.411,0,left,177.01,
656,26.24,Player_Far,0.00226,1.522,0,left,1.63,
657,26.28,Player_Near,0.23666,236.427,0,left,170.4,
657,26.28,Player_Far,0.00128,0.685,0,left,0.92,
658,26.32,Player_Near,0.25564,122.485,0,right,184.06,
658,26.32,Player_Far,0.01548,13.248,0,left,11.14,
659,26.36,Player_Near,0.15108,102.307,0,right,108.78,
659,26.36,Player_Far,0.00053,0.137,0,left,0.38,
660,26.4,Player_Near,0.14361,27.866,0,right,103.4,
660,26.4,Player_Far,0.01303,8.53,0,right,9.38,
661,26.44,Player_Near,0.16548,71.323,0,right,119.14,
661,26.44,Player_Far,0.03445,1.298,0,left,24.8,
662,26.48,Player_Near,0.12606,33.258,0,right,90.76,
662,26.48,Player_Far,0.00542,5.641,0,left,3.9,
663,26.52,Player_Near,0.06089,39.764,0,right,43.84,
663,26.52,Player_Far,0.00017,1.611,0,left,0.12,
664,26.56,Player_Near,0.00769,46.723,0,right,5.54,
664,26.56,Player_Far,0.00017,0.531,0,left,0.12,
665,26.6,Player_Near,0.32595,314.584,0,left,234.68,
665,26.6,Player_Far,0.00043,0.769,0,left,0.31,
666,26.64,Player_Near,0.47068,453.747,0,left,338.89,
666,26.64,Player_Far,0.00415,14.308,0,right,2.98,
667,26.68,Player_Near,0.50301,342.696,0,left,362.17,
667,26.68,Player_Far,0.00114,2.776,0,right,0.82,
668,26.72,Player_Near,0.46298,219.64,0,left,333.35,
668,26.72,Player_Far,0.00052,2.285,0,right,0.37,
669,26.76,Player_Near,0.34129,162.24,0,left,245.73,
669,26.76,Player_Far,0.01205,30.387,0,right,8.68,
670,26.8,Player_Near,0.19057,96.132,0,left,137.21,
670,26.8,Player_Far,0.00527,13.108,0,right,3.79,
671,26.84,Player_Near,0.03223,175.202,0,left,23.2,
671,26.84,Player_Far,0.00789,17.423,0,right,5.68,
672,26.88,Player_Near,0.30285,55.324,0,left,218.05,
672,26.88,Player_Far,0.04702,3.546,0,left,33.85,
673,26.92,Player_Near,0.36951,350.863,0,right,266.05,
673,26.92,Player_Far,0.03073,3.884,0,left,22.13,
674,26.96,Player_Near,0.15472,38.656,0,right,111.4,
674,26.96,Player_Far,0.03651,4.19,0,left,26.29,
675,27.0,Player_Near,0.50724,36.603,0,left,365.21,
675,27.0,Player_Far,0.0338,0.623,0,left,24.34,
676,27.04,Player_Near,0.29499,25.736,0,left,212.39,
676,27.04,Player_Far,0.05169,41.906,0,right,37.22,
677,27.08,Player_Near,0.08898,44.291,0,left,64.07,
677,27.08,Player_Far,0.03104,0.014,0,right,22.35,
678,27.12,Player_Near,0.13389,96.706,0,left,96.4,
678,27.12,Player_Far,0.00114,1.146,0,right,0.82,
679,27.16,Player_Near,0.11802,216.038,0,left,84.98,
679,27.16,Player_Far,0.00053,2.438,0,right,0.38,
680,27.2,Player_Near,0.04026,137.122,0,left,28.99,
680,27.2,Player_Far,0.01478,42.462,0,right,10.64,
681,27.24,Player_Near,0.11453,47.748,0,right,82.46,
681,27.24,Player_Far,0.03446,0.786,0,left,24.81,
682,27.28,Player_Near,0.23712,111.715,0,left,170.73,
682,27.28,Player_Far,0.03262,0.483,0,left,23.49,
683,27.32,Player_Near,0.09439,26.154,0,left,67.96,
683,27.32,Player_Far,0.03472,1.409,0,left,25.0,
684,27.36,Player_Near,0.60375,53.09,0,left,434.7,
684,27.36,Player_Far,0.03484,0.198,0,left,25.08,
685,27.4,Player_Near,0.2061,127.935,0,left,148.4,
685,27.4,Player_Far,0.00133,1.635,0,left,0.96,
686,27.44,Player_Near,0.37957,17.706,0,left,273.29,
686,27.44,Player_Far,0.00648,4.469,0,left,4.67,
687,27.48,Player_Near,0.32629,416.721,0,left,234.93,
687,27.48,Player_Far,0.06672,0.169,0,left,48.04,
688,27.52,Player_Near,0.37361,143.23,0,left,269.0,
688,27.52,Player_Far,0.00124,0.591,0,left,0.89,
689,27.56,Player_Near,0.19834,0.0,0,left,142.8,
689,27.56,Player_Far,0.0599,1.824,0,left,43.13,
690,27.6,Player_Near,0.31552,0.0,0,left,227.17,
690,27.6,Player_Far,0.00652,0.076,0,left,4.69,
691,27.64,Player_Near,0.27646,0.0,0,left,199.05,
691,27.64,Player_Far,0.10922,1.447,0,left,78.64,
692,27.68,Player_Near,1.32597,359.797,0,right,954.7,
692,27.68,Player_Far,0.10323,0.338,0,left,74.33,
693,27.72,Player_Near,0.97948,272.412,0,right,705.23,
693,27.72,Player_Far,0.10906,4.462,0,left,78.52,
694,27.76,Player_Near,0.2808,79.544,1,right,202.18,692
694,27.76,Player_Far,0.03172,2.854,0,left,22.84,
695,27.8,Player_Near,1.6044,701.106,0,right,1155.17,
695,27.8,Player_Far,0.00233,1.67,0,left,1.68,
696,27.84,Player_Near,0.32021,391.394,0,right,230.55,
696,27.84,Player_Far,0.0046,5.032,0,left,3.31,
697,27.88,Player_Near,0.44944,329.481,1,right,323.6,695
697,27.88,Player_Far,0.03457,4.019,0,left,24.89,
698,27.92,Player_Near,0.19,765.709,0,right,136.8,
698,27.92,Player_Far,0.0014,3.972,0,left,1.01,
699,27.96,Player_Near,0.35297,1220.036,0,right,254.14,
699,27.96,Player_Far,0.03962,126.028,0,right,28.53,
700,28.0,Player_Near,0.5226,130.35,0,right,376.27,
700,28.0,Player_Far,0.10486,5.639,0,right,75.5,
701,28.04,Player_Near,0.1501,98.576,0,right,108.07,
701,28.04,Player_Far,0.00571,0.261,0,right,4.11,
702,28.08,Player_Near,0.43181,32.494,0,right,310.9,
702,28.08,Player_Far,0.01466,19.991,0,right,10.56,
703,28.12,Player_Near,0.24902,385.65,0,right,179.29,
703,28.12,Player_Far,0.02681,81.139,0,right,19.3,
704,28.16,Player_Near,0.48306,227.669,0,right,347.81,
704,28.16,Player_Far,0.0771,5.124,0,right,55.51,
705,28.2,Player_Near,0.4131,278.999,0,right,297.44,
705,28.2,Player_Far,0.00197,3.389,0,left,1.42,
706,28.24,Player_Near,0.16865,87.069,0,right,121.43,
706,28.24,Player_Far,0.06954,3.718,0,left,50.07,
707,28.28,Player_Near,0.05403,416.256,0,right,38.9,
707,28.28,Player_Far,0.01046,0.344,0,left,7.53,
708,28.32,Player_Near,1.07845,26.592,0,right,776.49,
708,28.32,Player_Far,0.01361,4.396,0,left,9.8,
709,28.36,Player_Near,0.0,0.0,0,right,0.0,
709,28.36,Player_Far,0.04033,67.012,0,right,29.04,
710,28.4,Player_Near,0.0,0.0,0,right,0.0,
710,28.4,Player_Far,0.00547,19.344,0,right,3.94,
711,28.44,Player_Near,0.0,0.0,0,right,0.0,
711,28.44,Player_Far,0.01675,71.753,0,right,12.06,
712,28.48,Player_Near,0.0,0.0,0,right,0.0,
712,28.48,Player_Far,0.0193,50.578,0,right,13.9,
713,28.52,Player_Near,0.19081,12.699,0,left,137.39,
713,28.52,Player_Far,0.10823,0.03,0,left,77.92,
714,28.56,Player_Near,0.0,0.0,0,left,0.0,
714,28.56,Player_Far,0.00194,0.655,0,left,1.4,
715,28.6,Player_Near,0.0,0.0,0,left,0.0,
715,28.6,Player_Far,0.00209,1.145,0,left,1.51,
716,28.64,Player_Near,0.0,0.0,0,left,0.0,
716,28.64,Player_Far,0.0034,0.615,0,left,2.45,
717,28.68,Player_Near,0.0,0.0,0,left,0.0,
717,28.68,Player_Far,0.00082,0.001,0,left,0.59,
718,28.72,Player_Near,0.0,0.0,0,none,0.0,
718,28.72,Player_Far,0.11064,85.78,0,right,79.66,
719,28.76,Player_Near,0.0,0.0,0,none,0.0,
719,28.76,Player_Far,0.0064,2.036,0,right,4.61,
720,28.8,Player_Near,0.0,0.0,0,none,0.0,
720,28.8,Player_Far,0.00789,14.093,0,right,5.68,
721,28.84,Player_Near,0.0,0.0,0,none,0.0,
721,28.84,Player_Far,0.03117,27.299,0,right,22.44,
722,28.88,Player_Near,0.0,0.0,0,none,0.0,
722,28.88,Player_Far,0.04324,2.012,0,right,31.13,
723,28.92,Player_Near,0.0,0.0,0,none,0.0,
723,28.92,Player_Far,0.00813,32.338,0,right,5.85,
724,28.96,Player_Near,0.0,0.0,0,none,0.0,
724,28.96,Player_Far,0.03357,0.934,0,right,24.17,
725,29.0,Player_Near,0.52847,589.112,0,left,380.5,
725,29.0,Player_Far,0.00353,3.847,0,right,2.54,
726,29.04,Player_Near,0.09814,2511.178,0,left,70.66,
726,29.04,Player_Far,0.06296,13.432,0,left,45.33,
727,29.08,Player_Near,0.31282,194.764,0,left,225.23,
727,29.08,Player_Far,0.13659,12.787,0,left,98.35,
728,29.12,Player_Near,0.29021,64.622,0,left,208.95,
728,29.12,Player_Far,0.03745,2.434,0,left,26.96,
729,29.16,Player_Near,0.24954,185.41,0,left,179.67,
729,29.16,Player_Far,0.02759,6.164,0,left,19.86,
730,29.2,Player_Near,0.06724,1276.68,0,left,48.41,
730,29.2,Player_Far,0.03097,16.22,0,left,22.3,
731,29.24,Player_Near,0.03516,1093.755,0,left,25.32,
731,29.24,Player_Far,0.03611,17.937,0,left,26.0,
732,29.28,Player_Near,0.03603,72.122,0,left,25.94,
732,29.28,Player_Far,0.00408,9.831,0,left,2.94,
733,29.32,Player_Near,0.07516,619.568,0,left,54.12,
733,29.32,Player_Far,0.0009,8.144,0,left,0.65,
734,29.36,Player_Near,0.21529,387.213,0,left,155.01,
734,29.36,Player_Far,0.00646,0.619,0,left,4.65,
735,29.4,Player_Near,0.44993,524.898,0,left,323.95,
735,29.4,Player_Far,0.00154,5.371,0,left,1.11,
736,29.44,Player_Near,0.21085,202.441,0,left,151.81,
736,29.44,Player_Far,0.0,0.0,0,right,0.0,
737,29.48,Player_Near,0.51983,770.975,0,left,374.28,
737,29.48,Player_Far,0.0,0.0,0,right,0.0,
738,29.52,Player_Near,0.40066,2748.092,0,left,288.47,
738,29.52,Player_Far,0.0,0.0,0,right,0.0,
739,29.56,Player_Near,0.32054,536.27,0,left,230.79,
739,29.56,Player_Far,0.0,0.0,0,right,0.0,
740,29.6,Player_Near,0.18475,216.059,0,left,133.02,
740,29.6,Player_Far,0.0354,0.259,0,left,25.49,
741,29.64,Player_Near,0.19658,107.684,0,left,141.53,
741,29.64,Player_Far,0.02857,1.719,0,left,20.57,
742,29.68,Player_Near,0.0836,178.467,0,left,60.19,
742,29.68,Player_Far,0.03612,5.76,0,left,26.0,
743,29.72,Player_Near,0.03291,177.722,0,left,23.7,
743,29.72,Player_Far,0.03563,2.03,0,left,25.65,
744,29.76,Player_Near,0.11686,59.551,0,left,84.14,
744,29.76,Player_Far,0.00088,1.87,0,left,0.63,
745,29.8,Player_Near,0.0095,134.05,0,left,6.84,
745,29.8,Player_Far,0.00082,2.358,0,left,0.59,
746,29.84,Player_Near,0.06506,73.067,0,left,46.84,
746,29.84,Player_Far,0.0005,1.499,0,left,0.36,
747,29.88,Player_Near,0.0606,73.054,0,left,43.63,
747,29.88,Player_Far,0.00079,2.05,0,left,0.57,
748,29.92,Player_Near,0.1799,104.109,0,left,129.53,
748,29.92,Player_Far,0.02916,4.592,0,left,20.99,
749,29.96,Player_Near,0.0,0.0,0,left,0.0,
749,29.96,Player_Far,0.03133,23.201,0,right,22.55,
750,30.0,Player_Near,0.0,0.0,0,left,0.0,
750,30.0,Player_Far,0.00737,21.81,0,right,5.31,
751,30.04,Player_Near,0.0,0.0,0,left,0.0,
751,30.04,Player_Far,0.06279,4.473,0,left,45.21,
752,30.08,Player_Near,0.0,0.0,0,left,0.0,
752,30.08,Player_Far,0.03542,4.351,0,left,25.51,
753,30.12,Player_Near,0.0,0.0,0,none,0.0,
753,30.12,Player_Far,0.00685,11.15,0,left,4.93,
754,30.16,Player_Near,0.0,0.0,0,none,0.0,
754,30.16,Player_Far,0.01448,12.574,0,left,10.43,
755,30.2,Player_Near,0.0,0.0,0,none,0.0,
755,30.2,Player_Far,0.00631,11.261,0,left,4.55,
756,30.24,Player_Near,0.0,0.0,0,none,0.0,
756,30.24,Player_Far,0.01641,51.7,0,right,11.81,
757,30.28,Player_Near,0.0,0.0,0,none,0.0,
757,30.28,Player_Far,0.01131,41.482,0,right,8.14,
758,30.32,Player_Near,0.0,0.0,0,none,0.0,
758,30.32,Player_Far,0.01012,23.061,0,right,7.29,
759,30.36,Player_Near,0.0,0.0,0,none,0.0,
759,30.36,Player_Far,0.0678,0.897,0,left,48.82,
760,30.4,Player_Near,0.0,0.0,0,none,0.0,
760,30.4,Player_Far,0.00176,0.213,0,left,1.27,
761,30.44,Player_Near,0.0,0.0,0,none,0.0,
761,30.44,Player_Far,0.06187,12.135,0,left,44.55,
762,30.48,Player_Near,0.0,0.0,0,none,0.0,
762,30.48,Player_Far,0.06942,1.883,0,right,49.98,
763,30.52,Player_Near,0.0,0.0,0,none,0.0,
763,30.52,Player_Far,0.05876,37.858,0,right,42.31,
764,30.56,Player_Near,0.0,0.0,0,none,0.0,
764,30.56,Player_Far,0.01564,72.348,0,right,11.26,
765,30.6,Player_Near,0.0,0.0,0,none,0.0,
765,30.6,Player_Far,0.05699,43.944,0,right,41.03,
766,30.64,Player_Near,0.0,0.0,0,none,0.0,
766,30.64,Player_Far,0.0482,4.144,0,right,34.7,
767,30.68,Player_Near,0.0,0.0,0,none,0.0,
767,30.68,Player_Far,0.00274,1.156,0,right,1.97,
768,30.72,Player_Near,0.0,0.0,0,none,0.0,
768,30.72,Player_Far,0.00349,12.0,0,right,2.51,
769,30.76,Player_Near,0.0,0.0,0,none,0.0,
769,30.76,Player_Far,0.00344,14.65,0,right,2.47,
770,30.8,Player_Near,0.0,0.0,0,none,0.0,
770,30.8,Player_Far,0.00279,1.154,0,right,2.01,
771,30.84,Player_Near,0.0,0.0,0,none,0.0,
771,30.84,Player_Far,0.00574,29.794,0,right,4.13,
772,30.88,Player_Near,0.0,0.0,0,none,0.0,
772,30.88,Player_Far,0.00095,3.569,0,right,0.68,
773,30.92,Player_Near,0.0,0.0,0,none,0.0,
773,30.92,Player_Far,0.07047,15.068,0,right,50.74,
774,30.96,Player_Near,0.0,0.0,0,none,0.0,
774,30.96,Player_Far,0.07022,5.169,0,right,50.56,
775,31.0,Player_Near,0.0,0.0,0,none,0.0,
775,31.0,Player_Far,0.03602,79.157,0,right,25.93,
776,31.04,Player_Near,0.0,0.0,0,none,0.0,
776,31.04,Player_Far,0.00394,22.769,0,right,2.84,
777,31.08,Player_Near,0.0,0.0,0,none,0.0,
777,31.08,Player_Far,0.03296,21.381,0,right,23.73,
778,31.12,Player_Near,0.0,0.0,0,none,0.0,
778,31.12,Player_Far,0.03876,46.003,0,right,27.91,
779,31.16,Player_Near,0.0,0.0,0,none,0.0,
779,31.16,Player_Far,0.01416,8.615,0,left,10.2,
780,31.2,Player_Near,0.0,0.0,0,none,0.0,
780,31.2,Player_Far,0.01165,59.019,0,left,8.39,
781,31.24,Player_Near,0.0,0.0,0,none,0.0,
781,31.24,Player_Far,0.0557,3.454,0,left,40.11,
782,31.28,Player_Near,0.0,0.0,0,none,0.0,
782,31.28,Player_Far,0.03535,1.113,0,left,25.45,
783,31.32,Player_Near,0.0,0.0,0,none,0.0,
783,31.32,Player_Far,0.02793,54.074,0,left,20.11,
784,31.36,Player_Near,0.0,0.0,0,none,0.0,
784,31.36,Player_Far,0.04456,12.033,0,left,32.09,
785,31.4,Player_Near,0.0,0.0,0,none,0.0,
785,31.4,Player_Far,0.0584,2.134,0,right,42.05,
786,31.44,Player_Near,0.0,0.0,0,none,0.0,
786,31.44,Player_Far,0.08597,1.309,0,right,61.9,
787,31.48,Player_Near,0.0,0.0,0,none,0.0,
787,31.48,Player_Far,0.07868,8.012,0,right,56.65,
788,31.52,Player_Near,0.0,0.0,0,none,0.0,
788,31.52,Player_Far,0.02467,21.529,0,right,17.76,
789,31.56,Player_Near,0.0,0.0,0,none,0.0,
789,31.56,Player_Far,0.075,53.967,0,right,54.0,
790,31.6,Player_Near,0.0,0.0,0,none,0.0,
790,31.6,Player_Far,0.01067,14.084,0,right,7.68,
791,31.64,Player_Near,0.0,0.0,0,none,0.0,
791,31.64,Player_Far,0.02021,44.403,0,left,14.55,
792,31.68,Player_Near,0.0,0.0,0,none,0.0,
792,31.68,Player_Far,0.0185,51.44,0,left,13.32,
793,31.72,Player_Near,0.0,0.0,0,none,0.0,
793,31.72,Player_Far,0.01017,2.484,0,left,7.32,
794,31.76,Player_Near,0.0,0.0,0,none,0.0,
794,31.76,Player_Far,0.06323,2.55,0,left,45.52,
795,31.8,Player_Near,0.0,0.0,0,none,0.0,
795,31.8,Player_Far,0.01297,9.867,0,left,9.33,
796,31.84,Player_Near,0.0,0.0,0,none,0.0,
796,31.84,Player_Far,0.04787,17.016,0,left,34.47,
797,31.88,Player_Near,0.28971,178.911,0,left,208.59,
797,31.88,Player_Far,0.01815,41.962,0,left,13.07,
798,31.92,Player_Near,0.28934,4.995,0,left,208.33,
798,31.92,Player_Far,0.03262,9.015,0,left,23.48,
799,31.96,Player_Near,0.24094,88.392,0,left,173.48,
799,31.96,Player_Far,0.07379,13.52,0,right,53.13,
800,32.0,Player_Near,0.11762,17.958,0,left,84.68,
800,32.0,Player_Far,0.02016,4.226,0,right,14.52,
801,32.04,Player_Near,0.19852,190.179,0,left,142.93,
801,32.04,Player_Far,0.14623,59.946,0,left,105.28,
802,32.08,Player_Near,0.1202,308.568,0,left,86.54,
802,32.08,Player_Far,0.07213,39.869,0,left,51.93,
803,32.12,Player_Near,0.11879,140.481,0,left,85.53,
803,32.12,Player_Far,0.07458,12.739,0,left,53.7,
804,32.16,Player_Near,0.43834,142.233,0,left,315.6,
804,32.16,Player_Far,0.03378,7.009,0,left,24.32,
805,32.2,Player_Near,0.13786,251.631,0,left,99.26,
805,32.2,Player_Far,0.01604,10.12,0,left,11.55,
806,32.24,Player_Near,0.21707,231.465,0,left,156.29,
806,32.24,Player_Far,0.06535,51.773,0,right,47.05,
807,32.28,Player_Near,0.22466,47.866,0,left,161.76,
807,32.28,Player_Far,0.04964,11.143,0,right,35.74,
808,32.32,Player_Near,0.41455,52.091,0,left,298.48,
808,32.32,Player_Far,0.05254,1.03,0,right,37.83,
809,32.36,Player_Near,0.14787,196.061,0,left,106.47,
809,32.36,Player_Far,0.13446,4.851,0,right,96.81,
810,32.4,Player_Near,0.44873,287.742,0,left,323.08,
810,32.4,Player_Far,0.09462,8.222,0,right,68.12,
811,32.44,Player_Near,0.33789,347.095,0,left,243.28,
811,32.44,Player_Far,0.02071,13.322,0,right,14.91,
812,32.48,Player_Near,0.60136,147.355,0,left,432.98,
812,32.48,Player_Far,0.05743,14.419,0,right,41.35,
813,32.52,Player_Near,0.18592,167.001,0,left,133.86,
813,32.52,Player_Far,0.12382,8.173,0,right,89.15,
814,32.56,Player_Near,0.54909,31.133,0,left,395.35,
814,32.56,Player_Far,0.06544,6.966,0,right,47.12,
815,32.6,Player_Near,0.08914,6.043,0,left,64.18,
815,32.6,Player_Far,0.1184,27.947,0,right,85.25,
816,32.64,Player_Near,0.1813,5.616,0,left,130.54,
816,32.64,Player_Far,0.05366,32.263,0,right,38.64,
817,32.68,Player_Near,0.16542,215.801,0,right,119.1,
817,32.68,Player_Far,0.13453,9.481,0,left,96.86,
818,32.72,Player_Near,0.45037,48.668,0,right,324.27,
818,32.72,Player_Far,0.06964,0.973,0,left,50.14,
819,32.76,Player_Near,0.24508,61.212,0,left,176.46,
819,32.76,Player_Far,0.04711,5.448,0,left,33.92,
820,32.8,Player_Near,0.17475,1.453,0,left,125.82,
820,32.8,Player_Far,0.20865,53.017,0,right,150.23,
821,32.84,Player_Near,0.0832,119.585,0,left,59.9,
821,32.84,Player_Far,0.07467,5.987,0,right,53.76,
822,32.88,Player_Near,0.28979,71.799,0,left,208.65,
822,32.88,Player_Far,0.26165,60.918,0,left,188.39,
823,32.92,Player_Near,0.47283,0.0,0,right,340.43,
823,32.92,Player_Far,0.03232,5.946,0,left,23.27,
824,32.96,Player_Near,0.0,0.0,0,right,0.0,
824,32.96,Player_Far,0.0575,0.448,0,left,41.4,
825,33.0,Player_Near,0.0,0.0,0,right,0.0,
825,33.0,Player_Far,0.0235,3.227,0,left,16.92,
826,33.04,Player_Near,0.0,0.0,0,right,0.0,
826,33.04,Player_Far,0.08068,2.951,0,left,58.09,
827,33.08,Player_Near,0.24097,0.0,0,right,173.5,
827,33.08,Player_Far,0.04551,8.617,0,right,32.76,
828,33.12,Player_Near,0.6671,0.0,0,right,480.32,
828,33.12,Player_Far,0.00597,5.215,0,right,4.3,
829,33.16,Player_Near,0.05741,0.0,0,right,41.33,
829,33.16,Player_Far,0.03695,6.668,0,right,26.6,
830,33.2,Player_Near,0.30518,0.0,0,right,219.73,
830,33.2,Player_Far,0.03133,2.993,0,right,22.56,
831,33.24,Player_Near,0.07923,0.0,0,right,57.05,
831,33.24,Player_Far,0.03702,13.356,0,left,26.65,
832,33.28,Player_Near,0.33048,0.0,0,right,237.95,
832,33.28,Player_Far,0.07882,4.959,0,right,56.75,
833,33.32,Player_Near,0.59579,6.053,0,left,428.97,
833,33.32,Player_Far,0.02845,10.163,0,right,20.49,
834,33.36,Player_Near,0.09889,39.162,0,left,71.2,
834,33.36,Player_Far,0.03556,14.35,0,right,25.6,
835,33.4,Player_Near,0.08691,41.064,0,left,62.58,
835,33.4,Player_Far,0.04558,10.383,0,right,32.82,
836,33.44,Player_Near,0.21966,41.706,0,left,158.16,
836,33.44,Player_Far,0.04971,16.782,0,right,35.79,
837,33.48,Player_Near,0.18593,25.697,0,left,133.87,
837,33.48,Player_Far,0.00747,10.16,0,left,5.38,
838,33.52,Player_Near,0.4824,12.825,0,left,347.33,
838,33.52,Player_Far,0.03582,0.764,0,left,25.79,
839,33.56,Player_Near,0.28772,33.167,0,left,207.16,
839,33.56,Player_Far,0.06284,0.923,0,left,45.24,
840,33.6,Player_Near,0.21002,0.324,0,left,151.22,
840,33.6,Player_Far,0.00871,5.079,0,left,6.27,
841,33.64,Player_Near,0.20066,7.406,0,left,144.47,
841,33.64,Player_Far,0.03529,2.551,0,left,25.41,
842,33.68,Player_Near,0.2033,4.546,0,left,146.38,
842,33.68,Player_Far,0.00985,8.048,0,left,7.09,
843,33.72,Player_Near,0.12967,0.136,0,left,93.36,
843,33.72,Player_Far,0.03389,0.613,0,left,24.4,
844,33.76,Player_Near,27.47628,229.015,0,left,19782.92,
844,33.76,Player_Far,0.00598,3.581,0,right,4.31,
845,33.8,Player_Near,27.7156,35.549,0,left,19955.24,
845,33.8,Player_Far,0.00879,3.182,0,right,6.33,
846,33.84,Player_Near,0.10551,64.224,0,left,75.97,
846,33.84,Player_Far,0.00196,12.165,0,left,1.41,
847,33.88,Player_Near,0.3647,225.927,1,left,262.59,845
847,33.88,Player_Far,0.04007,13.085,0,right,28.85,
848,33.92,Player_Near,28.3447,140.0,0,left,20408.18,
848,33.92,Player_Far,0.03469,1.029,0,right,24.98,
849,33.96,Player_Near,28.77818,129.969,0,right,20720.29,
849,33.96,Player_Far,0.03203,6.923,0,right,23.07,
850,34.0,Player_Near,0.17881,0.0,0,right,128.74,
850,34.0,Player_Far,0.03658,6.945,0,right,26.34,
851,34.04,Player_Near,0.19022,0.0,1,right,136.96,849
851,34.04,Player_Far,0.01048,7.738,0,right,7.54,
852,34.08,Player_Near,0.1868,0.0,0,right,134.5,
852,34.08,Player_Far,0.03354,5.638,0,left,24.15,
853,34.12,Player_Near,0.0,0.0,0,right,0.0,
853,34.12,Player_Far,0.00152,4.824,0,left,1.1,
854,34.16,Player_Near,0.40758,14.958,0,left,293.46,
854,34.16,Player_Far,0.01804,2.702,0,left,12.99,
855,34.2,Player_Near,0.34507,941.141,0,left,248.45,
855,34.2,Player_Far,0.00049,11.84,0,right,0.35,
856,34.24,Player_Near,0.32154,770.722,0,left,231.51,
856,34.24,Player_Far,0.00147,6.672,0,right,1.06,
857,34.28,Player_Near,29.1083,371.673,0,left,20957.98,
857,34.28,Player_Far,0.00739,3.763,0,left,5.32,
858,34.32,Player_Near,29.10227,567.522,0,left,20953.64,
858,34.32,Player_Far,0.0143,11.095,0,left,10.29,
859,34.36,Player_Near,0.53157,596.106,1,left,382.73,857
859,34.36,Player_Far,0.03665,6.747,0,right,26.39,
860,34.4,Player_Near,0.31715,143.044,0,left,228.35,
860,34.4,Player_Far,0.03456,1.994,0,right,24.89,
861,34.44,Player_Near,0.50279,141.262,0,left,362.01,
861,34.44,Player_Far,0.03811,13.109,0,right,27.44,
862,34.48,Player_Near,0.35242,443.102,0,left,253.74,
862,34.48,Player_Far,0.04389,0.897,0,left,31.6,
863,34.52,Player_Near,0.0,0.0,0,right,0.0,
863,34.52,Player_Far,0.00851,4.072,0,left,6.13,
864,34.56,Player_Near,0.24367,136.176,0,left,175.44,
864,34.56,Player_Far,0.07384,5.811,0,right,53.16,
865,34.6,Player_Near,0.21152,58.565,0,left,152.29,
865,34.6,Player_Far,0.0881,15.478,0,right,63.43,
866,34.64,Player_Near,0.25401,166.414,0,left,182.89,
866,34.64,Player_Far,0.0317,33.36,0,right,22.83,
867,34.68,Player_Near,0.31242,119.45,0,left,224.94,
867,34.68,Player_Far,0.04038,0.15,0,right,29.07,
868,34.72,Player_Near,0.40916,215.094,0,left,294.6,
868,34.72,Player_Far,0.00579,1.857,0,right,4.17,
869,34.76,Player_Near,0.31427,134.85,0,left,226.27,
869,34.76,Player_Far,0.01841,70.114,0,right,13.25,
870,34.8,Player_Near,0.43319,541.261,0,right,311.9,
870,34.8,Player_Far,0.00712,38.046,0,right,5.13,
871,34.84,Player_Near,0.37573,223.835,0,right,270.53,
871,34.84,Player_Far,0.0029,9.085,0,right,2.09,
872,34.88,Player_Near,0.38784,184.827,0,right,279.24,
872,34.88,Player_Far,0.034,3.412,0,left,24.48,
873,34.92,Player_Near,0.26228,299.842,0,right,188.84,
873,34.92,Player_Far,0.0013,0.028,0,left,0.93,
874,34.96,Player_Near,0.0,0.0,0,right,0.0,
874,34.96,Player_Far,0.04386,0.252,0,right,31.58,
875,35.0,Player_Near,0.0,0.0,0,right,0.0,
875,35.0,Player_Far,0.02402,2.795,0,right,17.29,
876,35.04,Player_Near,0.0,0.0,0,right,0.0,
876,35.04,Player_Far,0.02562,29.178,0,right,18.45,
877,35.08,Player_Near,0.0,0.0,0,right,0.0,
877,35.08,Player_Far,0.00436,1.49,0,right,3.14,
878,35.12,Player_Near,0.4157,66.567,0,right,299.31,
878,35.12,Player_Far,0.01207,6.695,0,right,8.69,
879,35.16,Player_Near,0.59235,85.612,0,right,426.5,
879,35.16,Player_Far,0.00164,10.029,0,left,1.18,
880,35.2,Player_Near,0.38272,11.197,0,right,275.56,
880,35.2,Player_Far,0.0089,2.675,0,right,6.41,
881,35.24,Player_Near,0.44926,13.465,0,right,323.47,
881,35.24,Player_Far,0.03688,7.219,0,right,26.56,
882,35.28,Player_Near,0.563,6.577,0,right,405.36,
882,35.28,Player_Far,0.03511,12.73,0,right,25.28,
883,35.32,Player_Near,0.64223,11.573,0,right,462.4,
883,35.32,Player_Far,0.00573,15.327,0,right,4.13,
884,35.36,Player_Near,0.25443,32.241,0,right,183.19,
884,35.36,Player_Far,0.0044,2.026,0,right,3.17,
885,35.4,Player_Near,0.32339,139.532,0,right,232.84,
885,35.4,Player_Far,0.01384,37.218,0,right,9.97,
886,35.44,Player_Near,0.1296,140.958,0,right,93.31,
886,35.44,Player_Far,0.02873,23.158,0,right,20.69,
887,35.48,Player_Near,0.14132,87.029,0,right,101.75,
887,35.48,Player_Far,0.0031,12.419,0,left,2.23,
888,35.52,Player_Near,0.08244,27.82,0,right,59.36,
888,35.52,Player_Far,0.09385,2.505,0,left,67.57,
889,35.56,Player_Near,0.20154,21.251,0,right,145.11,
889,35.56,Player_Far,0.02019,0.982,0,left,14.54,
890,35.6,Player_Near,0.32262,22.565,0,right,232.29,
890,35.6,Player_Far,0.03926,20.901,0,left,28.27,
891,35.64,Player_Near,0.16925,18.432,0,right,121.86,
891,35.64,Player_Far,0.03216,3.709,0,left,23.15,
892,35.68,Player_Near,0.41034,17.014,0,right,295.44,
892,35.68,Player_Far,0.04595,10.723,0,left,33.08,
893,35.72,Player_Near,0.33106,5.832,0,right,238.36,
893,35.72,Player_Far,0.03766,25.363,0,right,27.12,
894,35.76,Player_Near,0.34207,34.955,0,right,246.29,
894,35.76,Player_Far,0.01142,0.61,0,right,8.22,
895,35.8,Player_Near,0.16956,20.617,0,right,122.08,
895,35.8,Player_Far,0.04177,8.687,0,right,30.07,
896,35.84,Player_Near,0.09668,50.799,0,right,69.61,
896,35.84,Player_Far,0.16142,107.132,0,left,116.22,
897,35.88,Player_Near,0.04465,22.778,0,right,32.15,
897,35.88,Player_Far,0.01534,7.7,0,left,11.04,
898,35.92,Player_Near,0.03613,71.118,0,right,26.02,
898,35.92,Player_Far,0.03267,74.666,0,left,23.53,
899,35.96,Player_Near,0.15371,40.884,0,right,110.67,
899,35.96,Player_Far,0.02653,23.602,0,left,19.1,
900,36.0,Player_Near,0.25746,43.875,0,right,185.37,
900,36.0,Player_Far,0.03451,0.442,0,left,24.85,
901,36.04,Player_Near,0.28335,14.555,0,right,204.01,
901,36.04,Player_Far,0.00967,1.398,0,right,6.96,
902,36.08,Player_Near,0.23761,123.377,0,right,171.08,
902,36.08,Player_Far,0.02394,28.794,0,right,17.24,
903,36.12,Player_Near,0.17795,157.77,0,right,128.13,
903,36.12,Player_Far,0.00654,11.374,0,right,4.71,
904,36.16,Player_Near,0.12473,211.741,0,right,89.8,
904,36.16,Player_Far,0.02696,9.497,0,left,19.41,
905,36.2,Player_Near,0.15208,184.693,0,right,109.5,
905,36.2,Player_Far,0.00672,2.276,0,right,4.84,
906,36.24,Player_Near,0.14602,115.427,0,right,105.14,
906,36.24,Player_Far,0.02439,7.326,0,right,17.56,
907,36.28,Player_Near,0.06882,14.423,0,right,49.55,
907,36.28,Player_Far,0.06314,10.127,0,left,45.46,
908,36.32,Player_Near,0.06801,15.891,0,right,48.97,
908,36.32,Player_Far,0.06546,9.583,0,right,47.13,
909,36.36,Player_Near,0.11783,67.484,0,right,84.84,
909,36.36,Player_Far,0.00284,10.726,0,right,2.05,
910,36.4,Player_Near,0.11117,63.12,0,right,80.04,
910,36.4,Player_Far,0.0,0.0,0,right,0.0,
911,36.44,Player_Near,0.17114,72.185,0,right,123.22,
911,36.44,Player_Far,0.0,0.0,0,right,0.0,
912,36.48,Player_Near,0.16011,55.836,0,right,115.28,
912,36.48,Player_Far,0.02766,148.823,0,right,19.92,
913,36.52,Player_Near,0.27153,73.201,0,right,195.5,
913,36.52,Player_Far,0.06311,101.976,0,right,45.44,
914,36.56,Player_Near,0.2403,10.578,0,right,173.02,
914,36.56,Player_Far,0.0,0.0,0,right,0.0,
915,36.6,Player_Near,0.301,50.704,0,right,216.72,
915,36.6,Player_Far,0.0,0.0,0,right,0.0,
916,36.64,Player_Near,0.31904,103.13,0,right,229.71,
916,36.64,Player_Far,0.03236,21.992,0,right,23.3,
917,36.68,Player_Near,0.29984,149.246,0,right,215.89,
917,36.68,Player_Far,0.01309,121.511,0,right,9.43,
918,36.72,Player_Near,0.09573,117.523,0,right,68.93,
918,36.72,Player_Far,0.02455,98.078,0,left,17.68,
919,36.76,Player_Near,0.1446,37.514,0,right,104.11,
919,36.76,Player_Far,0.04918,30.328,0,right,35.41,
920,36.8,Player_Near,0.11654,158.912,0,right,83.91,
920,36.8,Player_Far,0.06938,18.27,0,right,49.95,
921,36.84,Player_Near,0.15904,134.658,0,right,114.51,
921,36.84,Player_Far,0.08419,355.595,0,left,60.62,
922,36.88,Player_Near,0.20579,105.302,0,right,148.17,
922,36.88,Player_Far,0.07332,37.001,0,left,52.79,
923,36.92,Player_Near,0.11302,71.218,0,right,81.38,
923,36.92,Player_Far,0.02192,2.583,0,left,15.78,
924,36.96,Player_Near,11.25679,948.941,0,right,8104.89,
924,36.96,Player_Far,7.12357,1094.691,0,right,5128.97,
925,37.0,Player_Near,1.15444,416.658,0,right,831.19,
925,37.0,Player_Far,0.18819,314.267,0,right,135.5,
926,37.04,Player_Near,0.65289,79.904,1,right,470.08,924
926,37.04,Player_Far,0.33409,548.517,1,right,240.55,924
927,37.08,Player_Near,0.39901,87.839,0,right,287.28,
927,37.08,Player_Far,0.2641,92.925,0,right,190.15,
928,37.12,Player_Near,0.37325,8.143,0,right,268.74,
928,37.12,Player_Far,0.20914,335.252,0,right,150.58,
929,37.16,Player_Near,0.40681,52.836,0,right,292.91,
929,37.16,Player_Far,0.14926,175.918,0,right,107.47,
930,37.2,Player_Near,0.34448,73.807,0,right,248.03,
930,37.2,Player_Far,0.17366,10.717,0,right,125.04,
931,37.24,Player_Near,0.19897,64.301,0,right,143.26,
931,37.24,Player_Far,0.0,0.0,0,left,0.0,
932,37.28,Player_Near,0.26371,76.356,0,right,189.87,
932,37.28,Player_Far,0.0,0.0,0,right,0.0,
933,37.32,Player_Near,0.20593,69.473,0,right,148.27,
933,37.32,Player_Far,0.0,0.0,0,right,0.0,
934,37.36,Player_Near,0.2751,77.89,0,right,198.07,
934,37.36,Player_Far,0.0,0.0,0,right,0.0,
935,37.4,Player_Near,0.26389,75.101,0,right,190.0,
935,37.4,Player_Far,0.0,0.0,0,none,0.0,
936,37.44,Player_Near,0.32314,72.135,0,right,232.66,
936,37.44,Player_Far,0.0,0.0,0,none,0.0,
937,37.48,Player_Near,0.26757,63.685,0,right,192.65,
937,37.48,Player_Far,0.0,0.0,0,none,0.0,
938,37.52,Player_Near,0.33142,36.585,0,right,238.62,
938,37.52,Player_Far,0.0,0.0,0,none,0.0,
939,37.56,Player_Near,0.28087,28.12,0,right,202.23,
939,37.56,Player_Far,0.0,0.0,0,none,0.0,
940,37.6,Player_Near,0.28273,10.379,0,right,203.57,
940,37.6,Player_Far,0.0,0.0,0,none,0.0,
941,37.64,Player_Near,0.20835,14.669,0,right,150.01,
941,37.64,Player_Far,0.0,0.0,0,none,0.0,
942,37.68,Player_Near,0.20725,6.97,0,right,149.22,
942,37.68,Player_Far,0.0,0.0,0,none,0.0,
943,37.72,Player_Near,0.03211,27.683,0,right,23.12,
943,37.72,Player_Far,0.0,0.0,0,none,0.0,
944,37.76,Player_Near,0.20476,25.668,0,right,147.43,
944,37.76,Player_Far,0.0,0.0,0,none,0.0,
945,37.8,Player_Near,0.17008,24.347,0,right,122.46,
945,37.8,Player_Far,0.0,0.0,0,none,0.0,
946,37.84,Player_Near,0.14086,34.65,0,right,101.42,
946,37.84,Player_Far,0.0,0.0,0,none,0.0,
947,37.88,Player_Near,0.08502,12.463,0,right,61.22,
947,37.88,Player_Far,0.0,0.0,0,none,0.0,
948,37.92,Player_Near,0.19079,0.954,0,right,137.37,
948,37.92,Player_Far,0.0,0.0,0,none,0.0,
949,37.96,Player_Near,0.27739,7.645,0,right,199.72,
949,37.96,Player_Far,0.0,0.0,0,none,0.0,
950,38.0,Player_Near,0.13465,18.61,0,right,96.95,
950,38.0,Player_Far,0.0,0.0,0,none,0.0,
951,38.04,Player_Near,0.28263,20.615,0,right,203.49,
951,38.04,Player_Far,0.0,0.0,0,none,0.0,
952,38.08,Player_Near,0.25911,16.066,0,right,186.56,
952,38.08,Player_Far,0.0,0.0,0,none,0.0,
953,38.12,Player_Near,0.15044,11.169,0,right,108.32,
953,38.12,Player_Far,0.0,0.0,0,none,0.0,
954,38.16,Player_Near,0.19673,20.686,0,right,141.64,
954,38.16,Player_Far,0.0,0.0,0,none,0.0,
955,38.2,Player_Near,0.21105,15.179,0,right,151.96,
955,38.2,Player_Far,0.0,0.0,0,none,0.0,
956,38.24,Player_Near,0.20752,18.06,0,right,149.41,
956,38.24,Player_Far,0.0,0.0,0,none,0.0,
957,38.28,Player_Near,0.23715,8.502,0,right,170.75,
957,38.28,Player_Far,0.0,0.0,0,none,0.0,
958,38.32,Player_Near,0.22044,17.049,0,right,158.72,
958,38.32,Player_Far,0.0,0.0,0,none,0.0,
959,38.36,Player_Near,0.37001,30.178,0,left,266.41,
959,38.36,Player_Far,0.0,0.0,0,none,0.0,
960,38.4,Player_Near,0.19311,62.596,0,left,139.04,
960,38.4,Player_Far,0.0,0.0,0,none,0.0,
961,38.44,Player_Near,0.10265,83.36,0,left,73.91,
961,38.44,Player_Far,0.0,0.0,0,none,0.0,
962,38.48,Player_Near,0.13815,41.524,0,left,99.47,
962,38.48,Player_Far,0.0,0.0,0,none,0.0,
963,38.52,Player_Near,0.12974,66.899,0,left,93.42,
963,38.52,Player_Far,0.0,0.0,0,none,0.0,
964,38.56,Player_Near,0.1311,137.602,0,left,94.39,
964,38.56,Player_Far,0.0,0.0,0,none,0.0,
965,38.6,Player_Near,0.15935,155.209,0,left,114.73,
965,38.6,Player_Far,0.0,0.0,0,none,0.0,
966,38.64,Player_Near,0.18543,98.778,0,left,133.51,
966,38.64,Player_Far,0.0,0.0,0,none,0.0,
967,38.68,Player_Near,0.15967,78.091,0,left,114.96,
967,38.68,Player_Far,0.0,0.0,0,none,0.0,
968,38.72,Player_Near,0.14256,79.428,0,left,102.64,
968,38.72,Player_Far,0.0,0.0,0,none,0.0,
969,38.76,Player_Near,0.27754,36.747,0,left,199.83,
969,38.76,Player_Far,0.0,0.0,0,none,0.0,
970,38.8,Player_Near,0.19473,19.796,0,left,140.21,
970,38.8,Player_Far,0.0,0.0,0,none,0.0,
971,38.84,Player_Near,0.11226,11.67,0,left,80.83,
971,38.84,Player_Far,0.0,0.0,0,none,0.0,
972,38.88,Player_Near,0.06242,6.899,0,left,44.94,
972,38.88,Player_Far,0.0,0.0,0,none,0.0,
973,38.92,Player_Near,0.01621,8.775,0,left,11.67,
973,38.92,Player_Far,0.0,0.0,0,none,0.0,
974,38.96,Player_Near,0.05682,18.151,0,left,40.91,
974,38.96,Player_Far,0.0,0.0,0,none,0.0,
975,39.0,Player_Near,0.17777,82.642,0,left,127.99,
975,39.0,Player_Far,0.0,0.0,0,none,0.0,
976,39.04,Player_Near,0.1708,120.815,0,left,122.98,
976,39.04,Player_Far,0.0,0.0,0,none,0.0,
977,39.08,Player_Near,0.11504,138.996,0,left,82.83,
977,39.08,Player_Far,0.0,0.0,0,none,0.0,
978,39.12,Player_Near,0.02674,73.328,0,left,19.25,
978,39.12,Player_Far,0.0,0.0,0,none,0.0,
979,39.16,Player_Near,0.04907,113.561,0,left,35.33,
979,39.16,Player_Far,0.0,0.0,0,none,0.0,
980,39.2,Player_Near,0.0585,98.665,0,left,42.12,
980,39.2,Player_Far,0.0,0.0,0,none,0.0,
981,39.24,Player_Near,0.02325,92.359,0,left,16.74,
981,39.24,Player_Far,0.0,0.0,0,none,0.0,
982,39.28,Player_Near,0.04494,8.999,0,right,32.35,
982,39.28,Player_Far,0.0,0.0,0,none,0.0,
983,39.32,Player_Near,0.0662,3.904,0,right,47.67,
983,39.32,Player_Far,0.0,0.0,0,none,0.0,
984,39.36,Player_Near,0.0613,0.771,0,right,44.14,
985,39.4,Player_Near,0.20472,6.11,0,right,147.4,
986,39.44,Player_Near,0.07666,2.521,0,right,55.2,
987,39.48,Player_Near,0.44549,51.04,0,left,320.75,
988,39.52,Player_Near,0.22322,37.431,0,left,160.72,
989,39.56,Player_Near,0.18509,77.298,0,left,133.27,
990,39.6,Player_Near,0.08088,36.469,0,left,58.23,
990,39.6,Player_Far,0.0,0.0,0,none,0.0,
991,39.64,Player_Near,0.03452,91.432,0,left,24.85,
991,39.64,Player_Far,0.0,0.0,0,none,0.0,
992,39.68,Player_Near,0.10964,92.677,0,left,78.94,
993,39.72,Player_Near,0.092,117.137,0,left,66.24,
993,39.72,Player_Far,0.0,0.0,0,none,0.0,
994,39.76,Player_Near,0.11438,29.417,0,right,82.35,
994,39.76,Player_Far,0.0,0.0,0,none,0.0,
995,39.8,Player_Near,0.12314,102.446,0,left,88.66,
995,39.8,Player_Far,0.0,0.0,0,none,0.0,
996,39.84,Player_Near,0.02688,80.039,0,left,19.35,
996,39.84,Player_Far,0.0,0.0,0,none,0.0,
997,39.88,Player_Near,0.15725,43.816,0,left,113.22,
997,39.88,Player_Far,0.0,0.0,0,none,0.0,
998,39.92,Player_Near,0.03626,0.522,0,left,26.11,
998,39.92,Player_Far,0.0,0.0,0,none,0.0,
999,39.96,Player_Near,0.14603,17.56,0,left,105.15,
999,39.96,Player_Far,0.0,0.0,0,none,0.0,
1000,40.0,Player_Near,0.08927,29.827,0,left,64.28,
1000,40.0,Player_Far,0.0,0.0,0,none,0.0,
1001,40.04,Player_Near,0.0,0.0,0,left,0.0,
1001,40.04,Player_Far,0.0,0.0,0,none,0.0,
1002,40.08,Player_Near,0.0,0.0,0,left,0.0,
1002,40.08,Player_Far,0.0,0.0,0,none,0.0,
1003,40.12,Player_Near,0.27361,16.302,0,right,197.0,
1003,40.12,Player_Far,0.0,0.0,0,none,0.0,
1004,40.16,Player_Near,0.0384,27.411,0,right,27.65,
1004,40.16,Player_Far,0.0,0.0,0,none,0.0,
1005,40.2,Player_Near,0.04796,35.49,0,right,34.53,
1005,40.2,Player_Far,0.0,0.0,0,none,0.0,
1006,40.24,Player_Near,0.04067,71.122,0,right,29.28,
1006,40.24,Player_Far,0.0,0.0,0,none,0.0,
1007,40.28,Player_Near,0.08919,62.492,0,right,64.21,
1007,40.28,Player_Far,0.0,0.0,0,none,0.0,
1008,40.32,Player_Near,0.29535,76.074,0,right,212.65,
1008,40.32,Player_Far,0.0,0.0,0,none,0.0,
1009,40.36,Player_Near,0.11319,61.361,0,right,81.5,
1009,40.36,Player_Far,0.0,0.0,0,none,0.0,
1010,40.4,Player_Near,0.02507,71.262,0,right,18.05,
1010,40.4,Player_Far,0.0,0.0,0,none,0.0,
1011,40.44,Player_Near,0.05781,6.818,0,right,41.63,
1011,40.44,Player_Far,0.0,0.0,0,none,0.0,
1012,40.48,Player_Near,0.10061,63.199,0,right,72.44,
1012,40.48,Player_Far,0.0,0.0,0,none,0.0,
1013,40.52,Player_Near,21.07797,74.318,0,right,15176.13,
1013,40.52,Player_Far,0.0,0.0,0,none,0.0,
1014,40.56,Player_Near,0.13967,338.821,0,right,100.56,
1014,40.56,Player_Far,0.20696,2.662,0,right,149.01,
1015,40.6,Player_Near,0.10255,192.293,1,right,73.84,1013
1015,40.6,Player_Far,29.64624,324.447,0,right,21345.29,
1016,40.64,Player_Near,0.09039,35.264,0,right,65.08,
1016,40.64,Player_Far,19.80614,213.094,0,right,14260.42,
1017,40.68,Player_Near,0.07711,83.627,0,right,55.52,
1017,40.68,Player_Far,7.70069,64.613,1,right,5544.49,1015
1018,40.72,Player_Near,0.03998,18.74,0,right,28.79,
1018,40.72,Player_Far,0.07929,1168.077,0,right,57.09,
1019,40.76,Player_Near,0.01408,37.616,0,right,10.14,
1019,40.76,Player_Far,0.15251,512.412,0,right,109.8,
1020,40.8,Player_Near,0.02622,17.007,0,right,18.88,
1020,40.8,Player_Far,0.06901,8.06,0,right,49.69,
1021,40.84,Player_Near,0.0239,24.486,0,right,17.21,
1021,40.84,Player_Far,0.07934,250.153,0,right,57.13,
1022,40.88,Player_Near,0.03875,8.787,0,right,27.9,
1022,40.88,Player_Far,0.124,117.964,0,left,89.28,
1023,40.92,Player_Near,0.00491,38.414,0,right,3.53,
1023,40.92,Player_Far,0.03042,13.526,0,left,21.91,
1024,40.96,Player_Near,0.08656,86.212,0,right,62.32,
1024,40.96,Player_Far,0.01486,66.979,0,left,10.7,
1025,41.0,Player_Near,0.14737,308.463,0,right,106.1,
1025,41.0,Player_Far,0.0382,90.148,0,right,27.5,
1026,41.04,Player_Near,0.13801,183.065,0,right,99.37,
1026,41.04,Player_Far,0.0375,162.552,0,right,27.0,
1027,41.08,Player_Near,0.07802,82.115,0,right,56.17,
1027,41.08,Player_Far,0.05482,61.395,0,right,39.47,
1028,41.12,Player_Near,0.14763,178.269,0,right,106.29,
1028,41.12,Player_Far,0.01951,136.23,0,right,14.05,
1029,41.16,Player_Near,0.13541,99.781,0,right,97.49,
1029,41.16,Player_Far,0.0088,81.469,0,right,6.33,
1030,41.2,Player_Near,0.08901,45.392,0,right,64.08,
1030,41.2,Player_Far,0.07481,28.167,0,left,53.87,
1031,41.24,Player_Near,0.0782,57.685,0,right,56.31,
1031,41.24,Player_Far,0.12198,874.849,0,right,87.83,
1032,41.28,Player_Near,0.06641,8.947,0,right,47.81,
1032,41.28,Player_Far,0.02481,161.874,0,right,17.86,
1033,41.32,Player_Near,0.0299,30.613,0,right,21.53,
1033,41.32,Player_Far,0.17892,211.861,0,right,128.82,
1034,41.36,Player_Near,0.12774,91.867,0,left,91.97,
1034,41.36,Player_Far,0.12643,356.418,0,right,91.03,
1035,41.4,Player_Near,0.1386,132.544,0,left,99.79,
1035,41.4,Player_Far,0.03943,19.182,0,right,28.39,
1036,41.44,Player_Near,0.16184,128.917,0,left,116.53,
1036,41.44,Player_Far,0.0403,105.797,0,right,29.02,
1037,41.48,Player_Near,0.17795,186.389,0,left,128.12,
1037,41.48,Player_Far,0.04621,273.202,0,right,33.27,
1038,41.52,Player_Near,0.18813,164.456,0,left,135.45,
1038,41.52,Player_Far,0.07587,368.952,0,right,54.63,
1039,41.56,Player_Near,0.17333,96.515,0,left,124.8,
1039,41.56,Player_Far,0.04694,106.489,0,right,33.8,
1040,41.6,Player_Near,0.20875,171.235,0,left,150.3,
1040,41.6,Player_Far,0.03891,73.697,0,right,28.02,
1041,41.64,Player_Near,0.23553,11.65,0,right,169.58,
1041,41.64,Player_Far,0.02126,97.498,0,right,15.3,
1042,41.68,Player_Near,0.33396,55.429,0,right,240.45,
1042,41.68,Player_Far,0.063,73.307,0,right,45.36,
1043,41.72,Player_Near,0.30619,112.885,0,right,220.46,
1043,41.72,Player_Far,0.03915,120.425,0,right,28.19,
1044,41.76,Player_Near,0.31144,128.712,0,right,224.24,
1044,41.76,Player_Far,0.01264,26.493,0,right,9.1,
1045,41.8,Player_Near,0.27287,160.844,0,right,196.46,
1045,41.8,Player_Far,0.03798,63.44,0,right,27.35,
1046,41.84,Player_Near,0.30579,246.183,0,right,220.17,
1046,41.84,Player_Far,0.01624,9.857,0,right,11.69,
1047,41.88,Player_Near,0.2622,129.774,0,right,188.79,
1047,41.88,Player_Far,0.00438,82.464,0,right,3.15,
1048,41.92,Player_Near,0.19214,142.766,0,right,138.34,
1048,41.92,Player_Far,0.02026,10.53,0,right,14.59,
1049,41.96,Player_Near,0.1087,22.633,0,right,78.27,
1049,41.96,Player_Far,0.01388,53.767,0,right,10.0,
1050,42.0,Player_Near,0.31434,353.948,0,left,226.33,
1050,42.0,Player_Far,0.00612,11.877,0,left,4.41,
1051,42.04,Player_Near,0.45297,449.559,0,left,326.13,
1051,42.04,Player_Far,0.00703,0.246,0,left,5.06,
1052,42.08,Player_Near,0.52383,490.357,0,left,377.15,
1052,42.08,Player_Far,0.00985,11.217,0,left,7.09,
1053,42.12,Player_Near,0.47478,201.015,0,left,341.84,
1053,42.12,Player_Far,0.01004,25.091,0,left,7.23,
1054,42.16,Player_Near,0.36575,99.71,0,left,263.34,
1054,42.16,Player_Far,0.06637,120.77,0,right,47.79,
1055,42.2,Player_Near,0.22605,137.103,0,left,162.76,
1055,42.2,Player_Far,0.01577,35.553,0,right,11.36,
1056,42.24,Player_Near,0.07601,178.474,0,left,54.73,
1056,42.24,Player_Far,0.01649,23.728,0,right,11.88,
1057,42.28,Player_Near,0.17856,174.182,0,left,128.57,
1057,42.28,Player_Far,0.03809,87.139,0,right,27.42,
1058,42.32,Player_Near,0.40079,278.421,0,right,288.57,
1058,42.32,Player_Far,0.03692,3.8,0,right,26.58,
1059,42.36,Player_Near,0.0076,173.12,0,right,5.47,
1059,42.36,Player_Far,0.06305,146.433,0,right,45.39,
1060,42.4,Player_Near,0.11789,39.931,0,right,84.88,
1060,42.4,Player_Far,0.03115,85.839,0,right,22.43,
1061,42.44,Player_Near,0.28783,546.361,0,right,207.24,
1061,42.44,Player_Far,0.03825,0.0,0,right,27.54,
1062,42.48,Player_Near,0.13126,808.845,0,right,94.51,
1062,42.48,Player_Far,0.06398,0.0,0,right,46.07,
1063,42.52,Player_Near,0.09393,309.751,0,right,67.63,
1063,42.52,Player_Far,0.06652,0.0,0,right,47.9,
1064,42.56,Player_Near,0.04167,353.331,0,right,30.0,
1064,42.56,Player_Far,0.0244,0.0,0,right,17.57,
1065,42.6,Player_Near,0.08028,565.055,0,right,57.8,
1065,42.6,Player_Far,0.08375,0.0,0,right,60.3,
1066,42.64,Player_Near,0.09913,446.455,0,right,71.37,
1066,42.64,Player_Far,0.02399,0.0,0,right,17.27,
1067,42.68,Player_Near,0.11311,308.242,0,right,81.44,
1067,42.68,Player_Far,0.06733,0.0,0,right,48.48,
1068,42.72,Player_Near,0.0537,142.108,0,right,38.66,
1068,42.72,Player_Far,0.0,0.0,0,right,0.0,
1069,42.76,Player_Near,0.06406,147.481,0,right,46.13,
1069,42.76,Player_Far,0.0,0.0,0,right,0.0,
1070,42.8,Player_Near,0.02263,83.313,0,right,16.29,
1070,42.8,Player_Far,0.0,0.0,0,right,0.0,
1071,42.84,Player_Near,0.02833,78.416,0,right,20.4,
1071,42.84,Player_Far,0.0,0.0,0,right,0.0,
1072,42.88,Player_Near,0.17639,29.26,0,left,127.0,
1072,42.88,Player_Far,0.00536,25.746,0,left,3.86,
1073,42.92,Player_Near,0.16452,67.09,0,left,118.45,
1073,42.92,Player_Far,0.04507,3.294,0,left,32.45,
1074,42.96,Player_Near,0.44623,175.809,0,left,321.29,
1074,42.96,Player_Far,0.04539,31.79,0,left,32.68,
1075,43.0,Player_Near,0.32821,201.179,0,left,236.31,
1075,43.0,Player_Far,0.02552,5.198,0,left,18.38,
1076,43.04,Player_Near,0.73251,425.832,0,left,527.41,
1076,43.04,Player_Far,0.02396,8.809,0,left,17.25,
1077,43.08,Player_Near,0.11339,267.214,0,left,81.64,
1077,43.08,Player_Far,0.0222,5.443,0,left,15.98,
1078,43.12,Player_Near,0.01986,506.619,0,left,14.3,
1078,43.12,Player_Far,0.00851,3.223,0,left,6.13,
1079,43.16,Player_Near,1.07645,382.557,0,right,775.04,
1079,43.16,Player_Far,0.02495,17.785,0,left,17.97,
1080,43.2,Player_Near,1.32541,21.491,0,right,954.29,
1080,43.2,Player_Far,0.02235,16.137,0,left,16.09,
1081,43.24,Player_Near,0.22603,73.56,0,right,162.74,
1081,43.24,Player_Far,0.02936,6.887,0,left,21.14,
1082,43.28,Player_Near,0.98639,61.578,1,right,710.2,1080
1082,43.28,Player_Far,0.02016,21.095,0,left,14.52,
1083,43.32,Player_Near,0.78399,79.627,0,right,564.47,
1083,43.32,Player_Far,0.03505,19.85,0,left,25.24,
1084,43.36,Player_Near,0.51363,1580.099,0,right,369.82,
1084,43.36,Player_Far,0.01964,17.626,0,left,14.14,
1085,43.4,Player_Near,0.28693,731.902,0,left,206.59,
1085,43.4,Player_Far,0.01334,16.711,0,left,9.6,
1086,43.44,Player_Near,0.4106,980.06,0,left,295.63,
1086,43.44,Player_Far,0.01815,39.353,0,left,13.07,
1087,43.48,Player_Near,0.40922,593.723,0,left,294.64,
1087,43.48,Player_Far,0.04789,40.095,0,left,34.48,
1088,43.52,Player_Near,0.16689,4.855,0,right,120.16,
1088,43.52,Player_Far,0.07133,1.497,0,left,51.36,
1089,43.56,Player_Near,0.18682,33.931,0,right,134.51,
1089,43.56,Player_Far,0.02741,67.14,0,left,19.73,
1090,43.6,Player_Near,0.19806,66.917,0,right,142.6,
1090,43.6,Player_Far,0.03881,13.482,0,left,27.94,
1091,43.64,Player_Near,0.17398,81.697,0,right,125.27,
1091,43.64,Player_Far,0.03121,17.711,0,left,22.47,
1092,43.68,Player_Near,0.15295,212.118,0,left,110.13,
1092,43.68,Player_Far,0.01876,13.973,0,left,13.51,
1093,43.72,Player_Near,0.21192,169.462,0,left,152.59,
1093,43.72,Player_Far,0.00899,37.527,0,left,6.47,
1094,43.76,Player_Near,0.27676,293.308,0,left,199.27,
1094,43.76,Player_Far,0.03713,12.563,0,left,26.73,
1095,43.8,Player_Near,0.15161,1880.657,0,left,109.16,
1095,43.8,Player_Far,0.00946,15.376,0,left,6.81,
1096,43.84,Player_Near,0.01433,387.105,0,left,10.32,
1096,43.84,Player_Far,0.02003,25.169,0,left,14.42,
1097,43.88,Player_Near,0.19962,208.624,0,left,143.72,
1097,43.88,Player_Far,0.08458,0.0,0,right,60.9,
1098,43.92,Player_Near,0.1652,113.058,0,left,118.94,
1098,43.92,Player_Far,0.03622,0.0,0,right,26.08,
1099,43.96,Player_Near,0.19827,100.693,0,right,142.75,
1099,43.96,Player_Far,0.05041,0.0,0,right,36.29,
1100,44.0,Player_Near,0.19101,155.03,0,right,137.53,
1100,44.0,Player_Far,0.00569,9.138,0,right,4.1,
1101,44.04,Player_Near,0.03467,444.89,0,right,24.96,
1101,44.04,Player_Far,0.00798,54.831,0,right,5.75,
1102,44.08,Player_Near,0.0,0.0,0,right,0.0,
1102,44.08,Player_Far,0.01558,145.01,0,right,11.22,
1103,44.12,Player_Near,0.0,0.0,0,right,0.0,
1103,44.12,Player_Far,0.0546,184.325,0,right,39.31,
1104,44.16,Player_Near,0.0,0.0,0,right,0.0,
1104,44.16,Player_Far,0.03807,83.202,0,right,27.41,
1105,44.2,Player_Near,0.0,0.0,0,right,0.0,
1105,44.2,Player_Far,0.00332,41.655,0,right,2.39,
1106,44.24,Player_Near,0.0,0.0,0,none,0.0,
1106,44.24,Player_Far,0.05973,11.004,0,left,43.0,
1107,44.28,Player_Near,0.0,0.0,0,none,0.0,
1107,44.28,Player_Far,0.03113,2.943,0,left,22.42,
1108,44.32,Player_Near,0.0,0.0,0,none,0.0,
1108,44.32,Player_Far,0.0451,60.731,0,left,32.47,
1109,44.36,Player_Near,0.0,0.0,0,none,0.0,
1109,44.36,Player_Far,0.07213,382.282,0,right,51.93,
1110,44.4,Player_Near,0.0,0.0,0,none,0.0,
1110,44.4,Player_Far,0.02311,44.396,0,right,16.64,
1111,44.44,Player_Near,0.0,0.0,0,none,0.0,
1111,44.44,Player_Far,0.03413,233.22,0,right,24.57,
1112,44.48,Player_Near,0.0,0.0,0,none,0.0,
1112,44.48,Player_Far,0.14697,113.922,0,right,105.82,
1113,44.52,Player_Near,0.0,0.0,0,none,0.0,
1113,44.52,Player_Far,0.03844,104.383,0,right,27.68,
1114,44.56,Player_Near,0.0,0.0,0,none,0.0,
1114,44.56,Player_Far,0.02564,16.954,0,right,18.46,
1115,44.6,Player_Near,0.0,0.0,0,none,0.0,
1115,44.6,Player_Far,0.01027,35.122,0,right,7.39,
1116,44.64,Player_Near,0.0,0.0,0,none,0.0,
1116,44.64,Player_Far,0.18226,213.311,0,right,131.23,
1117,44.68,Player_Near,0.0,0.0,0,none,0.0,
1117,44.68,Player_Far,0.04183,81.162,0,right,30.12,
1118,44.72,Player_Near,0.0,0.0,0,none,0.0,
1118,44.72,Player_Far,0.03157,178.131,0,right,22.73,
1119,44.76,Player_Near,0.0,0.0,0,none,0.0,
1119,44.76,Player_Far,0.02355,53.552,0,right,16.96,
1120,44.8,Player_Near,0.0,0.0,0,none,0.0,
1120,44.8,Player_Far,0.03147,107.883,0,right,22.66,
1121,44.84,Player_Near,0.0,0.0,0,none,0.0,
1121,44.84,Player_Far,0.0293,25.493,0,left,21.1,
1122,44.88,Player_Near,0.0,0.0,0,none,0.0,
1122,44.88,Player_Far,0.00987,50.75,0,right,7.11,
1123,44.92,Player_Near,0.0,0.0,0,none,0.0,
1123,44.92,Player_Far,0.01409,37.656,0,right,10.14,
1124,44.96,Player_Near,0.0,0.0,0,none,0.0,
1124,44.96,Player_Far,0.05859,37.942,0,right,42.18,
1125,45.0,Player_Near,0.0,0.0,0,none,0.0,
1125,45.0,Player_Far,0.06507,176.889,0,right,46.85,
1126,45.04,Player_Near,0.0,0.0,0,none,0.0,
1126,45.04,Player_Far,0.00667,30.135,0,right,4.8,
1127,45.08,Player_Near,0.0,0.0,0,none,0.0,
1127,45.08,Player_Far,0.02435,50.919,0,right,17.53,
1128,45.12,Player_Near,0.0,0.0,0,none,0.0,
1128,45.12,Player_Far,0.04639,10.766,0,right,33.4,
1129,45.16,Player_Near,0.23151,168.214,0,left,166.68,
1129,45.16,Player_Far,0.15807,8.335,0,left,113.81,
1130,45.2,Player_Near,0.28271,148.706,0,left,203.55,
1130,45.2,Player_Far,0.01055,31.138,0,left,7.6,
1131,45.24,Player_Near,0.86465,131.432,0,left,622.55,
1131,45.24,Player_Far,0.18554,58.212,0,right,133.59,
1132,45.28,Player_Near,0.10697,140.097,0,left,77.02,
1132,45.28,Player_Far,0.12619,147.306,0,right,90.86,
1133,45.32,Player_Near,0.06092,65.052,0,left,43.86,
1133,45.32,Player_Far,0.02949,137.134,0,right,21.23,
1134,45.36,Player_Near,0.0644,213.517,0,left,46.37,
1134,45.36,Player_Far,0.24008,83.534,0,right,172.86,
1135,45.4,Player_Near,0.11536,516.694,0,left,83.06,
1135,45.4,Player_Far,0.24417,28.341,0,left,175.8,
1136,45.44,Player_Near,0.04948,2173.971,0,left,35.63,
1136,45.44,Player_Far,0.23203,9.156,0,left,167.06,
1137,45.48,Player_Near,0.2814,2293.513,0,left,202.61,
1137,45.48,Player_Far,0.18876,2.768,0,left,135.9,
1138,45.52,Player_Near,0.4861,1137.351,0,left,349.99,
1138,45.52,Player_Far,0.01154,17.908,0,left,8.31,
1139,45.56,Player_Near,0.22202,290.325,0,left,159.85,
1139,45.56,Player_Far,0.04924,6.149,0,left,35.45,
1140,45.6,Player_Near,0.10964,158.966,0,left,78.94,
1140,45.6,Player_Far,0.01506,29.992,0,right,10.84,
1141,45.64,Player_Near,0.10981,57.714,0,left,79.07,
1141,45.64,Player_Far,0.02803,3.344,0,right,20.18,
1142,45.68,Player_Near,0.10653,148.382,0,left,76.7,
1142,45.68,Player_Far,0.05693,303.976,0,right,40.99,
1143,45.72,Player_Near,0.08649,5.235,0,left,62.27,
1143,45.72,Player_Far,0.05049,142.029,0,right,36.35,
1144,45.76,Player_Near,0.16698,90.876,0,left,120.23,
1144,45.76,Player_Far,0.04067,122.626,0,right,29.28,
1145,45.8,Player_Near,0.04372,15.061,0,left,31.48,
1145,45.8,Player_Far,0.03473,98.748,0,right,25.01,
1146,45.84,Player_Near,0.05122,181.137,0,left,36.88,
1146,45.84,Player_Far,0.01574,18.202,0,right,11.33,
1147,45.88,Player_Near,0.07848,40.541,0,left,56.51,
1147,45.88,Player_Far,0.02329,26.988,0,right,16.77,
1148,45.92,Player_Near,0.22547,126.453,0,left,162.34,
1148,45.92,Player_Far,0.02461,42.811,0,right,17.72,
1149,45.96,Player_Near,0.36639,643.291,0,right,263.8,
1149,45.96,Player_Far,0.04192,168.922,0,right,30.18,
1150,46.0,Player_Near,0.28356,449.351,0,right,204.16,
1150,46.0,Player_Far,0.05945,38.234,0,right,42.8,
1151,46.04,Player_Near,0.71594,48.839,0,right,515.48,
1151,46.04,Player_Far,0.04067,233.641,0,right,29.28,
1152,46.08,Player_Near,0.07652,30.115,0,right,55.1,
1152,46.08,Player_Far,0.01994,75.379,0,right,14.36,
1153,46.12,Player_Near,0.20833,522.133,0,right,149.99,
1153,46.12,Player_Far,0.02462,216.72,0,right,17.73,
1154,46.16,Player_Near,0.18406,178.926,0,right,132.52,
1154,46.16,Player_Far,0.02367,133.61,0,right,17.04,
1155,46.2,Player_Near,0.16581,97.99,0,right,119.38,
1155,46.2,Player_Far,0.04167,14.274,0,left,30.0,
1156,46.24,Player_Near,0.24826,148.479,0,left,178.74,
1156,46.24,Player_Far,0.03508,66.422,0,left,25.26,
1157,46.28,Player_Near,0.56776,154.879,0,right,408.79,
1157,46.28,Player_Far,0.01447,26.392,0,left,10.42,
1158,46.32,Player_Near,0.69988,106.253,0,right,503.92,
1158,46.32,Player_Far,0.01049,23.128,0,left,7.55,
1159,46.36,Player_Near,0.78424,1.664,0,left,564.65,
1159,46.36,Player_Far,0.02798,13.667,0,left,20.15,
1160,46.4,Player_Near,0.0,0.0,0,left,0.0,
1160,46.4,Player_Far,0.04153,13.337,0,left,29.9,
1161,46.44,Player_Near,0.0,0.0,0,left,0.0,
1161,46.44,Player_Far,0.06649,27.382,0,left,47.87,
1162,46.48,Player_Near,0.0,0.0,0,left,0.0,
1162,46.48,Player_Far,0.03842,17.113,0,left,27.66,
1163,46.52,Player_Near,0.0,0.0,0,left,0.0,
1163,46.52,Player_Far,0.03912,37.304,0,left,28.17,
1164,46.56,Player_Near,0.50788,87.021,0,right,365.67,
1164,46.56,Player_Far,0.02636,24.88,0,left,18.98,
1165,46.6,Player_Near,0.69522,256.438,0,right,500.56,
1165,46.6,Player_Far,0.03847,15.669,0,left,27.7,
1166,46.64,Player_Near,0.70837,1069.43,0,right,510.03,
1166,46.64,Player_Far,0.02304,90.961,0,right,16.59,
1167,46.68,Player_Near,0.48765,660.962,0,right,351.11,
1167,46.68,Player_Far,0.02706,64.464,0,right,19.48,
1168,46.72,Player_Near,0.1367,190.168,0,right,98.42,
1168,46.72,Player_Far,0.04218,151.824,0,right,30.37,
1169,46.76,Player_Near,0.26635,303.617,0,right,191.77,
1169,46.76,Player_Far,0.06474,16.806,0,left,46.61,
1170,46.8,Player_Near,0.16456,232.491,0,right,118.49,
1170,46.8,Player_Far,0.01648,14.172,0,left,11.86,
1171,46.84,Player_Near,0.04576,135.645,0,right,32.95,
1171,46.84,Player_Far,0.03307,1.967,0,left,23.81,
1172,46.88,Player_Near,0.09927,333.647,0,right,71.47,
1172,46.88,Player_Far,0.07674,3.005,0,left,55.25,
1173,46.92,Player_Near,0.40861,807.795,0,right,294.2,
1173,46.92,Player_Far,0.03404,54.397,0,left,24.51,
1174,46.96,Player_Near,0.64422,1844.504,0,right,463.84,
1174,46.96,Player_Far,0.01941,44.004,0,left,13.97,
1175,47.0,Player_Near,0.91492,690.066,0,right,658.74,
1175,47.0,Player_Far,0.05491,62.228,0,left,39.54,
1176,47.04,Player_Near,0.76025,147.836,0,right,547.38,
1176,47.04,Player_Far,0.04766,17.036,0,left,34.32,
1177,47.08,Player_Near,0.80578,66.61,0,right,580.16,
1177,47.08,Player_Far,0.03694,40.981,0,right,26.6,
1178,47.12,Player_Near,0.92722,52.325,0,right,667.59,
1178,47.12,Player_Far,0.02095,112.766,0,right,15.09,
1179,47.16,Player_Near,0.47982,215.472,0,right,345.47,
1179,47.16,Player_Far,0.01154,57.398,0,right,8.31,
1180,47.2,Player_Near,0.36417,236.273,0,right,262.21,
1180,47.2,Player_Far,0.0126,13.904,0,left,9.07,
1181,47.24,Player_Near,0.5529,178.188,0,right,398.09,
1181,47.24,Player_Far,0.04412,15.48,0,left,31.77,
1182,47.28,Player_Near,0.50988,12.661,0,right,367.11,
1182,47.28,Player_Far,0.03149,27.495,0,left,22.67,
1183,47.32,Player_Near,0.69384,7.612,0,right,499.56,
1183,47.32,Player_Far,0.00996,20.62,0,left,7.17,
1184,47.36,Player_Near,2.05948,107.822,0,right,1482.82,
1184,47.36,Player_Far,0.02032,3.268,0,left,14.63,
1185,47.4,Player_Near,0.66108,176.804,0,right,475.98,
1185,47.4,Player_Far,0.03876,22.635,0,left,27.91,
1186,47.44,Player_Near,0.17559,832.224,1,right,126.42,1184
1186,47.44,Player_Far,0.01161,2.689,0,left,8.36,
1187,47.48,Player_Near,0.68105,147.113,0,right,490.36,
1187,47.48,Player_Far,0.00057,12.091,0,left,0.41,
1188,47.52,Player_Near,0.20206,665.633,0,right,145.48,
1188,47.52,Player_Far,0.06957,8.735,0,left,50.09,
1189,47.56,Player_Near,0.14504,1000.386,0,right,104.43,
1189,47.56,Player_Far,0.09746,67.771,0,left,70.17,
1190,47.6,Player_Near,0.2559,262.082,0,right,184.25,
1190,47.6,Player_Far,0.04715,6.946,0,left,33.95,
1191,47.64,Player_Near,0.51235,314.304,0,right,368.89,
1191,47.64,Player_Far,0.02215,11.362,0,left,15.95,
1192,47.68,Player_Near,0.92722,412.34,0,right,667.59,
1192,47.68,Player_Far,0.03033,11.612,0,left,21.83,
1193,47.72,Player_Near,1.02496,150.497,0,right,737.97,
1193,47.72,Player_Far,0.07501,3.511,0,left,54.01,
1194,47.76,Player_Near,1.05287,154.178,0,right,758.07,
1194,47.76,Player_Far,0.02007,24.596,0,left,14.45,
1195,47.8,Player_Near,0.69671,129.571,0,right,501.63,
1195,47.8,Player_Far,0.02372,26.201,0,left,17.08,
1196,47.84,Player_Near,0.31682,666.244,0,right,228.11,
1196,47.84,Player_Far,0.20111,3.129,0,left,144.8,
1197,47.88,Player_Near,0.49735,2833.52,0,right,358.1,
1197,47.88,Player_Far,0.0245,9.058,0,left,17.64,
1198,47.92,Player_Near,1.42599,419.776,0,right,1026.71,
1198,47.92,Player_Far,0.03994,6.274,0,left,28.75,
1199,47.96,Player_Near,0.27242,598.995,0,right,196.15,
1199,47.96,Player_Far,0.08719,7.121,0,left,62.78,
1200,48.0,Player_Near,0.56283,393.885,1,right,405.23,1198
1200,48.0,Player_Far,0.01237,13.736,0,left,8.91,
1201,48.04,Player_Near,0.62729,47.029,0,right,451.65,
1201,48.04,Player_Far,0.00457,18.25,0,left,3.29,
1202,48.08,Player_Near,0.1412,64.223,0,right,101.66,
1202,48.08,Player_Far,0.02634,13.618,0,left,18.97,
1203,48.12,Player_Near,1.02096,68.347,0,right,735.09,
1203,48.12,Player_Far,0.05494,26.433,0,left,39.56,
1204,48.16,Player_Near,0.17174,23.588,0,right,123.65,
1204,48.16,Player_Far,0.23853,38.031,0,left,171.74,
1205,48.2,Player_Near,0.24001,71.176,0,right,172.81,
1205,48.2,Player_Far,0.02892,17.403,0,left,20.82,
1206,48.24,Player_Near,0.23894,41.586,0,right,172.03,
1206,48.24,Player_Far,0.01845,21.404,0,left,13.29,
1207,48.28,Player_Near,0.07823,70.476,0,right,56.32,
1207,48.28,Player_Far,0.19164,2.722,0,left,137.98,
1208,48.32,Player_Near,0.2857,85.226,0,left,205.7,
1208,48.32,Player_Far,0.05199,13.283,0,left,37.43,
1209,48.36,Player_Near,0.30544,36.854,0,left,219.92,
1209,48.36,Player_Far,0.01818,53.373,0,left,13.09,
1210,48.4,Player_Near,0.20131,15.433,0,left,144.94,
1210,48.4,Player_Far,0.04803,2.826,0,left,34.58,
1211,48.44,Player_Near,0.23511,470.763,0,left,169.28,
1211,48.44,Player_Far,0.01196,1.109,0,left,8.61,
1212,48.48,Player_Near,0.0844,395.148,0,left,60.77,
1212,48.48,Player_Far,0.08346,33.359,0,left,60.09,
1213,48.52,Player_Near,0.19101,819.089,0,left,137.52,
1213,48.52,Player_Far,0.02982,57.447,0,left,21.47,
1214,48.56,Player_Near,0.38598,217.516,0,right,277.9,
1214,48.56,Player_Far,0.01242,8.736,0,left,8.94,
1215,48.6,Player_Near,0.40517,80.163,0,right,291.72,
1215,48.6,Player_Far,0.01187,18.208,0,left,8.54,
1216,48.64,Player_Near,0.51216,35.98,0,right,368.76,
1216,48.64,Player_Far,0.06116,127.913,0,left,44.04,
1217,48.68,Player_Near,0.0,0.0,0,right,0.0,
1217,48.68,Player_Far,0.03622,2.511,0,left,26.08,
1218,48.72,Player_Near,0.0,0.0,0,right,0.0,
1218,48.72,Player_Far,0.03939,102.91,0,left,28.36,
1219,48.76,Player_Near,0.0,0.0,0,right,0.0,
1219,48.76,Player_Far,0.04658,50.531,0,left,33.54,
1220,48.8,Player_Near,0.0,0.0,0,right,0.0,
1220,48.8,Player_Far,0.02318,12.411,0,left,16.69,
1221,48.84,Player_Near,0.0,0.0,0,left,0.0,
1221,48.84,Player_Far,0.01937,1.856,0,left,13.95,
1222,48.88,Player_Near,0.0,0.0,0,none,0.0,
1222,48.88,Player_Far,0.02052,24.723,0,left,14.77,
1223,48.92,Player_Near,0.0,0.0,0,none,0.0,
1223,48.92,Player_Far,0.04675,143.924,0,right,33.66,
1224,48.96,Player_Near,0.0,0.0,0,none,0.0,
1224,48.96,Player_Far,0.00683,214.422,0,right,4.92,
1225,49.0,Player_Near,0.0,0.0,0,none,0.0,
1225,49.0,Player_Far,0.23973,29.294,0,left,172.61,
1226,49.04,Player_Near,0.0,0.0,0,none,0.0,
1226,49.04,Player_Far,0.24778,0.827,0,left,178.4,
1227,49.08,Player_Near,0.0,0.0,0,none,0.0,
1227,49.08,Player_Far,0.02717,16.511,0,left,19.56,
1228,49.12,Player_Near,0.0,0.0,0,none,0.0,
1228,49.12,Player_Far,0.21449,14.197,0,left,154.43,
1229,49.16,Player_Near,0.0,0.0,0,none,0.0,
1229,49.16,Player_Far,0.2548,12.675,0,left,183.46,
1230,49.2,Player_Near,0.0,0.0,0,none,0.0,
1230,49.2,Player_Far,0.01526,4.309,0,left,10.99,
1231,49.24,Player_Near,0.0,0.0,0,none,0.0,
1231,49.24,Player_Far,0.14498,6.228,0,left,104.39,
1232,49.28,Player_Near,0.0,0.0,0,none,0.0,
1232,49.28,Player_Far,0.15382,1.163,0,left,110.75,
1233,49.32,Player_Near,0.0,0.0,0,none,0.0,
1233,49.32,Player_Far,0.04198,6.46,0,left,30.23,
1234,49.36,Player_Near,0.0,0.0,0,none,0.0,
1234,49.36,Player_Far,0.00466,80.563,0,right,3.35,
1235,49.4,Player_Near,0.0,0.0,0,none,0.0,
1235,49.4,Player_Far,0.01474,109.545,0,right,10.61,
1236,49.44,Player_Near,0.0,0.0,0,none,0.0,
1236,49.44,Player_Far,0.02417,209.854,0,right,17.4,
1237,49.48,Player_Near,0.0,0.0,0,none,0.0,
1237,49.48,Player_Far,0.01047,22.679,0,left,7.54,
1238,49.52,Player_Near,0.0,0.0,0,none,0.0,
1238,49.52,Player_Far,0.0255,20.903,0,left,18.36,
1239,49.56,Player_Near,0.0,0.0,0,none,0.0,
1239,49.56,Player_Far,0.01372,2.163,0,left,9.88,
1240,49.6,Player_Near,0.0,0.0,0,none,0.0,
1240,49.6,Player_Far,0.02979,24.651,0,left,21.45,
1241,49.64,Player_Near,0.0,0.0,0,none,0.0,
1241,49.64,Player_Far,0.00823,21.78,0,left,5.93,
1242,49.68,Player_Near,0.0,0.0,0,none,0.0,
1242,49.68,Player_Far,0.01582,28.385,0,left,11.39,
1243,49.72,Player_Near,0.0,0.0,0,none,0.0,
1243,49.72,Player_Far,0.03506,26.455,0,left,25.24,
1244,49.76,Player_Near,0.0,0.0,0,none,0.0,
1244,49.76,Player_Far,0.01437,10.442,0,left,10.35,
1245,49.8,Player_Near,0.0,0.0,0,none,0.0,
1245,49.8,Player_Far,0.1836,21.19,0,left,132.19,
1246,49.84,Player_Near,0.0,0.0,0,none,0.0,
1246,49.84,Player_Far,0.03757,12.797,0,left,27.05,
1247,49.88,Player_Near,0.0,0.0,0,none,0.0,
1247,49.88,Player_Far,0.15763,18.904,0,left,113.49,
1248,49.92,Player_Near,0.0,0.0,0,none,0.0,
1248,49.92,Player_Far,0.12924,6.158,0,left,93.05,
1249,49.96,Player_Near,0.0,0.0,0,none,0.0,
1249,49.96,Player_Far,0.01591,16.951,0,left,11.46,
1250,50.0,Player_Near,0.23905,34.708,0,left,172.12,
1250,50.0,Player_Far,0.01896,8.425,0,left,13.65,
1251,50.04,Player_Near,0.08606,114.017,0,left,61.96,
1251,50.04,Player_Far,0.02032,3.702,0,left,14.63,
1252,50.08,Player_Near,0.09652,48.273,0,left,69.5,
1252,50.08,Player_Far,0.04371,19.955,0,left,31.47,
1253,50.12,Player_Near,0.31191,17.166,0,left,224.58,
1253,50.12,Player_Far,0.11423,142.876,0,right,82.25,
1254,50.16,Player_Near,0.27623,19.719,0,left,198.89,
1254,50.16,Player_Far,0.00647,119.854,0,right,4.66,
1255,50.2,Player_Near,0.33028,3.515,0,left,237.8,
1255,50.2,Player_Far,0.11672,70.176,0,right,84.04,
1256,50.24,Player_Near,0.34352,2.362,0,left,247.33,
1256,50.24,Player_Far,0.01182,93.859,0,right,8.51,
1257,50.28,Player_Near,0.12544,10.208,0,left,90.32,
1257,50.28,Player_Far,0.07248,15.926,0,right,52.19,
1258,50.32,Player_Near,0.15167,2.466,0,left,109.2,
1258,50.32,Player_Far,0.01563,34.671,0,right,11.26,
1259,50.36,Player_Near,0.08257,27.412,0,left,59.45,
1259,50.36,Player_Far,0.07004,26.462,0,right,50.43,
1260,50.4,Player_Near,0.12096,35.004,0,left,87.09,
1260,50.4,Player_Far,0.01019,11.627,0,right,7.34,
1261,50.44,Player_Near,0.33593,0.508,0,left,241.87,
1261,50.44,Player_Far,0.03755,93.186,0,right,27.03,
1262,50.48,Player_Near,0.16244,4.295,0,left,116.95,
1262,50.48,Player_Far,0.00488,13.336,0,right,3.51,
1263,50.52,Player_Near,0.04692,13.507,0,left,33.78,
1263,50.52,Player_Far,0.04038,11.917,0,right,29.08,
1264,50.56,Player_Near,0.10999,27.081,0,left,79.19,
1264,50.56,Player_Far,0.00154,43.493,0,right,1.11,
1265,50.6,Player_Near,0.0452,26.282,0,left,32.55,
1265,50.6,Player_Far,0.01864,0.279,0,right,13.42,
1266,50.64,Player_Near,0.08102,36.744,0,left,58.34,
1266,50.64,Player_Far,0.00249,34.647,0,right,1.79,
1267,50.68,Player_Near,0.23123,39.786,0,left,166.49,
1267,50.68,Player_Far,0.03085,24.896,0,right,22.21,
1268,50.72,Player_Near,0.26011,0.162,0,left,187.28,
1268,50.72,Player_Far,0.0,0.0,0,left,0.0,
1269,50.76,Player_Near,0.08285,22.116,0,left,59.65,
1269,50.76,Player_Far,0.0,0.0,0,left,0.0,
1270,50.8,Player_Near,0.1479,3.987,0,left,106.49,
1270,50.8,Player_Far,15.8863,3891.412,0,right,11438.14,
1271,50.84,Player_Near,0.16702,13.488,0,left,120.25,
1271,50.84,Player_Far,0.65723,206.366,0,right,473.2,
1272,50.88,Player_Near,0.17547,16.169,0,left,126.34,
1272,50.88,Player_Far,0.15313,1203.55,1,right,110.25,1270
1273,50.92,Player_Near,0.2372,94.152,0,right,170.79,
1273,50.92,Player_Far,0.15527,721.439,0,right,111.79,
1274,50.96,Player_Near,0.1382,19.634,0,right,99.5,
1274,50.96,Player_Far,0.17992,271.175,0,right,129.54,
1275,51.0,Player_Near,0.25366,77.684,0,left,182.64,
1275,51.0,Player_Far,0.06974,548.76,0,right,50.21,
1276,51.04,Player_Near,0.13295,32.628,0,left,95.73,
1276,51.04,Player_Far,0.05543,166.915,0,left,39.91,
1277,51.08,Player_Near,0.11178,8.017,0,left,80.48,
1277,51.08,Player_Far,0.09153,43.653,0,left,65.9,
1278,51.12,Player_Near,0.08939,67.294,0,left,64.36,
1278,51.12,Player_Far,0.04838,13.013,0,left,34.84,
1279,51.16,Player_Near,0.17973,15.694,0,left,129.4,
1279,51.16,Player_Far,0.08123,68.58,0,right,58.49,
1280,51.2,Player_Near,0.09484,81.947,0,left,68.29,
1280,51.2,Player_Far,0.03057,54.014,0,right,22.01,
1281,51.24,Player_Near,0.01408,48.2,0,left,10.14,
1281,51.24,Player_Far,0.01421,104.969,0,right,10.23,
1282,51.28,Player_Near,0.04061,782.541,0,left,29.24,
1282,51.28,Player_Far,0.02594,24.333,0,right,18.68,
1283,51.32,Player_Near,0.10523,771.717,0,left,75.76,
1283,51.32,Player_Far,0.05898,79.732,0,right,42.46,
1284,51.36,Player_Near,0.29155,234.629,0,left,209.91,
1284,51.36,Player_Far,0.10099,17.144,0,right,72.71,
1285,51.4,Player_Near,0.4234,59.231,0,left,304.85,
1285,51.4,Player_Far,0.04977,50.439,0,right,35.83,
1286,51.44,Player_Near,0.23417,29.226,0,left,168.61,
1286,51.44,Player_Far,0.09099,167.162,0,right,65.51,
1287,51.48,Player_Near,0.84475,2062.87,0,left,608.22,
1287,51.48,Player_Far,0.13055,17.0,0,left,93.99,
1288,51.52,Player_Near,0.94392,1014.387,0,left,679.62,
1288,51.52,Player_Far,0.0,0.0,0,left,0.0,
1289,51.56,Player_Near,0.74507,116.585,0,left,536.45,
1289,51.56,Player_Far,0.0,0.0,0,left,0.0,
1290,51.6,Player_Near,0.65462,426.048,0,left,471.33,
1290,51.6,Player_Far,0.10149,12.979,0,left,73.07,
1291,51.64,Player_Near,0.19095,167.345,0,left,137.49,
1291,51.64,Player_Far,0.09351,30.04,0,left,67.32,
1292,51.68,Player_Near,0.54106,75.737,0,left,389.57,
1292,51.68,Player_Far,0.15955,4.545,0,right,114.88,
1293,51.72,Player_Near,0.12725,96.116,0,left,91.62,
1293,51.72,Player_Far,0.08751,114.697,0,right,63.01,
1294,51.76,Player_Near,0.40043,65.907,0,left,288.31,
1294,51.76,Player_Far,12.62324,4253.915,0,right,9088.74,
1295,51.8,Player_Near,0.10347,11.085,0,left,74.5,
1295,51.8,Player_Far,0.29704,284.022,0,right,213.87,
1296,51.84,Player_Near,0.16457,4.867,0,left,118.49,
1296,51.84,Player_Far,0.06767,13.35,1,right,48.72,1294
1297,51.88,Player_Near,0.19275,171.138,0,right,138.78,
1297,51.88,Player_Far,12.20024,286.682,0,right,8784.17,
1298,51.92,Player_Near,0.30546,67.892,0,right,219.93,
1298,51.92,Player_Far,0.24085,1299.161,0,right,173.41,
1299,51.96,Player_Near,0.18273,77.231,0,right,131.57,
1299,51.96,Player_Far,0.04869,1062.16,1,left,35.06,1297
1300,52.0,Player_Near,0.0965,138.982,0,right,69.48,
1300,52.0,Player_Far,0.06281,611.411,0,left,45.22,
1301,52.04,Player_Near,8.27928,1326.127,0,right,5961.08,
1302,52.08,Player_Near,8.69684,90.279,0,right,6261.72,
1303,52.12,Player_Near,6.51473,1899.778,0,right,4690.6,
1304,52.16,Player_Near,1.97149,162.87,1,right,1419.48,1302
1305,52.2,Player_Near,3.10924,152.938,0,right,2238.66,
1306,52.24,Player_Near,1.91487,54.153,0,right,1378.71,
1307,52.28,Player_Near,1.06255,21.007,1,right,765.04,1305
1308,52.32,Player_Near,0.879,41.341,0,right,632.88,
1309,52.36,Player_Near,2.35299,33.137,0,right,1694.15,
1310,52.4,Player_Near,1.65208,132.718,0,left,1189.5,
1311,52.44,Player_Near,1.04126,28.309,1,left,749.71,1309
1312,52.48,Player_Near,0.29066,98.952,0,left,209.28,
1313,52.52,Player_Near,0.36364,21.686,0,left,261.82,
1314,52.56,Player_Near,0.43012,6.991,1,right,309.68,1312
1315,52.6,Player_Near,6.16868,3609.346,0,right,4441.45,
1316,52.64,Player_Near,4.68951,3551.244,0,right,3376.45,
1317,52.68,Player_Near,2.53671,179.409,1,right,1826.43,1315
1318,52.72,Player_Near,1.48034,44.396,0,right,1065.85,
1319,52.76,Player_Near,0.99035,12.508,0,right,713.05,
1320,52.8,Player_Near,1.26334,3.489,0,right,909.6,
1321,52.84,Player_Near,0.0,0.0,0,right,0.0,
1322,52.88,Player_Near,0.0,0.0,1,right,0.0,1320
1323,52.92,Player_Near,0.0,0.0,0,right,0.0,
1324,52.96,Player_Near,0.0,0.0,0,right,0.0,
1325,53.0,Player_Near,2.05948,67.194,0,right,1482.83,
1326,53.04,Player_Near,1.52032,232.948,0,right,1094.63,
1327,53.08,Player_Near,2.9344,51.155,0,right,2112.77,
1328,53.12,Player_Near,6.60443,4454.511,0,right,4755.19,
1329,53.16,Player_Near,7.98979,3163.158,0,left,5752.65,
1330,53.2,Player_Near,4.98187,3001.518,0,left,3586.94,
1331,53.24,Player_Near,2.22358,169.609,1,left,1600.98,1329
1332,53.28,Player_Near,1.10969,91.146,0,left,798.97,
1333,53.32,Player_Near,0.88761,9.827,0,left,639.08,
1334,53.36,Player_Near,0.72946,57.815,0,left,525.21,
1335,53.4,Player_Near,4.33892,1083.405,0,left,3124.02,
1336,53.44,Player_Near,2.6611,811.105,0,left,1915.99,
1337,53.48,Player_Near,1.53955,58.25,1,left,1108.48,1335
1338,53.52,Player_Near,0.7253,228.37,0,left,522.22,
1339,53.56,Player_Near,0.72497,92.221,0,left,521.98,
1340,53.6,Player_Near,0.77817,53.49,0,left,560.29,
1341,53.64,Player_Near,0.90455,39.674,0,left,651.27,
1342,53.68,Player_Near,0.80587,5.86,0,left,580.22,
1343,53.72,Player_Near,1.52816,117.088,0,left,1100.27,
1344,53.76,Player_Near,0.9863,93.273,0,left,710.13,
1345,53.8,Player_Near,1.45239,116.869,0,left,1045.72,
1346,53.84,Player_Near,0.52265,209.848,0,left,376.3,
1347,53.88,Player_Near,0.30822,15.951,1,left,221.92,1345
1348,53.92,Player_Near,0.31588,34.321,0,left,227.44,
1349,53.96,Player_Near,4.82025,1200.34,0,right,3470.58,
1350,54.0,Player_Near,3.39985,2216.148,0,right,2447.89,
1351,54.04,Player_Near,0.73419,98.53,1,right,528.62,1349
1352,54.08,Player_Near,1.47565,1383.495,0,right,1062.47,
1353,54.12,Player_Near,4.40842,1720.155,0,right,3174.06,
1354,54.16,Player_Near,2.24813,617.567,0,right,1618.65,
1355,54.2,Player_Near,1.61506,373.893,1,right,1162.84,1353
1356,54.24,Player_Near,1.66427,130.352,0,right,1198.27,
1357,54.28,Player_Near,6.00311,2917.816,0,right,4322.24,
1358,54.32,Player_Near,0.97693,388.148,0,right,703.39,
1359,54.36,Player_Near,4.36681,2989.045,1,right,3144.1,1357
1360,54.4,Player_Near,3.18202,505.353,0,right,2291.05,
1361,54.44,Player_Near,2.65814,347.156,1,right,1913.86,1359
1362,54.48,Player_Near,1.69192,147.649,0,right,1218.18,
1363,54.52,Player_Near,0.85197,123.349,0,right,613.42,
1364,54.56,Player_Near,0.59886,48.248,0,right,431.18,
1365,54.6,Player_Near,0.47124,30.3,0,right,339.29,
1366,54.64,Player_Near,0.24051,2.744,0,right,173.17,
1367,54.68,Player_Near,1.18706,125.319,0,left,854.68,
1368,54.72,Player_Near,0.42258,35.592,0,left,304.26,
1369,54.76,Player_Near,1.49068,371.531,0,right,1073.29,
1370,54.8,Player_Near,1.82198,4.386,0,left,1311.82,
1371,54.84,Player_Near,1.33504,185.899,0,left,961.23,
1372,54.88,Player_Near,1.59735,104.385,0,left,1150.09,
1373,54.92,Player_Near,1.55721,9.865,0,left,1121.19,
1374,54.96,Player_Near,0.609,41.185,1,left,438.48,1372
1375,55.0,Player_Near,0.48068,49.747,0,left,346.09,
1376,55.04,Player_Near,0.35939,33.618,0,left,258.76,
1377,55.08,Player_Near,1.14116,52.343,0,left,821.64,
1378,55.12,Player_Near,1.19943,42.439,0,left,863.59,
1379,55.16,Player_Near,1.19326,95.059,0,left,859.15,
1380,55.2,Player_Near,0.25401,0.207,0,left,182.89,
1381,55.24,Player_Near,0.13847,79.431,0,left,99.7,
1382,55.28,Player_Near,1.47935,95.78,0,left,1065.13,
1383,55.32,Player_Near,0.91364,2.684,0,left,657.82,
1384,55.36,Player_Near,0.43739,93.004,1,left,314.92,1382
1385,55.4,Player_Near,1.69065,9.733,0,left,1217.27,
1386,55.44,Player_Near,1.00897,54.59,0,left,726.46,
1387,55.48,Player_Near,1.53653,58.482,0,left,1106.3,
1388,55.52,Player_Near,1.20436,79.317,0,left,867.14,
1389,55.56,Player_Near,0.34855,53.988,1,left,250.96,1387
1390,55.6,Player_Near,0.71734,29.115,0,left,516.49,
1391,55.64,Player_Near,2.93532,52.598,0,left,2113.43,
1392,55.68,Player_Near,0.0,0.0,0,left,0.0,
1393,55.72,Player_Near,0.0,0.0,1,left,0.0,1391
1394,55.76,Player_Near,1.40026,89.527,0,left,1008.19,
1395,55.8,Player_Near,5.3312,111.431,0,right,3838.47,
1396,55.84,Player_Near,6.87711,717.051,0,left,4951.52,
1397,55.88,Player_Near,9.08731,1749.958,0,left,6542.87,
1398,55.92,Player_Near,5.27443,571.029,0,left,3797.59,
1399,55.96,Player_Near,3.06323,160.804,1,left,2205.52,1397
1400,56.0,Player_Near,1.31563,61.639,0,left,947.25,
1401,56.04,Player_Near,1.11234,46.563,0,left,800.88,
1402,56.08,Player_Near,0.69795,19.167,0,left,502.52,
1403,56.12,Player_Near,0.0,0.0,0,left,0.0,
1404,56.16,Player_Near,0.0,0.0,0,left,0.0,
1405,56.2,Player_Near,0.0,0.0,0,left,0.0,
1406,56.24,Player_Near,0.0,0.0,0,left,0.0,
1407,56.28,Player_Near,0.0,0.0,0,none,0.0,
1408,56.32,Player_Near,0.0,0.0,0,none,0.0,
1409,56.36,Player_Near,0.0,0.0,0,none,0.0,
1410,56.4,Player_Near,0.0,0.0,0,none,0.0,
1411,56.44,Player_Near,0.0,0.0,0,none,0.0,
1412,56.48,Player_Near,0.0,0.0,0,none,0.0,
1413,56.52,Player_Near,0.0,0.0,0,none,0.0,
1414,56.56,Player_Near,0.0,0.0,0,none,0.0,
1415,56.6,Player_Near,0.0,0.0,0,none,0.0,
1416,56.64,Player_Near,0.0,0.0,0,none,0.0,
1417,56.68,Player_Near,0.0,0.0,0,none,0.0,
1418,56.72,Player_Near,0.0,0.0,0,none,0.0,
1419,56.76,Player_Near,0.0,0.0,0,none,0.0,
1419,56.76,Player_Far,0.0,0.0,0,left,0.0,
1420,56.8,Player_Near,0.0,0.0,0,none,0.0,
1420,56.8,Player_Far,0.0,0.0,0,right,0.0,
1421,56.84,Player_Near,0.0,0.0,0,none,0.0,
1421,56.84,Player_Far,0.2718,997.323,0,right,195.69,
1422,56.88,Player_Near,0.0,0.0,0,none,0.0,
1422,56.88,Player_Far,0.3083,1473.234,0,right,221.98,
1423,56.92,Player_Near,0.0,0.0,0,none,0.0,
1423,56.92,Player_Far,0.13688,250.471,0,right,98.55,
1424,56.96,Player_Near,0.0,0.0,0,none,0.0,
1424,56.96,Player_Far,1.41825,512.605,0,left,1021.14,
1425,57.0,Player_Near,0.0,0.0,0,none,0.0,
1425,57.0,Player_Far,4.89598,4168.146,0,right,3525.11,
1426,57.04,Player_Near,0.0,0.0,0,none,0.0,
1426,57.04,Player_Far,0.59346,43.864,0,right,427.29,
1427,57.08,Player_Near,0.0,0.0,0,none,0.0,
1427,57.08,Player_Far,0.61582,51.541,1,right,443.39,1425
1428,57.12,Player_Near,2.94867,126.027,0,right,2123.04,
1428,57.12,Player_Far,1.33483,17.873,0,right,961.08,
1429,57.16,Player_Near,0.53786,108.854,0,right,387.26,
1429,57.16,Player_Far,0.2746,0.179,0,right,197.71,
1430,57.2,Player_Near,0.50196,26.167,1,right,361.41,1428
1430,57.2,Player_Far,0.6497,0.436,1,right,467.78,1428
1431,57.24,Player_Near,1.18897,194.157,0,right,856.06,
1431,57.24,Player_Far,0.49052,41.88,0,right,353.17,
1432,57.28,Player_Near,0.16824,15.617,0,right,121.13,
1432,57.28,Player_Far,0.7797,18.244,0,right,561.38,
1433,57.32,Player_Near,0.12989,5.22,0,left,93.52,
1433,57.32,Player_Far,0.31747,46.584,0,right,228.58,
1434,57.36,Player_Near,0.55882,73.45,0,left,402.35,
1434,57.36,Player_Far,0.54121,126.988,0,right,389.67,
1435,57.4,Player_Near,1.41027,92.643,0,left,1015.39,
1435,57.4,Player_Far,0.94794,530.769,0,left,682.52,
1436,57.44,Player_Near,0.98781,162.423,0,left,711.22,
1436,57.44,Player_Far,1.56395,1112.768,0,left,1126.04,
1437,57.48,Player_Near,0.60658,61.225,1,left,436.74,1435
1437,57.48,Player_Far,0.44225,216.983,0,left,318.42,
1438,57.52,Player_Near,1.02569,164.067,0,left,738.5,
1438,57.52,Player_Far,0.39329,133.026,1,left,283.17,1436
1439,57.56,Player_Near,0.3396,23.36,0,left,244.51,
1439,57.56,Player_Far,0.40532,198.185,0,left,291.83,
1440,57.6,Player_Near,0.71451,80.257,0,right,514.45,
1440,57.6,Player_Far,0.26417,183.356,0,left,190.2,
1441,57.64,Player_Near,0.39279,14.689,0,right,282.81,
1441,57.64,Player_Far,1.12794,18.914,0,left,812.11,
1442,57.68,Player_Near,1.20857,127.945,0,right,870.17,
1442,57.68,Player_Far,11.32335,187.709,0,right,8152.81,
1443,57.72,Player_Near,0.54403,106.174,0,right,391.7,
1443,57.72,Player_Far,10.85839,49.002,0,right,7818.04,
1444,57.76,Player_Near,0.5821,26.65,1,right,419.11,1442
1444,57.76,Player_Far,11.32486,604.442,0,left,8153.9,
1445,57.8,Player_Near,0.53972,50.856,0,right,388.6,
1445,57.8,Player_Far,10.04219,173.565,0,left,7230.37,
1446,57.84,Player_Near,0.57535,25.597,0,right,414.25,
1446,57.84,Player_Far,0.20557,207.427,1,left,148.01,1444
1447,57.88,Player_Near,0.39822,18.129,0,right,286.72,
1447,57.88,Player_Far,0.02921,11.005,0,left,21.03,
1448,57.92,Player_Near,0.10226,12.978,0,right,73.63,
1448,57.92,Player_Far,0.4192,210.08,0,left,301.82,
1449,57.96,Player_Near,0.13917,15.484,0,right,100.2,
1449,57.96,Player_Far,0.42737,0.124,0,right,307.71,
1450,58.0,Player_Near,0.21108,1.228,0,right,151.98,
1450,58.0,Player_Far,0.22411,119.036,0,right,161.36,
1451,58.04,Player_Near,0.51138,62.115,0,right,368.19,
1451,58.04,Player_Far,10.01586,2185.032,0,left,7211.42,
1452,58.08,Player_Near,0.09412,21.804,0,right,67.77,
1452,58.08,Player_Far,9.66266,794.015,0,left,6957.11,
1453,58.12,Player_Near,1.87051,108.187,0,right,1346.77,
1453,58.12,Player_Far,0.12187,916.592,1,left,87.75,1451
1454,58.16,Player_Near,0.26925,12.672,0,right,193.86,
1454,58.16,Player_Far,1.01209,992.24,0,left,728.71,
1455,58.2,Player_Near,0.68011,37.296,1,right,489.68,1453
1455,58.2,Player_Far,0.9798,362.339,0,left,705.45,
1456,58.24,Player_Near,0.32633,24.963,0,right,234.96,
1456,58.24,Player_Far,1.0546,2.811,0,left,759.31,
1457,58.28,Player_Near,0.15098,1.752,0,right,108.7,
1457,58.28,Player_Far,0.70028,163.569,0,left,504.2,
1458,58.32,Player_Near,0.41749,106.675,0,left,300.59,
1458,58.32,Player_Far,0.44292,48.647,0,left,318.9,
1459,58.36,Player_Near,0.26825,38.663,0,right,193.14,
1459,58.36,Player_Far,0.4986,71.107,0,left,358.99,
1460,58.4,Player_Near,0.07888,120.945,0,left,56.8,
1460,58.4,Player_Far,0.02476,7.526,0,left,17.82,
1461,58.44,Player_Near,0.79891,15.745,0,right,575.21,
1461,58.44,Player_Far,0.2322,22.046,0,left,167.18,
1462,58.48,Player_Near,0.21914,17.06,0,right,157.78,
1462,58.48,Player_Far,0.13279,43.121,0,left,95.61,
1463,58.52,Player_Near,0.32511,51.611,0,right,234.08,
1463,58.52,Player_Far,0.18658,64.342,0,left,134.34,
1464,58.56,Player_Near,0.63048,83.044,0,right,453.95,
1464,58.56,Player_Far,0.05579,2.482,0,right,40.17,
1465,58.6,Player_Near,0.20755,51.742,0,right,149.43,
1465,58.6,Player_Far,0.26425,144.569,0,right,190.26,
1466,58.64,Player_Near,0.19678,23.053,0,right,141.68,
1466,58.64,Player_Far,0.25427,217.306,0,right,183.07,
1467,58.68,Player_Near,0.70763,148.331,0,left,509.5,
1467,58.68,Player_Far,1.38753,3.678,0,left,999.02,
1468,58.72,Player_Near,0.26933,13.229,0,left,193.91,
1468,58.72,Player_Far,0.10094,26.198,0,left,72.68,
1469,58.76,Player_Near,0.05533,16.83,0,left,39.83,
1469,58.76,Player_Far,0.25795,18.447,1,left,185.72,1467
1470,58.8,Player_Near,0.06429,86.608,0,left,46.29,
1470,58.8,Player_Far,0.26962,27.236,0,left,194.13,
1471,58.84,Player_Near,1.36187,289.745,0,right,980.55,
1471,58.84,Player_Far,0.22919,122.815,0,left,165.02,
1472,58.88,Player_Near,0.84951,138.803,0,right,611.65,
1472,58.88,Player_Far,0.06107,30.999,0,right,43.97,
1473,58.92,Player_Near,0.76601,44.743,1,right,551.53,1471
1473,58.92,Player_Far,0.06643,5.481,0,right,47.83,
1474,58.96,Player_Near,0.18033,79.333,0,right,129.83,
1474,58.96,Player_Far,0.58042,6.083,0,left,417.9,
1475,59.0,Player_Near,1.53612,150.451,0,right,1106.0,
1475,59.0,Player_Far,0.08296,30.745,0,left,59.73,
1476,59.04,Player_Near,0.39151,139.578,0,right,281.89,
1476,59.04,Player_Far,1.59376,108.618,0,left,1147.51,
1477,59.08,Player_Near,0.15267,116.379,1,right,109.92,1475
1477,59.08,Player_Far,9.45113,88.888,0,left,6804.81,
1478,59.12,Player_Near,1.27415,319.862,0,right,917.39,
1478,59.12,Player_Far,0.0,0.0,0,left,0.0,
1479,59.16,Player_Near,0.53061,23.145,0,right,382.04,
1479,59.16,Player_Far,0.0,0.0,1,left,0.0,1477
1480,59.2,Player_Near,0.15513,1.973,1,right,111.69,1478
1480,59.2,Player_Far,0.0,0.0,0,left,0.0,
1481,59.24,Player_Near,1.18625,212.9,0,right,854.1,
1481,59.24,Player_Far,0.0866,1.136,0,left,62.35,
1482,59.28,Player_Near,0.95487,106.682,0,right,687.51,
1482,59.28,Player_Far,0.06507,54.847,0,right,46.85,
1483,59.32,Player_Near,0.4017,104.518,0,right,289.23,
1483,59.32,Player_Far,0.12858,53.181,0,left,92.58,
1484,59.36,Player_Near,18.44717,94.976,0,right,13281.96,
1484,59.36,Player_Far,0.21232,61.548,0,right,152.87,
1485,59.4,Player_Near,1.16231,3.226,0,right,836.87,
1485,59.4,Player_Far,0.15588,77.145,0,right,112.23,
1486,59.44,Player_Near,1.23608,10.999,1,right,889.97,1484
1486,59.44,Player_Far,0.19963,74.12,0,right,143.74,
1487,59.48,Player_Near,17.54893,48.103,0,right,12635.23,
1487,59.48,Player_Far,0.1377,29.941,0,right,99.14,
1488,59.52,Player_Near,0.84651,80.615,0,right,609.49,
1488,59.52,Player_Far,0.17335,19.72,0,right,124.81,
1489,59.56,Player_Near,0.34294,133.683,1,left,246.91,1487
1489,59.56,Player_Far,3.17413,3894.012,0,right,2285.37,
1490,59.6,Player_Near,0.35256,105.611,0,left,253.84,
1490,59.6,Player_Far,0.77181,866.331,0,right,555.7,
1491,59.64,Player_Near,0.39181,137.712,0,left,282.11,
1491,59.64,Player_Far,0.12287,1112.032,1,right,88.47,1489
1492,59.68,Player_Near,0.19379,17.289,0,right,139.53,
1492,59.68,Player_Far,0.3488,182.095,0,right,251.14,
1493,59.72,Player_Near,0.20675,26.897,0,right,148.86,
1493,59.72,Player_Far,0.57205,289.437,0,right,411.88,
1494,59.76,Player_Near,0.1296,55.033,0,right,93.31,
1494,59.76,Player_Far,9.53367,239.286,0,left,6864.24,
1495,59.8,Player_Near,0.21009,14.833,0,right,151.27,
1495,59.8,Player_Far,0.33443,50.613,0,left,240.79,
1496,59.84,Player_Near,0.4238,49.279,0,left,305.14,
1496,59.84,Player_Far,9.80539,45.712,0,left,7059.88,
1497,59.88,Player_Near,0.57549,89.287,0,left,414.35,
1497,59.88,Player_Far,0.47905,138.068,0,left,344.92,
1498,59.92,Player_Near,0.60679,35.896,0,right,436.89,
1498,59.92,Player_Far,0.27816,25.315,1,left,200.28,1496
1499,59.96,Player_Near,0.30344,110.033,0,right,218.48,
1499,59.96,Player_Far,0.43345,88.56,0,left,312.09,
1500,60.0,Player_Near,2.07812,456.021,0,right,1496.25,
1500,60.0,Player_Far,0.25433,112.486,0,left,183.12,
1501,60.04,Player_Near,0.87939,277.115,0,right,633.16,
1501,60.04,Player_Far,0.10381,12.791,0,left,74.74,
1502,60.08,Player_Near,0.59761,127.441,1,right,430.28,1500
1502,60.08,Player_Far,0.04101,6.899,0,left,29.53,
1503,60.12,Player_Near,1.42151,184.935,0,right,1023.49,
1503,60.12,Player_Far,0.09275,43.578,0,left,66.78,
1504,60.16,Player_Near,0.10985,8.037,0,right,79.1,
1504,60.16,Player_Far,0.15938,13.066,0,left,114.75,
1505,60.2,Player_Near,0.90099,26.697,1,right,648.71,1503
1505,60.2,Player_Far,0.13901,77.823,0,right,100.09,
1506,60.24,Player_Near,1.28831,1.643,0,right,927.58,
1506,60.24,Player_Far,0.71802,63.162,0,right,516.97,
1507,60.28,Player_Near,1.69689,95.185,0,left,1221.76,
1507,60.28,Player_Far,0.25839,48.792,0,right,186.04,
1508,60.32,Player_Near,0.21063,17.211,0,left,151.65,
1508,60.32,Player_Far,0.8793,1533.07,0,left,633.1,
1509,60.36,Player_Near,0.47024,67.536,1,left,338.58,1507
1509,60.36,Player_Far,0.07285,436.193,0,left,52.45,
1510,60.4,Player_Near,0.23698,151.727,0,left,170.63,
1510,60.4,Player_Far,1.70933,1655.426,0,left,1230.72,
1511,60.44,Player_Near,0.05604,31.093,0,left,40.35,
1511,60.44,Player_Far,0.23915,103.624,0,left,172.19,
1512,60.48,Player_Near,1.01285,207.761,0,right,729.25,
1512,60.48,Player_Far,0.80921,367.092,1,left,582.63,1510
1513,60.52,Player_Near,0.87435,133.397,1,right,629.53,1511
1513,60.52,Player_Far,0.12084,206.988,0,left,87.01,
1514,60.56,Player_Near,1.45506,72.424,0,right,1047.65,
1514,60.56,Player_Far,0.02454,69.748,0,left,17.67,
1515,60.6,Player_Near,1.20224,44.921,0,right,865.61,
1515,60.6,Player_Far,0.30057,77.084,0,left,216.41,
1522,60.88,Player_Near,8.6963,1911.106,0,left,6261.34,
1534,61.36,Player_Far,16.95283,1035.999,0,left,12206.04,
1536,61.44,Player_Far,0.43847,764.498,0,left,315.7,
1537,61.48,Player_Far,0.03606,142.081,1,left,25.96,1534
1538,61.52,Player_Far,0.05234,355.494,0,left,37.68,
1541,61.64,Player_Far,0.16872,592.787,0,left,121.48,
1542,61.68,Player_Far,0.09686,85.603,0,right,69.74,
1543,61.72,Player_Far,0.0,0.0,0,right,0.0,
1547,61.88,Player_Far,0.0,0.0,0,right,0.0,
1548,61.92,Player_Far,0.13037,165.247,0,right,93.86,
1549,61.96,Player_Near,13.81438,1351.995,0,left,9946.36,
1549,61.96,Player_Far,2.36652,234.589,0,left,1703.9,
1550,62.0,Player_Near,0.16072,3900.382,0,left,115.72,
1551,62.04,Player_Near,1.87951,4341.504,1,left,1353.25,1549
1551,62.04,Player_Far,2.07027,12.767,0,left,1490.59,
1554,62.16,Player_Far,0.34005,81.583,1,left,244.84,1549
1555,62.2,Player_Far,0.0,0.0,0,left,0.0,
1556,62.24,Player_Far,0.0,0.0,0,left,0.0,
1557,62.28,Player_Far,0.09172,28.141,0,left,66.04,
1558,62.32,Player_Near,0.61087,710.343,0,left,439.82,
1558,62.32,Player_Far,1.84834,3570.766,0,left,1330.81,
1559,62.36,Player_Far,0.0,0.0,0,left,0.0,
1560,62.4,Player_Near,0.0,0.0,1,left,0.0,1551
1560,62.4,Player_Far,0.0,0.0,1,left,0.0,1558
1561,62.44,Player_Near,0.0,0.0,0,right,0.0,
1562,62.48,Player_Near,2.58275,193.155,0,right,1859.58,
1562,62.48,Player_Far,0.0,0.0,0,left,0.0,
1563,62.52,Player_Far,0.0,0.0,0,left,0.0,
1564,62.56,Player_Near,0.0,0.0,0,right,0.0,
1564,62.56,Player_Far,0.0,0.0,0,none,0.0,
1565,62.6,Player_Near,0.0,0.0,1,right,0.0,1562
1565,62.6,Player_Far,0.0,0.0,0,none,0.0,
1566,62.64,Player_Near,0.0,0.0,0,right,0.0,
1566,62.64,Player_Far,0.0,0.0,0,none,0.0,
1567,62.68,Player_Near,0.0,0.0,0,right,0.0,
1567,62.68,Player_Far,0.0,0.0,0,none,0.0,
1568,62.72,Player_Near,0.0,0.0,0,none,0.0,
1568,62.72,Player_Far,0.0,0.0,0,none,0.0,
1569,62.76,Player_Near,0.0,0.0,0,none,0.0,
1569,62.76,Player_Far,0.0,0.0,0,none,0.0,
1570,62.8,Player_Near,0.0,0.0,0,none,0.0,
1570,62.8,Player_Far,0.0,0.0,0,none,0.0,
1571,62.84,Player_Near,0.0,0.0,0,none,0.0,
1571,62.84,Player_Far,0.0,0.0,0,none,0.0,
1572,62.88,Player_Near,0.0,0.0,0,none,0.0,
1572,62.88,Player_Far,0.0,0.0,0,none,0.0,
1573,62.92,Player_Near,0.0,0.0,0,none,0.0,
1573,62.92,Player_Far,0.0,0.0,0,none,0.0,
1574,62.96,Player_Near,0.0,0.0,0,none,0.0,
1574,62.96,Player_Far,0.0,0.0,0,none,0.0,
1575,63.0,Player_Near,0.0,0.0,0,none,0.0,
1575,63.0,Player_Far,0.0,0.0,0,none,0.0,
1576,63.04,Player_Near,0.0,0.0,0,none,0.0,
1576,63.04,Player_Far,0.0,0.0,0,none,0.0,
1577,63.08,Player_Near,0.0,0.0,0,none,0.0,
1577,63.08,Player_Far,0.0,0.0,0,none,0.0,
1578,63.12,Player_Near,0.0,0.0,0,none,0.0,
1578,63.12,Player_Far,0.0,0.0,0,none,0.0,
1580,63.2,Player_Near,0.0,0.0,0,none,0.0,
1580,63.2,Player_Far,0.0,0.0,0,none,0.0,
1581,63.24,Player_Near,0.0,0.0,0,none,0.0,
1581,63.24,Player_Far,0.0,0.0,0,none,0.0,
1582,63.28,Player_Near,0.0,0.0,0,none,0.0,
1582,63.28,Player_Far,0.0,0.0,0,none,0.0,
1583,63.32,Player_Near,0.0,0.0,0,none,0.0,
1583,63.32,Player_Far,0.0,0.0,0,none,0.0,
1584,63.36,Player_Near,0.0,0.0,0,none,0.0,
1584,63.36,Player_Far,0.0,0.0,0,none,0.0,
1585,63.4,Player_Near,0.0,0.0,0,none,0.0,
1585,63.4,Player_Far,0.0,0.0,0,none,0.0,
1586,63.44,Player_Near,0.0,0.0,0,none,0.0,
1586,63.44,Player_Far,0.0,0.0,0,none,0.0,
1587,63.48,Player_Far,0.0,0.0,0,none,0.0,
1588,63.52,Player_Near,0.0,0.0,0,none,0.0,
1588,63.52,Player_Far,0.0,0.0,0,none,0.0,
1589,63.56,Player_Near,0.0,0.0,0,none,0.0,
1589,63.56,Player_Far,0.0,0.0,0,none,0.0,
1590,63.6,Player_Near,0.0,0.0,0,none,0.0,
1590,63.6,Player_Far,0.0,0.0,0,none,0.0,
1591,63.64,Player_Near,0.0,0.0,0,none,0.0,
1591,63.64,Player_Far,0.0,0.0,0,none,0.0,
1592,63.68,Player_Near,0.0,0.0,0,none,0.0,
1592,63.68,Player_Far,0.0,0.0,0,none,0.0,
1593,63.72,Player_Near,0.0,0.0,0,none,0.0,
1593,63.72,Player_Far,0.0,0.0,0,none,0.0,
1594,63.76,Player_Near,0.0,0.0,0,none,0.0,
1594,63.76,Player_Far,0.0,0.0,0,none,0.0,
1595,63.8,Player_Near,0.0,0.0,0,none,0.0,
1595,63.8,Player_Far,0.0,0.0,0,none,0.0,
1596,63.84,Player_Near,0.0,0.0,0,none,0.0,
1596,63.84,Player_Far,0.0,0.0,0,none,0.0,
1597,63.88,Player_Near,0.0,0.0,0,none,0.0,
1597,63.88,Player_Far,0.0,0.0,0,none,0.0,
1598,63.92,Player_Near,0.0,0.0,0,none,0.0,
1598,63.92,Player_Far,0.0,0.0,0,none,0.0,
1599,63.96,Player_Near,0.0,0.0,0,none,0.0,
1599,63.96,Player_Far,0.0,0.0,0,none,0.0,
1600,64.0,Player_Near,0.0,0.0,0,none,0.0,
1600,64.0,Player_Far,0.0,0.0,0,none,0.0,
1601,64.04,Player_Near,0.0,0.0,0,none,0.0,
1601,64.04,Player_Far,0.0,0.0,0,none,0.0,
1602,64.08,Player_Near,0.0,0.0,0,none,0.0,
1602,64.08,Player_Far,0.0,0.0,0,none,0.0,
1603,64.12,Player_Near,0.0,0.0,0,none,0.0,
1603,64.12,Player_Far,0.0,0.0,0,none,0.0,
1604,64.16,Player_Near,0.0,0.0,0,none,0.0,
1604,64.16,Player_Far,0.0,0.0,0,none,0.0,
1605,64.2,Player_Near,0.0,0.0,0,none,0.0,
1605,64.2,Player_Far,0.0,0.0,0,none,0.0,
1606,64.24,Player_Near,0.0,0.0,0,none,0.0,
1606,64.24,Player_Far,0.0,0.0,0,none,0.0,
1607,64.28,Player_Near,0.0,0.0,0,none,0.0,
1607,64.28,Player_Far,0.0,0.0,0,none,0.0,
1608,64.32,Player_Near,0.0,0.0,0,none,0.0,
1608,64.32,Player_Far,0.0,0.0,0,none,0.0,
1609,64.36,Player_Near,0.0,0.0,0,none,0.0,
1609,64.36,Player_Far,0.0,0.0,0,none,0.0,
1610,64.4,Player_Near,0.0,0.0,0,none,0.0,
1610,64.4,Player_Far,0.0,0.0,0,none,0.0,
1611,64.44,Player_Near,0.0,0.0,0,none,0.0,
1611,64.44,Player_Far,0.0,0.0,0,none,0.0,
1612,64.48,Player_Near,0.0,0.0,0,none,0.0,
1612,64.48,Player_Far,0.0,0.0,0,none,0.0,
1613,64.52,Player_Near,0.0,0.0,0,none,0.0,
1613,64.52,Player_Far,0.0,0.0,0,none,0.0,
1614,64.56,Player_Near,0.0,0.0,0,none,0.0,
1614,64.56,Player_Far,0.0,0.0,0,none,0.0,
1615,64.6,Player_Far,0.0,0.0,0,none,0.0,
1616,64.64,Player_Far,0.0,0.0,0,none,0.0,
1617,64.68,Player_Near,0.0,0.0,0,none,0.0,
1617,64.68,Player_Far,0.0,0.0,0,none,0.0,
1618,64.72,Player_Near,0.0,0.0,0,none,0.0,
1618,64.72,Player_Far,0.0,0.0,0,none,0.0,
1619,64.76,Player_Near,0.0,0.0,0,none,0.0,
1619,64.76,Player_Far,0.0,0.0,0,none,0.0,
1620,64.8,Player_Near,0.0,0.0,0,none,0.0,
1620,64.8,Player_Far,0.0,0.0,0,none,0.0,
1621,64.84,Player_Near,0.0,0.0,0,none,0.0,
1621,64.84,Player_Far,0.0,0.0,0,none,0.0,
1622,64.88,Player_Near,0.60317,728.785,0,left,434.28,
1622,64.88,Player_Far,0.0,0.0,0,none,0.0,
1623,64.92,Player_Near,0.30784,215.586,0,left,221.64,
1623,64.92,Player_Far,0.0,0.0,0,none,0.0,
1624,64.96,Player_Near,0.2347,48.284,0,left,168.98,
1624,64.96,Player_Far,0.0,0.0,0,none,0.0,
1625,65.0,Player_Near,0.06339,101.687,0,left,45.64,
1625,65.0,Player_Far,0.0,0.0,0,none,0.0,
1626,65.04,Player_Near,0.28631,149.236,0,left,206.14,
1626,65.04,Player_Far,0.0,0.0,0,none,0.0,
1627,65.08,Player_Near,0.06976,78.162,0,left,50.23,
1627,65.08,Player_Far,0.0,0.0,0,none,0.0,
1628,65.12,Player_Near,0.08883,39.807,0,left,63.96,
1628,65.12,Player_Far,0.0,0.0,0,none,0.0,
1629,65.16,Player_Near,0.29056,0.009,0,left,209.2,
1629,65.16,Player_Far,0.0,0.0,0,none,0.0,
1630,65.2,Player_Near,0.34518,319.192,0,left,248.53,
1631,65.24,Player_Near,0.12287,246.306,0,left,88.47,
1631,65.24,Player_Far,0.0,0.0,0,none,0.0,
1632,65.28,Player_Near,0.18715,197.344,0,left,134.75,
1632,65.28,Player_Far,0.0,0.0,0,none,0.0,
1633,65.32,Player_Near,0.02512,83.911,0,left,18.09,
1633,65.32,Player_Far,0.6294,1279.293,0,left,453.17,
1634,65.36,Player_Near,0.10446,92.89,0,left,75.21,
1634,65.36,Player_Far,0.37264,228.754,0,left,268.3,
1635,65.4,Player_Near,0.04539,67.428,0,right,32.68,
1635,65.4,Player_Far,0.89002,5.465,0,left,640.82,
1636,65.44,Player_Near,0.09819,232.305,0,right,70.7,
1636,65.44,Player_Far,0.20264,15.823,0,left,145.9,
1637,65.48,Player_Near,0.13159,0.0,0,right,94.75,
1637,65.48,Player_Far,0.13727,77.542,0,left,98.83,
1638,65.52,Player_Near,0.12986,0.0,0,right,93.5,
1638,65.52,Player_Far,7.32413,3118.82,0,left,5273.37,
1639,65.56,Player_Near,0.17079,126.32,0,left,122.97,
1639,65.56,Player_Far,1.66292,379.897,0,left,1197.3,
1640,65.6,Player_Near,0.09732,102.672,0,left,70.07,
1640,65.6,Player_Far,5.7419,3799.527,1,left,4134.17,1638
1641,65.64,Player_Near,0.00778,134.016,0,left,5.6,
1641,65.64,Player_Far,5.22555,1375.148,0,left,3762.4,
1642,65.68,Player_Near,0.07865,128.3,0,left,56.63,
1642,65.68,Player_Far,0.44733,322.948,1,left,322.07,1640
1643,65.72,Player_Near,0.18439,88.752,0,left,132.76,
1643,65.72,Player_Far,0.0,0.0,1,right,0.0,1641
1644,65.76,Player_Near,0.5907,0.0,0,right,425.3,
1644,65.76,Player_Far,0.0,0.0,0,right,0.0,
1645,65.8,Player_Near,5.33676,244.252,0,left,3842.47,
1645,65.8,Player_Far,3.27173,157.739,0,right,2355.65,
1646,65.84,Player_Near,6.5423,746.048,0,left,4710.46,
1646,65.84,Player_Far,0.91788,135.85,0,left,660.87,
1647,65.88,Player_Near,0.25971,66.411,0,left,186.99,
1647,65.88,Player_Far,0.1559,235.516,1,left,112.25,1645
1648,65.92,Player_Near,0.29089,90.227,1,left,209.44,1646
1648,65.92,Player_Far,0.0,0.0,0,left,0.0,
1649,65.96,Player_Near,0.30013,21.79,0,left,216.1,
1649,65.96,Player_Far,0.0,0.0,0,left,0.0,
1650,66.0,Player_Near,0.07021,5.403,0,left,50.55,
1650,66.0,Player_Far,0.16827,54.466,0,right,121.16,
1651,66.04,Player_Near,0.3101,0.0,0,right,223.27,
1651,66.04,Player_Far,0.08448,46.094,0,right,60.83,
1652,66.08,Player_Near,0.13275,0.0,0,right,95.58,
1652,66.08,Player_Far,0.05489,67.725,0,left,39.52,
1653,66.12,Player_Near,0.22204,47.339,0,right,159.87,
1653,66.12,Player_Far,0.00829,88.268,0,left,5.97,
1654,66.16,Player_Near,0.16624,5.845,0,right,119.69,
1654,66.16,Player_Far,26.73084,73.319,0,right,19246.2,
1655,66.2,Player_Near,29.08651,743.018,0,left,20942.29,
1655,66.2,Player_Far,21.7273,766.304,0,right,15643.65,
1656,66.24,Player_Near,28.30091,85.801,0,left,20376.65,
1656,66.24,Player_Far,6.06456,116.731,1,right,4366.49,1654
1657,66.28,Player_Near,0.34008,51.98,1,left,244.86,1655
1657,66.28,Player_Far,5.58527,277.446,0,right,4021.39,
1658,66.32,Player_Near,0.40371,58.091,0,left,290.67,
1658,66.32,Player_Far,27.63359,1831.682,0,right,19896.18,
1659,66.36,Player_Near,0.53468,8.448,0,left,384.97,
1659,66.36,Player_Far,27.51039,345.36,0,right,19807.48,
1660,66.4,Player_Near,0.28386,0.0,0,right,204.38,
1660,66.4,Player_Far,0.19736,613.975,1,right,142.1,1658
1661,66.44,Player_Near,0.38114,191.279,0,left,274.42,
1661,66.44,Player_Far,0.04303,919.967,0,right,30.98,
1662,66.48,Player_Near,0.16023,129.934,0,left,115.37,
1662,66.48,Player_Far,0.09491,241.568,0,right,68.33,
1663,66.52,Player_Near,0.12498,46.893,0,left,89.99,
1663,66.52,Player_Far,0.1702,245.45,0,right,122.55,
1664,66.56,Player_Near,0.18463,9.652,0,left,132.93,
1664,66.56,Player_Far,0.21982,59.069,0,left,158.27,
1665,66.6,Player_Near,0.0737,24.155,0,left,53.07,
1665,66.6,Player_Far,0.14189,63.807,0,left,102.16,
1666,66.64,Player_Near,0.16259,70.747,0,left,117.06,
1666,66.64,Player_Far,0.14797,22.295,0,left,106.54,
1667,66.68,Player_Near,0.06807,61.084,0,left,49.01,
1667,66.68,Player_Far,0.06248,5.653,0,left,44.99,
1668,66.72,Player_Near,0.04375,43.81,0,left,31.5,
1668,66.72,Player_Far,0.06501,195.667,0,left,46.81,
1669,66.76,Player_Near,0.07805,53.623,0,left,56.2,
1669,66.76,Player_Far,0.07292,396.094,0,left,52.5,
1670,66.8,Player_Near,0.15327,152.225,0,left,110.35,
1670,66.8,Player_Far,0.05744,207.016,0,left,41.36,
1671,66.84,Player_Near,0.07191,107.872,0,left,51.78,
1671,66.84,Player_Far,0.3406,22.022,0,right,245.23,
1672,66.88,Player_Near,0.05921,70.844,0,left,42.63,
1672,66.88,Player_Far,0.0859,153.422,0,right,61.85,
1673,66.92,Player_Near,0.32991,38.084,0,left,237.54,
1673,66.92,Player_Far,0.36781,29.466,0,left,264.82,
1674,66.96,Player_Near,0.33466,164.581,0,left,240.96,
1674,66.96,Player_Far,0.68617,559.954,0,left,494.04,
1675,67.0,Player_Near,0.14116,247.782,0,left,101.63,
1675,67.0,Player_Far,0.02623,154.21,0,left,18.89,
1676,67.04,Player_Near,0.15754,158.548,0,left,113.43,
1676,67.04,Player_Far,0.05084,185.666,0,left,36.6,
1677,67.08,Player_Near,0.21075,78.487,0,left,151.74,
1677,67.08,Player_Far,0.16348,106.912,0,left,117.71,
1678,67.12,Player_Near,0.13167,25.478,0,left,94.8,
1678,67.12,Player_Far,0.01247,327.932,0,left,8.98,
1679,67.16,Player_Near,0.27561,11.364,0,left,198.44,
1679,67.16,Player_Far,0.18898,510.392,0,right,136.07,
1680,67.2,Player_Near,4.62233,0.0,0,right,3328.08,
1680,67.2,Player_Far,8.90294,2836.092,0,right,6410.11,
1681,67.24,Player_Near,0.08981,0.0,0,right,64.67,
1681,67.24,Player_Far,0.82672,380.216,0,right,595.24,
1682,67.28,Player_Near,0.0614,0.0,1,right,44.21,1680
1683,67.32,Player_Near,0.15804,0.0,0,right,113.79,
1684,67.36,Player_Near,0.08358,0.0,0,right,60.18,
1685,67.4,Player_Near,0.0502,157.278,0,left,36.14,
1686,67.44,Player_Near,0.02757,111.618,0,left,19.85,
1687,67.48,Player_Near,0.00628,52.458,0,left,4.52,
1688,67.52,Player_Near,0.0472,34.177,0,left,33.98,
1689,67.56,Player_Near,0.03093,47.383,0,left,22.27,
1690,67.6,Player_Near,0.06336,56.702,0,left,45.62,
1691,67.64,Player_Near,0.0956,0.0,0,right,68.83,
1692,67.68,Player_Near,0.04827,0.0,0,right,34.75,
1693,67.72,Player_Near,0.11367,66.119,0,left,81.84,
1694,67.76,Player_Near,0.16344,419.996,0,left,117.68,
1695,67.8,Player_Near,0.62705,2796.063,0,right,451.47,
1695,67.8,Player_Far,3.7686,1209.347,1,right,2713.39,1680
1696,67.84,Player_Near,0.45324,1091.893,0,right,326.33,
1696,67.84,Player_Far,0.18417,600.939,0,right,132.6,
1697,67.88,Player_Near,0.08839,226.615,0,right,63.64,
1697,67.88,Player_Far,0.17669,632.007,1,right,127.21,1695
1698,67.92,Player_Near,0.43088,958.029,0,right,310.23,
1699,67.96,Player_Near,0.3387,1320.606,0,right,243.86,
1700,68.0,Player_Near,0.07755,93.41,0,right,55.83,
1701,68.04,Player_Near,0.12931,0.0,0,right,93.11,
1702,68.08,Player_Near,0.12678,0.0,0,right,91.28,
1703,68.12,Player_Near,0.08213,0.0,0,right,59.13,
1704,68.16,Player_Near,0.05162,303.538,0,left,37.17,
1705,68.2,Player_Near,0.14312,385.903,0,right,103.05,
1706,68.24,Player_Near,0.09899,239.061,0,right,71.27,
1707,68.28,Player_Near,0.06034,56.044,0,right,43.44,
1708,68.32,Player_Near,0.10156,933.612,0,right,73.12,
1709,68.36,Player_Near,0.09953,210.152,0,right,71.66,
1710,68.4,Player_Near,0.15944,272.188,0,right,114.8,
1711,68.44,Player_Near,0.07578,597.17,0,right,54.56,
1712,68.48,Player_Near,0.1331,297.294,0,right,95.83,
1713,68.52,Player_Near,0.20087,96.398,0,left,144.63,
1714,68.56,Player_Near,0.0741,263.299,0,left,53.35,
1715,68.6,Player_Near,0.39015,252.606,0,left,280.91,
1716,68.64,Player_Near,0.17022,524.069,0,left,122.56,
1717,68.68,Player_Near,0.11073,14.225,0,left,79.73,
1718,68.72,Player_Near,0.12397,146.552,0,left,89.26,
1719,68.76,Player_Near,0.0995,175.086,0,left,71.64,
1720,68.8,Player_Near,0.07772,95.215,0,right,55.96,
1721,68.84,Player_Near,0.44057,68.687,0,right,317.21,
1722,68.88,Player_Near,0.18366,38.133,0,right,132.23,
1723,68.92,Player_Near,0.46146,21.786,0,left,332.25,
1724,68.96,Player_Near,0.24263,277.624,0,left,174.69,
1725,69.0,Player_Near,0.12182,47.241,0,left,87.71,
1726,69.04,Player_Near,0.36518,1061.129,0,left,262.93,
1727,69.08,Player_Near,0.65904,991.02,0,left,474.51,
1728,69.12,Player_Near,0.71497,1457.009,0,left,514.78,
1729,69.16,Player_Near,0.23233,179.161,0,left,167.28,
1730,69.2,Player_Near,0.39997,293.148,0,left,287.98,
1731,69.24,Player_Near,0.32703,9.302,0,left,235.46,
1732,69.28,Player_Near,0.1597,74.125,0,left,114.98,
1733,69.32,Player_Near,0.48109,0.0,0,right,346.39,
1734,69.36,Player_Near,0.15693,0.0,0,right,112.99,
1735,69.4,Player_Near,0.20558,0.0,0,right,148.02,
1736,69.44,Player_Near,0.16856,0.0,0,right,121.36,
1737,69.48,Player_Near,0.05446,0.0,0,right,39.21,
1738,69.52,Player_Near,0.9301,0.0,0,right,669.67,
1739,69.56,Player_Near,0.10757,0.0,0,right,77.45,
1740,69.6,Player_Near,1.03607,231.378,0,left,745.97,
1740,69.6,Player_Far,0.90714,3251.512,0,right,653.14,
1741,69.64,Player_Near,0.24104,297.223,0,left,173.55,
1742,69.68,Player_Near,0.59795,461.743,0,left,430.52,
1743,69.72,Player_Near,0.4154,82.814,0,left,299.09,
1744,69.76,Player_Near,0.48053,3021.298,0,left,345.98,
1745,69.8,Player_Near,0.01955,291.409,0,left,14.08,
1746,69.84,Player_Near,0.15205,816.765,0,left,109.47,
1747,69.88,Player_Near,7.83375,4497.963,0,left,5640.3,
1747,69.88,Player_Far,17.95462,598.973,0,right,12927.33,
1748,69.92,Player_Near,0.69735,1590.661,0,left,502.09,
1748,69.92,Player_Far,0.48681,430.047,0,right,350.5,
1749,69.96,Player_Near,0.56968,274.983,1,left,410.17,1747
1749,69.96,Player_Far,0.27686,269.04,1,right,199.34,1747
1750,70.0,Player_Near,0.3692,449.126,0,left,265.83,
1750,70.0,Player_Far,0.09364,128.387,0,right,67.42,
1751,70.04,Player_Near,0.4553,4166.231,0,left,327.82,
1751,70.04,Player_Far,0.1892,222.276,0,right,136.23,
1752,70.08,Player_Near,0.89679,1824.561,0,right,645.69,
1752,70.08,Player_Far,0.03425,23.801,0,right,24.66,
1753,70.12,Player_Near,0.1237,479.765,0,right,89.07,
1753,70.12,Player_Far,19.08483,124.061,0,left,13741.08,
1754,70.16,Player_Near,0.57666,83.578,0,right,415.2,
1754,70.16,Player_Far,7.41917,1021.429,0,left,5341.8,
1755,70.2,Player_Near,0.90536,663.089,0,right,651.86,
1755,70.2,Player_Far,0.5791,99.099,1,left,416.95,1753
1756,70.24,Player_Near,0.65744,1610.947,0,right,473.36,
1756,70.24,Player_Far,0.1029,427.349,0,left,74.09,
1757,70.28,Player_Near,0.29564,102.701,0,right,212.86,
1757,70.28,Player_Far,0.37964,118.152,0,left,273.34,
1758,70.32,Player_Near,0.31391,224.692,0,right,226.02,
1758,70.32,Player_Far,0.12906,425.246,0,right,92.92,
1759,70.36,Player_Near,0.21937,405.127,0,right,157.95,
1759,70.36,Player_Far,0.94218,474.539,0,left,678.37,
1760,70.4,Player_Near,0.11293,736.702,0,right,81.31,
1760,70.4,Player_Far,0.49849,330.842,0,left,358.91,
1761,70.44,Player_Near,0.26338,50.641,0,left,189.63,
1761,70.44,Player_Far,0.42702,526.153,0,left,307.45,
1762,70.48,Player_Near,0.42759,75.874,0,left,307.87,
1762,70.48,Player_Far,0.22173,354.073,0,left,159.65,
1763,70.52,Player_Near,0.55295,89.942,0,right,398.13,
1763,70.52,Player_Far,0.13084,228.389,0,left,94.2,
1764,70.56,Player_Near,0.18546,617.09,0,right,133.53,
1764,70.56,Player_Far,0.03494,31.78,0,left,25.16,
1765,70.6,Player_Near,0.0,0.0,0,right,0.0,
1765,70.6,Player_Far,0.06109,139.046,0,right,43.98,
1766,70.64,Player_Near,0.0,0.0,0,right,0.0,
1766,70.64,Player_Far,0.04892,9.971,0,left,35.22,
1767,70.68,Player_Near,0.0,0.0,0,right,0.0,
1767,70.68,Player_Far,0.0874,205.582,0,right,62.93,
1768,70.72,Player_Near,0.11656,33.583,0,left,83.92,
1768,70.72,Player_Far,0.06023,387.775,0,right,43.37,
1769,70.76,Player_Near,0.0795,386.384,0,left,57.24,
1769,70.76,Player_Far,0.04446,10.552,0,right,32.01,
1770,70.8,Player_Near,0.09721,4.371,0,left,69.99,
1770,70.8,Player_Far,0.04691,395.317,0,right,33.78,
1771,70.84,Player_Near,0.10636,173.878,0,left,76.58,
1771,70.84,Player_Far,0.0,0.0,0,right,0.0,
1772,70.88,Player_Near,0.0,0.0,0,left,0.0,
1772,70.88,Player_Far,0.0,0.0,0,left,0.0,
1773,70.92,Player_Near,0.0,0.0,0,left,0.0,
1773,70.92,Player_Far,0.0,0.0,0,right,0.0,
1774,70.96,Player_Near,0.0,0.0,0,left,0.0,
1774,70.96,Player_Far,0.41615,464.912,0,left,299.63,
1775,71.0,Player_Near,0.0,0.0,0,left,0.0,
1775,71.0,Player_Far,0.04772,10.143,0,left,34.36,
1776,71.04,Player_Near,0.0,0.0,0,none,0.0,
1776,71.04,Player_Far,0.07917,116.479,0,left,57.0,
1777,71.08,Player_Near,0.0,0.0,0,none,0.0,
1777,71.08,Player_Far,0.42328,378.705,0,left,304.76,
1778,71.12,Player_Near,0.0,0.0,0,none,0.0,
1778,71.12,Player_Far,0.25718,212.377,0,left,185.17,
1779,71.16,Player_Near,0.0,0.0,0,none,0.0,
1779,71.16,Player_Far,0.05592,68.775,0,left,40.26,
1780,71.2,Player_Near,0.0,0.0,0,none,0.0,
1780,71.2,Player_Far,0.0798,161.86,0,left,57.45,
1781,71.24,Player_Near,0.0,0.0,0,none,0.0,
1781,71.24,Player_Far,0.06428,189.445,0,left,46.28,
1782,71.28,Player_Near,0.0,0.0,0,none,0.0,
1782,71.28,Player_Far,0.02558,507.299,0,right,18.42,
1783,71.32,Player_Near,0.0,0.0,0,none,0.0,
1783,71.32,Player_Far,0.01967,486.977,0,right,14.16,
1784,71.36,Player_Near,0.0,0.0,0,none,0.0,
1784,71.36,Player_Far,0.03622,132.148,0,left,26.08,
1785,71.4,Player_Near,0.0,0.0,0,none,0.0,
1785,71.4,Player_Far,0.09451,0.722,0,right,68.04,
1786,71.44,Player_Near,0.0,0.0,0,none,0.0,
1786,71.44,Player_Far,0.07854,58.107,0,right,56.55,
1787,71.48,Player_Near,0.0,0.0,0,none,0.0,
1787,71.48,Player_Far,0.01864,81.607,0,right,13.42,
1788,71.52,Player_Near,0.0,0.0,0,none,0.0,
1788,71.52,Player_Far,0.03242,0.0,0,right,23.34,
1789,71.56,Player_Near,0.08752,1035.468,0,left,63.02,
1789,71.56,Player_Far,0.00181,0.0,0,right,1.31,
1790,71.6,Player_Near,0.38996,1393.691,0,left,280.77,
1790,71.6,Player_Far,12.61486,1130.803,0,left,9082.7,
1791,71.64,Player_Near,0.48884,1038.509,0,left,351.96,
1791,71.64,Player_Far,0.18449,358.01,0,left,132.83,
1792,71.68,Player_Near,0.74276,302.262,0,left,534.79,
1792,71.68,Player_Far,0.12385,133.601,1,left,89.17,1790
1793,71.72,Player_Near,0.06591,396.446,0,left,47.46,
1793,71.72,Player_Far,0.14113,295.249,0,left,101.61,
1794,71.76,Player_Near,0.17041,1513.102,0,left,122.69,
1794,71.76,Player_Far,12.4067,804.281,0,left,8932.82,
1795,71.8,Player_Near,0.15517,1675.415,0,left,111.72,
1795,71.8,Player_Far,0.0,0.0,0,right,0.0,
1796,71.84,Player_Near,0.25188,1547.503,0,left,181.35,
1796,71.84,Player_Far,0.0,0.0,1,right,0.0,1794
1797,71.88,Player_Near,0.26306,394.892,0,left,189.4,
1797,71.88,Player_Far,0.04999,44.355,0,right,36.0,
1798,71.92,Player_Near,0.45848,121.363,0,left,330.1,
1798,71.92,Player_Far,0.03567,0.09,0,right,25.68,
1799,71.96,Player_Near,0.24295,228.469,0,left,174.92,
1799,71.96,Player_Far,0.0853,9.759,0,left,61.41,
1800,72.0,Player_Near,0.4255,151.156,0,left,306.36,
1800,72.0,Player_Far,0.04173,35.057,0,left,30.04,
1801,72.04,Player_Near,0.15087,4259.23,0,left,108.63,
1801,72.04,Player_Far,0.01433,10.669,0,left,10.32,
1802,72.08,Player_Near,0.5657,205.847,0,left,407.3,
1802,72.08,Player_Far,0.00257,3.844,0,left,1.85,
1803,72.12,Player_Near,0.22041,568.305,0,left,158.7,
1803,72.12,Player_Far,0.00814,6.152,0,left,5.86,
1804,72.16,Player_Near,0.32406,342.856,0,left,233.33,
1804,72.16,Player_Far,0.00822,6.993,0,left,5.92,
1805,72.2,Player_Near,0.20861,79.355,0,left,150.2,
1805,72.2,Player_Far,0.00218,5.807,0,right,1.57,
1806,72.24,Player_Near,0.0,0.0,0,left,0.0,
1806,72.24,Player_Far,0.00107,10.273,0,left,0.77,
1807,72.28,Player_Near,0.0,0.0,0,left,0.0,
1807,72.28,Player_Far,0.00609,5.269,0,left,4.38,
1808,72.32,Player_Near,0.0,0.0,0,left,0.0,
1808,72.32,Player_Far,0.01644,3.371,0,right,11.83,
1809,72.36,Player_Near,0.0,0.0,0,left,0.0,
1809,72.36,Player_Far,0.00563,2.744,0,right,4.05,
1810,72.4,Player_Near,0.16634,3310.753,0,right,119.77,
1810,72.4,Player_Far,0.03628,1.813,0,right,26.12,
1811,72.44,Player_Near,0.1122,1134.917,0,right,80.79,
1811,72.44,Player_Far,0.07069,0.825,0,left,50.9,
1812,72.48,Player_Near,0.31399,411.195,0,right,226.07,
1812,72.48,Player_Far,0.02308,49.81,0,left,16.62,
1813,72.52,Player_Near,0.495,489.542,0,right,356.4,
1813,72.52,Player_Far,0.14519,55.035,0,left,104.54,
1814,72.56,Player_Near,0.62619,263.882,0,right,450.86,
1814,72.56,Player_Far,0.11859,71.325,0,left,85.39,
1815,72.6,Player_Near,0.48749,264.369,0,right,350.99,
1815,72.6,Player_Far,0.02731,38.244,0,left,19.66,
1816,72.64,Player_Near,0.0,0.0,0,right,0.0,
1816,72.64,Player_Far,0.01608,10.505,0,left,11.58,
1817,72.68,Player_Near,0.0,0.0,0,right,0.0,
1817,72.68,Player_Far,0.02099,46.421,0,left,15.11,
1818,72.72,Player_Near,0.0,0.0,0,right,0.0,
1818,72.72,Player_Far,0.01665,0.035,0,left,11.98,
1819,72.76,Player_Near,0.0,0.0,0,right,0.0,
1819,72.76,Player_Far,0.00418,45.186,0,right,3.01,
1820,72.8,Player_Near,0.0,0.0,0,none,0.0,
1820,72.8,Player_Far,0.03921,6.268,0,right,28.23,
1821,72.84,Player_Near,0.0,0.0,0,none,0.0,
1821,72.84,Player_Far,0.0088,16.057,0,right,6.34,
1822,72.88,Player_Near,0.0,0.0,0,none,0.0,
1822,72.88,Player_Far,0.01634,34.449,0,right,11.77,
1823,72.92,Player_Near,0.0,0.0,0,none,0.0,
1823,72.92,Player_Far,0.08856,245.093,0,right,63.76,
1824,72.96,Player_Near,0.0,0.0,0,none,0.0,
1824,72.96,Player_Far,0.0781,132.558,0,right,56.23,
1825,73.0,Player_Near,0.0,0.0,0,none,0.0,
1825,73.0,Player_Far,0.12092,1244.241,0,right,87.06,
1826,73.04,Player_Near,0.0,0.0,0,none,0.0,
1826,73.04,Player_Far,0.05613,682.075,0,right,40.41,
1827,73.08,Player_Near,0.0,0.0,0,none,0.0,
1827,73.08,Player_Far,0.04024,367.936,0,right,28.97,
1828,73.12,Player_Near,0.0,0.0,0,none,0.0,
1828,73.12,Player_Far,0.04764,155.99,0,right,34.3,
1829,73.16,Player_Near,0.0,0.0,0,none,0.0,
1829,73.16,Player_Far,0.01698,8.236,0,right,12.23,
1830,73.2,Player_Near,0.0,0.0,0,none,0.0,
1830,73.2,Player_Far,0.01115,28.607,0,right,8.03,
1831,73.24,Player_Near,0.0,0.0,0,none,0.0,
1831,73.24,Player_Far,0.01534,120.279,0,right,11.04,
1832,73.28,Player_Near,0.0,0.0,0,none,0.0,
1832,73.28,Player_Far,0.0,0.0,0,right,0.0,
1833,73.32,Player_Near,0.0,0.0,0,none,0.0,
1833,73.32,Player_Far,0.0,0.0,0,left,0.0,
1834,73.36,Player_Near,0.0,0.0,0,none,0.0,
1834,73.36,Player_Far,0.0,0.0,0,left,0.0,
1835,73.4,Player_Near,0.0,0.0,0,none,0.0,
1835,73.4,Player_Far,0.0,0.0,0,left,0.0,
1836,73.44,Player_Near,0.0,0.0,0,none,0.0,
1836,73.44,Player_Far,0.0,0.0,0,none,0.0,
1837,73.48,Player_Near,0.0,0.0,0,none,0.0,
1837,73.48,Player_Far,0.03921,10.784,0,left,28.23,
1838,73.52,Player_Near,0.0,0.0,0,none,0.0,
1838,73.52,Player_Far,0.04262,40.172,0,left,30.69,
1839,73.56,Player_Near,0.0,0.0,0,none,0.0,
1839,73.56,Player_Far,0.06463,6.764,0,left,46.54,
1840,73.6,Player_Near,0.0,0.0,0,none,0.0,
1840,73.6,Player_Far,0.01935,18.509,0,left,13.93,
1841,73.64,Player_Near,0.0,0.0,0,none,0.0,
1841,73.64,Player_Far,0.01583,1.598,0,left,11.4,
1842,73.68,Player_Near,0.0,0.0,0,none,0.0,
1842,73.68,Player_Far,0.02297,12.704,0,left,16.54,
1843,73.72,Player_Near,0.0,0.0,0,none,0.0,
1843,73.72,Player_Far,0.01606,8.865,0,left,11.56,
1844,73.76,Player_Near,0.0,0.0,0,none,0.0,
1844,73.76,Player_Far,0.01356,5.95,0,right,9.77,
1845,73.8,Player_Near,0.16055,75.573,0,left,115.6,
1845,73.8,Player_Far,0.0,0.0,0,right,0.0,
1846,73.84,Player_Near,0.15515,4.848,0,left,111.71,
1846,73.84,Player_Far,0.0,0.0,0,right,0.0,
1847,73.88,Player_Near,0.18022,172.998,0,left,129.76,
1847,73.88,Player_Far,0.0,0.0,0,left,0.0,
1848,73.92,Player_Near,0.2091,0.625,0,left,150.56,
1848,73.92,Player_Far,0.0,0.0,0,right,0.0,
1849,73.96,Player_Near,0.21703,535.813,0,left,156.26,
1849,73.96,Player_Far,0.00058,4.023,0,left,0.42,
1850,74.0,Player_Near,0.17587,556.608,0,left,126.62,
1850,74.0,Player_Far,17.12126,116.64,0,left,12327.31,
1851,74.04,Player_Near,0.20515,942.943,0,left,147.7,
1851,74.04,Player_Far,0.59829,255.353,0,left,430.77,
1852,74.08,Player_Near,0.50897,8.002,0,left,366.46,
1852,74.08,Player_Far,10.33654,2418.821,1,left,7442.31,1850
1853,74.12,Player_Near,0.28256,678.242,0,left,203.44,
1853,74.12,Player_Far,0.30262,348.482,0,left,217.89,
1854,74.16,Player_Near,0.05154,1375.84,0,left,37.11,
1854,74.16,Player_Far,0.46698,442.985,1,left,336.22,1852
1855,74.2,Player_Near,0.15497,1649.724,0,left,111.58,
1855,74.2,Player_Far,11.05913,2868.971,0,right,7962.58,
1856,74.24,Player_Near,0.37771,1574.734,0,left,271.95,
1856,74.24,Player_Far,10.11602,4104.227,0,right,7283.53,
1857,74.28,Player_Near,0.33127,3017.245,0,left,238.52,
1857,74.28,Player_Far,10.77282,4373.945,0,right,7756.43,
1858,74.32,Player_Near,0.47891,592.113,0,left,344.82,
1858,74.32,Player_Far,0.36715,281.366,0,right,264.35,
1859,74.36,Player_Near,0.21439,58.138,0,left,154.36,
1859,74.36,Player_Far,0.22684,207.362,1,right,163.32,1857
1860,74.4,Player_Near,0.09559,165.276,0,left,68.83,
1860,74.4,Player_Far,0.14209,322.188,0,right,102.31,
1861,74.44,Player_Near,0.09819,114.824,0,left,70.7,
1861,74.44,Player_Far,0.16447,172.579,0,right,118.42,
1862,74.48,Player_Near,0.03437,125.996,0,left,24.74,
1862,74.48,Player_Far,0.0,0.0,0,right,0.0,
1863,74.52,Player_Near,0.20884,405.005,0,left,150.37,
1863,74.52,Player_Far,0.0,0.0,0,left,0.0,
1864,74.56,Player_Near,0.16593,351.25,0,left,119.47,
1864,74.56,Player_Far,0.16745,31.813,0,right,120.57,
1865,74.6,Player_Near,0.08177,459.995,0,left,58.88,
1865,74.6,Player_Far,0.06861,5.604,0,right,49.4,
1866,74.64,Player_Near,0.08582,233.646,0,left,61.79,
1866,74.64,Player_Far,0.07019,5.859,0,right,50.53,
1867,74.68,Player_Near,0.20197,66.219,0,left,145.42,
1867,74.68,Player_Far,0.04986,0.838,0,right,35.9,
1868,74.72,Player_Near,0.09433,123.035,0,left,67.92,
1868,74.72,Player_Far,0.01307,7.037,0,right,9.41,
1869,74.76,Player_Near,0.09844,150.665,0,left,70.88,
1869,74.76,Player_Far,0.03269,0.375,0,right,23.54,
1870,74.8,Player_Near,0.0,0.0,0,left,0.0,
1870,74.8,Player_Far,0.15116,9.025,0,right,108.84,
1871,74.84,Player_Near,0.0,0.0,0,left,0.0,
1871,74.84,Player_Far,0.07146,4.368,0,right,51.45,
1872,74.88,Player_Near,0.0,0.0,0,left,0.0,
1872,74.88,Player_Far,0.11033,0.005,0,right,79.44,
1873,74.92,Player_Near,0.0,0.0,0,left,0.0,
1873,74.92,Player_Far,0.11421,6.912,0,right,82.23,
1874,74.96,Player_Near,0.0,0.0,0,none,0.0,
1874,74.96,Player_Far,0.03852,7.962,0,right,27.73,
1875,75.0,Player_Near,0.0,0.0,0,none,0.0,
1875,75.0,Player_Far,0.0,0.0,0,right,0.0,
1876,75.04,Player_Near,0.0,0.0,0,none,0.0,
1876,75.04,Player_Far,0.0,0.0,0,right,0.0,
1877,75.08,Player_Near,0.0,0.0,0,none,0.0,
1877,75.08,Player_Far,0.0,0.0,0,right,0.0,
1878,75.12,Player_Near,0.0,0.0,0,none,0.0,
1878,75.12,Player_Far,0.0,0.0,0,right,0.0,
1879,75.16,Player_Near,0.0,0.0,0,none,0.0,
1879,75.16,Player_Far,0.08528,195.426,0,right,61.4,
1880,75.2,Player_Near,0.0,0.0,0,none,0.0,
1880,75.2,Player_Far,9.80801,2930.853,0,left,7061.77,
1881,75.24,Player_Near,0.0,0.0,0,none,0.0,
1881,75.24,Player_Far,9.20107,1572.032,0,left,6624.77,
1882,75.28,Player_Near,0.0,0.0,0,none,0.0,
1882,75.28,Player_Far,9.24204,1393.932,0,left,6654.27,
1883,75.32,Player_Near,0.0,0.0,0,none,0.0,
1883,75.32,Player_Far,0.43062,119.463,0,left,310.04,
1884,75.36,Player_Near,0.0,0.0,0,none,0.0,
1884,75.36,Player_Far,0.31605,97.94,1,left,227.55,1882
1885,75.4,Player_Near,0.0,0.0,0,none,0.0,
1885,75.4,Player_Far,0.37811,236.536,0,left,272.24,
1886,75.44,Player_Near,0.0,0.0,0,none,0.0,
1886,75.44,Player_Far,0.93298,299.355,0,left,671.75,
1887,75.48,Player_Near,0.0,0.0,0,none,0.0,
1887,75.48,Player_Far,0.22862,399.811,0,left,164.6,
1888,75.52,Player_Near,0.0,0.0,0,none,0.0,
1888,75.52,Player_Far,0.15477,532.002,0,left,111.44,
1889,75.56,Player_Near,0.0,0.0,0,none,0.0,
1889,75.56,Player_Far,0.07732,80.037,0,left,55.67,
1890,75.6,Player_Near,0.0,0.0,0,none,0.0,
1890,75.6,Player_Far,0.00434,133.444,0,left,3.13,
1891,75.64,Player_Near,0.0,0.0,0,none,0.0,
1891,75.64,Player_Far,0.02315,17.862,0,left,16.67,
1892,75.68,Player_Near,0.0,0.0,0,none,0.0,
1892,75.68,Player_Far,0.02143,22.97,0,left,15.43,
1893,75.72,Player_Near,0.0,0.0,0,none,0.0,
1893,75.72,Player_Far,0.04584,7.476,0,right,33.01,
1894,75.76,Player_Near,0.0,0.0,0,none,0.0,
1894,75.76,Player_Far,0.06721,157.898,0,right,48.39,
1895,75.8,Player_Near,0.0,0.0,0,none,0.0,
1895,75.8,Player_Far,0.0853,834.088,0,right,61.42,
1896,75.84,Player_Near,0.0,0.0,0,none,0.0,
1896,75.84,Player_Far,0.0,0.0,0,right,0.0,
1897,75.88,Player_Near,0.0,0.0,0,none,0.0,
1897,75.88,Player_Far,0.0,0.0,0,right,0.0,
1898,75.92,Player_Near,0.0,0.0,0,none,0.0,
1898,75.92,Player_Far,0.0,0.0,0,right,0.0,
1899,75.96,Player_Near,0.0,0.0,0,none,0.0,
1899,75.96,Player_Far,0.1914,188.004,0,left,137.81,
1900,76.0,Player_Near,0.0,0.0,0,none,0.0,
1900,76.0,Player_Far,26.3549,3117.302,0,right,18975.53,
1901,76.04,Player_Near,0.88882,404.965,0,right,639.95,
1901,76.04,Player_Far,0.3185,171.544,0,right,229.32,
1902,76.08,Player_Near,0.57832,258.206,0,right,416.39,
1902,76.08,Player_Far,26.35864,1871.485,0,left,18978.22,
1903,76.12,Player_Near,0.20918,244.066,0,right,150.61,
1903,76.12,Player_Far,0.32816,268.378,0,left,236.27,
1904,76.16,Player_Near,0.06216,496.255,0,right,44.75,
1904,76.16,Player_Far,0.6595,397.022,1,left,474.84,1902
1905,76.2,Player_Near,0.15834,1500.491,0,right,114.01,
1905,76.2,Player_Far,0.14713,48.819,0,left,105.93,
1906,76.24,Player_Near,0.0,0.0,0,right,0.0,
1906,76.24,Player_Far,0.16391,439.244,0,left,118.02,
1907,76.28,Player_Near,0.0,0.0,0,right,0.0,
1907,76.28,Player_Far,0.09676,391.392,0,left,69.67,
1908,76.32,Player_Near,0.0,0.0,0,right,0.0,
1908,76.32,Player_Far,0.04664,170.07,0,left,33.58,
1909,76.36,Player_Near,0.0,0.0,0,right,0.0,
1909,76.36,Player_Far,0.0,0.0,0,right,0.0,
1910,76.4,Player_Near,0.18659,232.896,0,right,134.34,
1910,76.4,Player_Far,0.0,0.0,0,left,0.0,
1911,76.44,Player_Near,0.16131,1926.402,0,right,116.14,
1911,76.44,Player_Far,0.03469,4.508,0,left,24.98,
1912,76.48,Player_Near,0.13611,230.657,0,right,98.0,
1912,76.48,Player_Far,0.0127,31.443,0,right,9.14,
1913,76.52,Player_Near,0.34794,84.365,0,right,250.52,
1913,76.52,Player_Far,0.0037,32.908,0,right,2.67,
1914,76.56,Player_Near,0.4397,202.386,0,right,316.58,
1914,76.56,Player_Far,0.05993,42.927,0,left,43.15,
1915,76.6,Player_Near,1.13147,13.429,0,right,814.66,
1915,76.6,Player_Far,0.09391,1.038,0,right,67.61,
1916,76.64,Player_Near,0.7984,107.443,0,right,574.85,
1916,76.64,Player_Far,0.06712,10.937,0,right,48.33,
1917,76.68,Player_Near,0.15024,64.569,0,right,108.18,
1917,76.68,Player_Far,0.07377,9.925,0,right,53.12,
1918,76.72,Player_Near,0.19172,173.624,0,right,138.04,
1918,76.72,Player_Far,0.10638,36.559,0,left,76.6,
1919,76.76,Player_Near,0.15855,29.258,0,right,114.15,
1919,76.76,Player_Far,0.01013,37.176,0,left,7.29,
1920,76.8,Player_Near,0.22615,92.534,0,right,162.83,
1920,76.8,Player_Far,0.07837,2.623,0,left,56.43,
1921,76.84,Player_Near,0.4651,163.875,0,right,334.87,
1921,76.84,Player_Far,0.018,17.949,0,left,12.96,
1922,76.88,Player_Near,0.81306,74.326,0,right,585.4,
1922,76.88,Player_Far,0.05851,5.009,0,left,42.13,
1923,76.92,Player_Near,0.22925,1.557,0,right,165.06,
1923,76.92,Player_Far,0.08239,58.386,0,left,59.32,
1924,76.96,Player_Near,0.20877,71.132,0,right,150.31,
1924,76.96,Player_Far,0.07355,19.723,0,left,52.95,
1925,77.0,Player_Near,0.12509,16.367,0,right,90.06,
1925,77.0,Player_Far,0.00064,10.399,0,left,0.46,
1926,77.04,Player_Near,0.24751,114.159,0,right,178.21,
1926,77.04,Player_Far,0.0,0.0,0,left,0.0,
1927,77.08,Player_Near,0.45967,54.947,0,right,330.96,
1927,77.08,Player_Far,0.0,0.0,0,left,0.0,
1928,77.12,Player_Near,0.7165,52.053,0,right,515.88,
1928,77.12,Player_Far,0.0,0.0,0,left,0.0,
1929,77.16,Player_Near,0.61904,86.07,0,right,445.71,
1929,77.16,Player_Far,0.0,0.0,0,right,0.0,
1930,77.2,Player_Near,0.60111,29.971,0,right,432.8,
1930,77.2,Player_Far,0.0,0.0,0,none,0.0,
1931,77.24,Player_Near,0.43855,24.464,0,right,315.76,
1931,77.24,Player_Far,0.0,0.0,0,none,0.0,
1932,77.28,Player_Near,0.34754,2.16,0,right,250.23,
1932,77.28,Player_Far,0.0,0.0,0,none,0.0,
1933,77.32,Player_Near,0.32542,17.328,0,right,234.3,
1933,77.32,Player_Far,0.21398,2779.346,0,right,154.07,
1934,77.36,Player_Near,0.41474,99.562,0,right,298.61,
1934,77.36,Player_Far,0.08499,476.842,0,right,61.19,
1935,77.4,Player_Near,0.36366,11.14,0,left,261.84,
1935,77.4,Player_Far,0.16579,427.481,0,right,119.37,
1936,77.44,Player_Near,0.24586,63.455,0,left,177.02,
1936,77.44,Player_Far,0.08931,67.304,0,right,64.3,
1937,77.48,Player_Near,10.39791,404.431,0,left,7486.49,
1937,77.48,Player_Far,0.0,0.0,0,right,0.0,
1938,77.52,Player_Near,0.28168,9.659,0,left,202.81,
1938,77.52,Player_Far,0.0,0.0,0,right,0.0,
1939,77.56,Player_Near,0.25818,96.138,1,left,185.89,1937
1939,77.56,Player_Far,0.0,0.0,0,right,0.0,
1940,77.6,Player_Near,9.15618,40.98,0,left,6592.45,
1940,77.6,Player_Far,0.0,0.0,0,right,0.0,
1941,77.64,Player_Near,0.374,550.357,0,left,269.28,
1941,77.64,Player_Far,0.01255,16.221,0,right,9.04,
1942,77.68,Player_Near,0.2749,242.877,1,right,197.93,1940
1942,77.68,Player_Far,0.03247,13.988,0,right,23.38,
1943,77.72,Player_Near,0.2593,138.832,0,right,186.7,
1943,77.72,Player_Far,0.06978,0.466,0,left,50.24,
1944,77.76,Player_Near,0.08208,1295.743,0,right,59.09,
1944,77.76,Player_Far,0.00378,3.057,0,left,2.72,
1945,77.8,Player_Near,0.23254,1624.025,0,right,167.43,
1945,77.8,Player_Far,0.00061,1.124,0,left,0.44,
1946,77.84,Player_Near,0.21492,747.007,0,left,154.75,
1946,77.84,Player_Far,0.01504,66.771,0,left,10.83,
1947,77.88,Player_Near,0.16155,1825.795,0,left,116.32,
1947,77.88,Player_Far,0.0164,36.718,0,left,11.81,
1948,77.92,Player_Near,0.58169,3724.558,0,right,418.82,
1948,77.92,Player_Far,0.01907,6.53,0,right,13.73,
1949,77.96,Player_Near,0.28681,1229.382,0,right,206.51,
1949,77.96,Player_Far,0.06578,5.594,0,left,47.36,
1950,78.0,Player_Near,0.38417,453.054,0,right,276.6,
1950,78.0,Player_Far,0.00144,16.946,0,left,1.04,
1951,78.04,Player_Near,0.17079,266.481,0,right,122.97,
1951,78.04,Player_Far,0.00649,8.506,0,left,4.67,
1952,78.08,Player_Near,0.01326,138.496,0,right,9.55,
1952,78.08,Player_Far,0.03514,15.071,0,left,25.3,
1953,78.12,Player_Near,0.12006,79.087,0,left,86.44,
1953,78.12,Player_Far,0.03514,0.797,0,left,25.3,
1954,78.16,Player_Near,0.08101,203.177,0,right,58.33,
1954,78.16,Player_Far,0.03448,2.269,0,right,24.83,
1955,78.2,Player_Near,0.30174,294.448,0,left,217.26,
1955,78.2,Player_Far,0.06807,25.724,0,left,49.01,
1956,78.24,Player_Near,0.2153,544.479,0,left,155.02,
1956,78.24,Player_Far,0.07725,63.441,0,left,55.62,
1957,78.28,Player_Near,0.22867,511.812,0,left,164.64,
1957,78.28,Player_Far,0.01243,9.653,0,left,8.95,
1958,78.32,Player_Near,0.4592,1151.059,0,left,330.62,
1958,78.32,Player_Far,0.00085,0.323,0,left,0.61,
1959,78.36,Player_Near,0.22622,923.058,0,left,162.88,
1959,78.36,Player_Far,0.06675,5.199,0,left,48.06,
1960,78.4,Player_Near,0.25503,2782.855,0,left,183.62,
1960,78.4,Player_Far,0.00293,11.824,0,left,2.11,
1961,78.44,Player_Near,0.46533,2427.286,0,left,335.04,
1961,78.44,Player_Far,0.00285,1.084,0,right,2.05,
1962,78.48,Player_Near,0.24147,877.507,0,left,173.86,
1962,78.48,Player_Far,0.03549,1.599,0,right,25.55,
1963,78.52,Player_Near,0.27639,1209.844,0,left,199.0,
1963,78.52,Player_Far,0.03256,0.224,0,right,23.44,
1964,78.56,Player_Near,0.16487,260.845,0,left,118.71,
1964,78.56,Player_Far,0.05523,1.331,0,left,39.77,
1965,78.6,Player_Near,0.15915,119.468,0,left,114.59,
1965,78.6,Player_Far,0.04482,32.73,0,left,32.27,
1966,78.64,Player_Near,0.17743,627.468,0,right,127.75,
1966,78.64,Player_Far,0.07675,1.724,0,right,55.26,
1967,78.68,Player_Near,0.44127,2644.547,0,right,317.71,
1967,78.68,Player_Far,0.11088,9.574,0,right,79.83,
1968,78.72,Player_Near,0.33715,1410.192,0,right,242.75,
1968,78.72,Player_Far,0.08489,48.252,0,right,61.12,
1969,78.76,Player_Near,0.50638,2042.869,0,left,364.59,
1969,78.76,Player_Far,0.0,0.0,0,right,0.0,
1970,78.8,Player_Near,0.33166,125.581,0,left,238.79,
1970,78.8,Player_Far,0.0,0.0,0,right,0.0,
1971,78.84,Player_Near,0.18309,1862.223,0,left,131.82,
1971,78.84,Player_Far,0.38658,986.619,0,right,278.34,
1972,78.88,Player_Near,0.18587,719.871,0,left,133.82,
1972,78.88,Player_Far,0.0,0.0,0,right,0.0,
1973,78.92,Player_Near,0.22765,129.761,0,left,163.91,
1973,78.92,Player_Far,0.0,0.0,0,right,0.0,
1974,78.96,Player_Near,0.0,0.0,0,right,0.0,
1974,78.96,Player_Far,0.0,0.0,0,right,0.0,
1975,79.0,Player_Near,0.19949,172.919,0,left,143.64,
1975,79.0,Player_Far,0.0,0.0,0,right,0.0,
1976,79.04,Player_Near,0.38036,92.351,0,left,273.86,
1976,79.04,Player_Far,0.18459,173.677,0,left,132.91,
1977,79.08,Player_Near,0.36703,88.33,0,left,264.26,
1977,79.08,Player_Far,0.23831,282.528,0,left,171.59,
1978,79.12,Player_Near,0.32943,29.738,0,left,237.19,
1978,79.12,Player_Far,0.12347,119.681,0,left,88.9,
1979,79.16,Player_Near,0.36581,147.571,0,left,263.38,
1979,79.16,Player_Far,0.00689,11.268,0,left,4.96,
1980,79.2,Player_Near,0.35372,136.319,0,left,254.68,
1980,79.2,Player_Far,0.01664,40.422,0,left,11.98,
1981,79.24,Player_Near,0.73547,76.553,0,left,529.54,
1981,79.24,Player_Far,0.07206,57.034,0,left,51.88,
1982,79.28,Player_Near,0.61011,434.766,0,left,439.28,
1982,79.28,Player_Far,0.06629,138.654,0,left,47.73,
1983,79.32,Player_Near,0.09028,9.577,0,left,65.0,
1983,79.32,Player_Far,0.03101,609.978,0,right,22.33,
1984,79.36,Player_Near,0.03899,276.944,0,left,28.07,
1984,79.36,Player_Far,0.07127,517.66,0,right,51.31,
1985,79.4,Player_Near,0.0,0.0,0,left,0.0,
1985,79.4,Player_Far,0.05473,336.864,0,right,39.41,
1986,79.44,Player_Near,0.0,0.0,0,left,0.0,
1986,79.44,Player_Far,0.09693,314.031,0,right,69.79,
1987,79.48,Player_Near,0.0,0.0,0,left,0.0,
1987,79.48,Player_Far,0.0,0.0,0,right,0.0,
1988,79.52,Player_Near,0.0,0.0,0,left,0.0,
1988,79.52,Player_Far,0.0,0.0,0,right,0.0,
1989,79.56,Player_Near,0.0,0.0,0,none,0.0,
1989,79.56,Player_Far,0.0,0.0,0,right,0.0,
1990,79.6,Player_Near,0.0,0.0,0,none,0.0,
1990,79.6,Player_Far,0.0,0.0,0,right,0.0,
1991,79.64,Player_Near,0.0,0.0,0,none,0.0,
1991,79.64,Player_Far,0.0,0.0,0,none,0.0,
1992,79.68,Player_Near,0.0,0.0,0,none,0.0,
1992,79.68,Player_Far,0.0,0.0,0,none,0.0,
1993,79.72,Player_Near,0.0,0.0,0,none,0.0,
1993,79.72,Player_Far,26.6085,2202.258,0,left,19158.12,
1994,79.76,Player_Near,0.0,0.0,0,none,0.0,
1994,79.76,Player_Far,26.24021,1978.946,0,left,18892.95,
1995,79.8,Player_Near,0.0,0.0,0,none,0.0,
1995,79.8,Player_Far,0.12761,115.711,1,left,91.88,1993
1996,79.84,Player_Near,0.0,0.0,0,none,0.0,
1996,79.84,Player_Far,0.06316,134.64,0,left,45.48,
1997,79.88,Player_Near,0.0,0.0,0,none,0.0,
1997,79.88,Player_Far,0.02383,208.476,0,left,17.16,
1998,79.92,Player_Near,0.0,0.0,0,none,0.0,
1998,79.92,Player_Far,8.6629,4271.569,0,right,6237.28,
1999,79.96,Player_Near,0.0,0.0,0,none,0.0,
1999,79.96,Player_Far,0.39935,344.007,0,right,287.53,
2000,80.0,Player_Near,0.0,0.0,0,none,0.0,
2000,80.0,Player_Far,8.53686,4143.376,0,right,6146.54,
2001,80.04,Player_Near,0.0,0.0,0,none,0.0,
2001,80.04,Player_Far,0.40197,952.291,0,right,289.42,
2002,80.08,Player_Near,0.0,0.0,0,none,0.0,
2002,80.08,Player_Far,0.7835,1798.935,1,right,564.12,2000
2003,80.12,Player_Near,0.0,0.0,0,none,0.0,
2003,80.12,Player_Far,0.17958,176.516,0,right,129.3,
2004,80.16,Player_Near,0.0,0.0,0,none,0.0,
2004,80.16,Player_Far,0.29821,878.245,0,right,214.71,
2005,80.2,Player_Near,0.34963,135.312,0,left,251.74,
2005,80.2,Player_Far,0.30451,841.452,0,right,219.25,
2006,80.24,Player_Near,0.45934,55.635,0,left,330.72,
2006,80.24,Player_Far,0.03833,946.905,0,right,27.6,
2007,80.28,Player_Near,0.36485,78.276,0,left,262.69,
2007,80.28,Player_Far,0.18052,604.511,0,left,129.97,
2008,80.32,Player_Near,0.40487,242.558,0,left,291.5,
2008,80.32,Player_Far,0.1398,244.393,0,left,100.66,
2009,80.36,Player_Near,0.34889,233.882,0,left,251.2,
2009,80.36,Player_Far,0.08537,269.169,0,left,61.46,
2010,80.4,Player_Near,0.30965,292.42,0,left,222.95,
2010,80.4,Player_Far,0.0542,119.047,0,left,39.02,
2011,80.44,Player_Near,0.36819,91.442,0,left,265.09,
2011,80.44,Player_Far,0.03331,54.895,0,left,23.98,
2012,80.48,Player_Near,0.33664,475.791,0,left,242.38,
2012,80.48,Player_Far,0.0,0.0,0,right,0.0,
2013,80.52,Player_Near,0.15791,452.525,0,left,113.69,
2013,80.52,Player_Far,0.0,0.0,0,right,0.0,
2014,80.56,Player_Near,0.25747,291.219,0,left,185.38,
2014,80.56,Player_Far,0.0,0.0,0,right,0.0,
2015,80.6,Player_Near,0.09624,124.341,0,left,69.29,
2015,80.6,Player_Far,0.0,0.0,0,right,0.0,
2016,80.64,Player_Near,0.10676,540.342,0,left,76.87,
2016,80.64,Player_Far,0.0,0.0,0,none,0.0,
2017,80.68,Player_Near,0.56959,448.677,0,left,410.1,
2017,80.68,Player_Far,0.08004,64.966,0,left,57.63,
2018,80.72,Player_Near,0.55597,173.351,0,left,400.3,
2018,80.72,Player_Far,0.00449,4.539,0,left,3.23,
2019,80.76,Player_Near,0.06708,284.412,0,left,48.3,
2019,80.76,Player_Far,0.03037,20.561,0,left,21.86,
2020,80.8,Player_Near,0.36513,987.728,0,left,262.9,
2020,80.8,Player_Far,0.01954,19.059,0,left,14.07,
2021,80.84,Player_Near,0.26112,1381.78,0,left,188.01,
2021,80.84,Player_Far,0.05046,72.993,0,left,36.33,
2022,80.88,Player_Near,0.29216,989.921,0,left,210.36,
2022,80.88,Player_Far,0.0157,46.76,0,left,11.31,
2023,80.92,Player_Near,0.1762,518.635,0,left,126.87,
2023,80.92,Player_Far,0.04955,21.279,0,left,35.68,
2024,80.96,Player_Near,0.59888,339.897,0,left,431.2,
2024,80.96,Player_Far,0.03195,35.906,0,left,23.0,
2025,81.0,Player_Near,0.6412,179.869,0,left,461.67,
2025,81.0,Player_Far,0.0,0.0,0,left,0.0,
2026,81.04,Player_Near,0.28979,895.078,0,left,208.65,
2026,81.04,Player_Far,0.0,0.0,0,left,0.0,
2027,81.08,Player_Near,0.18757,4162.417,0,left,135.05,
2027,81.08,Player_Far,0.0,0.0,0,left,0.0,
2028,81.12,Player_Near,0.15307,153.472,0,left,110.21,
2028,81.12,Player_Far,0.0,0.0,0,left,0.0,
2029,81.16,Player_Near,0.11681,64.213,0,left,84.11,
2029,81.16,Player_Far,0.0,0.0,0,none,0.0,
2030,81.2,Player_Near,0.08179,152.759,0,left,58.89,
2030,81.2,Player_Far,0.0,0.0,0,none,0.0,
2031,81.24,Player_Near,0.28242,70.9,0,left,203.34,
2031,81.24,Player_Far,0.0,0.0,0,none,0.0,
2032,81.28,Player_Near,0.31083,1228.723,0,left,223.8,
2032,81.28,Player_Far,0.0,0.0,0,none,0.0,
2033,81.32,Player_Near,0.33439,1378.062,0,left,240.76,
2033,81.32,Player_Far,0.03913,7.221,0,right,28.17,
2034,81.36,Player_Near,0.50778,1600.343,0,left,365.6,
2034,81.36,Player_Far,0.00811,12.809,0,right,5.84,
2035,81.4,Player_Near,0.16311,568.659,0,left,117.44,
2035,81.4,Player_Far,0.00415,6.681,0,right,2.99,
2036,81.44,Player_Near,0.0,0.0,0,left,0.0,
2036,81.44,Player_Far,0.00399,0.0,0,right,2.87,
2037,81.48,Player_Near,0.0,0.0,0,left,0.0,
2037,81.48,Player_Far,0.08133,41.595,0,left,58.56,
2038,81.52,Player_Near,0.0,0.0,0,left,0.0,
2038,81.52,Player_Far,0.19558,289.749,0,left,140.82,
2039,81.56,Player_Near,0.0,0.0,0,left,0.0,
2039,81.56,Player_Far,0.02782,60.577,0,left,20.03,
2040,81.6,Player_Near,0.0,0.0,0,none,0.0,
2040,81.6,Player_Far,0.01715,93.433,0,left,12.35,
2041,81.64,Player_Near,0.0,0.0,0,none,0.0,
2041,81.64,Player_Far,0.02754,143.931,0,left,19.83,
2042,81.68,Player_Near,0.0,0.0,0,none,0.0,
2042,81.68,Player_Far,0.02188,110.032,0,left,15.76,
2043,81.72,Player_Near,0.0,0.0,0,none,0.0,
2043,81.72,Player_Far,0.02155,112.321,0,left,15.51,
2044,81.76,Player_Near,0.0,0.0,0,none,0.0,
2044,81.76,Player_Far,0.01006,0.259,0,left,7.24,
2045,81.8,Player_Near,0.0,0.0,0,none,0.0,
2045,81.8,Player_Far,0.03982,6.533,0,left,28.67,
2046,81.84,Player_Near,0.0,0.0,0,none,0.0,
2046,81.84,Player_Far,0.01985,86.413,0,left,14.29,
2047,81.88,Player_Near,0.56324,125.556,0,right,405.53,
2047,81.88,Player_Far,0.00669,20.712,0,left,4.82,
2048,81.92,Player_Near,0.46854,256.32,0,right,337.35,
2048,81.92,Player_Far,0.03178,11.149,0,left,22.88,
2049,81.96,Player_Near,0.27814,38.32,0,right,200.26,
2049,81.96,Player_Far,0.04006,4.35,0,left,28.84,
2050,82.0,Player_Near,0.19208,20.101,0,right,138.3,
2050,82.0,Player_Far,0.00547,12.328,0,left,3.94,
2051,82.04,Player_Near,0.32257,7.822,0,right,232.25,
2051,82.04,Player_Far,0.00644,2.613,0,left,4.64,
2052,82.08,Player_Near,0.3126,107.524,0,right,225.07,
2052,82.08,Player_Far,0.01918,6.579,0,left,13.81,
2053,82.12,Player_Near,19.45149,1708.498,0,left,14005.08,
2053,82.12,Player_Far,0.0,0.0,0,left,0.0,
2054,82.16,Player_Near,17.99772,378.752,0,left,12958.36,
2054,82.16,Player_Far,0.0,0.0,0,left,0.0,
2055,82.2,Player_Near,0.63106,989.259,1,left,454.36,2053
2055,82.2,Player_Far,0.03463,3.833,0,left,24.94,
2056,82.24,Player_Near,0.0,0.0,0,left,0.0,
2056,82.24,Player_Far,0.0,0.0,0,left,0.0,
2057,82.28,Player_Near,0.0,0.0,0,left,0.0,
2057,82.28,Player_Far,0.0,0.0,0,left,0.0,
2058,82.32,Player_Near,0.0,0.0,0,left,0.0,
2058,82.32,Player_Far,0.009,2.392,0,left,6.48,
2059,82.36,Player_Near,0.0,0.0,0,left,0.0,
2059,82.36,Player_Far,0.00686,9.912,0,left,4.94,
2060,82.4,Player_Near,0.0,0.0,0,none,0.0,
2060,82.4,Player_Far,0.03804,41.48,0,left,27.39,
2061,82.44,Player_Near,0.0,0.0,0,none,0.0,
2061,82.44,Player_Far,0.00844,12.884,0,left,6.08,
2062,82.48,Player_Near,0.0,0.0,0,none,0.0,
2062,82.48,Player_Far,0.04303,2.1,0,left,30.98,
2063,82.52,Player_Near,0.0,0.0,0,none,0.0,
2063,82.52,Player_Far,0.07763,0.0,0,right,55.89,
2064,82.56,Player_Near,0.0,0.0,0,none,0.0,
2064,82.56,Player_Far,0.11283,0.0,0,right,81.24,
2065,82.6,Player_Near,0.74068,1877.416,0,left,533.29,
2065,82.6,Player_Far,0.03263,0.0,0,right,23.49,
2066,82.64,Player_Near,0.25165,125.081,0,left,181.19,
2066,82.64,Player_Far,0.14289,0.0,0,right,102.88,
2067,82.68,Player_Near,0.24617,160.498,0,left,177.24,
2067,82.68,Player_Far,0.08832,0.0,0,right,63.59,
2068,82.72,Player_Near,0.3769,93.847,0,left,271.37,
2068,82.72,Player_Far,0.0,0.0,0,right,0.0,
2069,82.76,Player_Near,0.26653,130.216,0,left,191.9,
2069,82.76,Player_Far,0.0,0.0,0,right,0.0,
2070,82.8,Player_Near,0.35846,675.845,0,right,258.09,
2070,82.8,Player_Far,0.0,0.0,0,right,0.0,
2071,82.84,Player_Near,0.13217,316.011,0,right,95.17,
2071,82.84,Player_Far,0.41282,0.0,0,right,297.23,
2072,82.88,Player_Near,0.51436,195.768,0,left,370.34,
2072,82.88,Player_Far,0.42755,114.713,0,right,307.83,
2073,82.92,Player_Near,0.0,0.0,0,left,0.0,
2073,82.92,Player_Far,0.09777,7.798,0,right,70.4,
2074,82.96,Player_Near,0.0,0.0,0,left,0.0,
2074,82.96,Player_Far,0.06061,45.153,0,right,43.64,
2075,83.0,Player_Near,0.07937,114.103,0,left,57.15,
2075,83.0,Player_Far,0.17147,0.769,0,right,123.46,
2076,83.04,Player_Near,0.20272,22.646,0,left,145.96,
2076,83.04,Player_Far,0.12533,31.161,0,right,90.24,
2077,83.08,Player_Near,0.07477,13.966,0,left,53.84,
2077,83.08,Player_Far,0.06015,48.608,0,left,43.3,
2078,83.12,Player_Near,0.20111,393.455,0,left,144.8,
2078,83.12,Player_Far,0.02778,24.777,0,left,20.0,
2079,83.16,Player_Near,0.04574,31.37,0,left,32.93,
2079,83.16,Player_Far,0.06268,59.28,0,right,45.13,
2080,83.2,Player_Near,0.05133,105.951,0,left,36.95,
2080,83.2,Player_Far,0.06648,280.695,0,left,47.87,
2081,83.24,Player_Near,0.13392,352.682,0,left,96.42,
2081,83.24,Player_Far,0.24814,345.7,0,right,178.66,
2082,83.28,Player_Near,0.0,0.0,0,left,0.0,
2082,83.28,Player_Far,0.26259,319.187,0,right,189.07,
2083,83.32,Player_Near,0.0,0.0,0,left,0.0,
2083,83.32,Player_Far,0.22035,125.693,0,right,158.65,
2084,83.36,Player_Near,12.02178,178.112,0,right,8655.68,
2084,83.36,Player_Far,0.20595,41.296,0,right,148.28,
2085,83.4,Player_Near,0.27141,661.367,0,right,195.42,
2085,83.4,Player_Far,0.27131,4.837,0,right,195.34,
2086,83.44,Player_Near,12.33816,190.436,0,left,8883.48,
2086,83.44,Player_Far,16.13456,430.811,0,right,11616.88,
2087,83.48,Player_Near,0.18759,175.19,0,left,135.06,
2087,83.48,Player_Far,0.58165,1092.605,0,right,418.79,
2088,83.52,Player_Near,0.64764,566.06,1,left,466.3,2086
2088,83.52,Player_Far,15.43575,1911.606,0,right,11113.74,
2089,83.56,Player_Near,0.31939,287.029,0,left,229.96,
2089,83.56,Player_Far,0.10034,591.794,0,right,72.25,
2090,83.6,Player_Near,0.17805,211.352,0,left,128.19,
2090,83.6,Player_Far,0.08709,113.736,1,right,62.71,2088
2091,83.64,Player_Near,0.07192,166.645,0,left,51.79,
2091,83.64,Player_Far,0.04123,250.683,0,right,29.69,
2092,83.68,Player_Near,0.05589,135.271,0,left,40.24,
2092,83.68,Player_Far,0.03784,208.479,0,right,27.25,
2093,83.72,Player_Near,0.03725,147.119,0,left,26.82,
2093,83.72,Player_Far,0.09796,32.027,0,left,70.53,
2094,83.76,Player_Near,0.02072,99.692,0,left,14.92,
2094,83.76,Player_Far,0.0,0.0,0,left,0.0,
2095,83.8,Player_Near,0.01898,50.104,0,left,13.67,
2095,83.8,Player_Far,0.0,0.0,0,left,0.0,
2096,83.84,Player_Near,0.03581,22.658,0,right,25.79,
2096,83.84,Player_Far,0.03761,50.44,0,right,27.08,
2097,83.88,Player_Near,0.07556,15.101,0,right,54.4,
2097,83.88,Player_Far,0.10386,41.213,0,right,74.78,
2098,83.92,Player_Near,0.02465,14.83,0,right,17.74,
2098,83.92,Player_Far,0.03402,46.645,0,right,24.5,
2099,83.96,Player_Near,0.0231,13.883,0,right,16.64,
2099,83.96,Player_Far,0.06898,38.171,0,right,49.66,
2100,84.0,Player_Near,0.02203,22.41,0,right,15.86,
2100,84.0,Player_Far,0.10436,44.553,0,right,75.14,
2101,84.04,Player_Near,0.02606,15.037,0,right,18.77,
2101,84.04,Player_Far,0.10546,7.63,0,right,75.93,
2102,84.08,Player_Near,0.00867,36.222,0,left,6.24,
2102,84.08,Player_Far,0.06966,56.335,0,right,50.16,
2103,84.12,Player_Near,0.01644,8.752,0,left,11.83,
2103,84.12,Player_Far,0.08563,232.172,0,right,61.65,
2104,84.16,Player_Near,0.03769,19.694,0,left,27.13,
2104,84.16,Player_Far,0.07517,176.106,0,right,54.13,
2105,84.2,Player_Near,0.02541,3.935,0,left,18.3,
2105,84.2,Player_Far,0.10749,111.177,0,right,77.4,
2106,84.24,Player_Near,0.03998,22.783,0,right,28.79,
2106,84.24,Player_Far,0.12309,384.465,0,right,88.62,
2107,84.28,Player_Near,0.06953,11.988,0,right,50.06,
2107,84.28,Player_Far,0.1616,266.125,0,right,116.36,
2108,84.32,Player_Near,0.03839,17.554,0,right,27.64,
2108,84.32,Player_Far,0.09905,442.688,0,right,71.32,
2109,84.36,Player_Near,0.05388,8.847,0,right,38.8,
2109,84.36,Player_Far,0.18775,1554.272,0,right,135.18,
2110,84.4,Player_Near,0.02818,23.946,0,right,20.29,
2110,84.4,Player_Far,0.26608,526.181,0,right,191.57,
2111,84.44,Player_Near,0.03646,12.677,0,right,26.25,
2111,84.44,Player_Far,0.03719,251.156,0,right,26.78,
2112,84.48,Player_Near,0.10146,14.807,0,left,73.05,
2112,84.48,Player_Far,0.17233,188.068,0,right,124.07,
2113,84.52,Player_Near,0.03594,28.277,0,left,25.88,
2113,84.52,Player_Far,0.03262,256.791,0,right,23.49,
2114,84.56,Player_Near,0.02587,14.945,0,left,18.63,
2114,84.56,Player_Far,0.11573,41.953,0,right,83.32,
2115,84.6,Player_Near,0.03104,23.547,0,left,22.35,
2115,84.6,Player_Far,0.11393,46.714,0,right,82.03,
2116,84.64,Player_Near,0.07029,22.735,0,left,50.61,
2116,84.64,Player_Far,0.1805,202.481,0,right,129.96,
2117,84.68,Player_Near,0.04924,18.662,0,left,35.46,
2117,84.68,Player_Far,0.10108,95.655,0,right,72.77,
2118,84.72,Player_Near,0.05572,73.399,0,left,40.11,
2118,84.72,Player_Far,0.08594,0.073,0,right,61.87,
2119,84.76,Player_Near,0.01923,109.012,0,left,13.84,
2119,84.76,Player_Far,0.02366,16.016,0,right,17.04,
2120,84.8,Player_Near,0.0215,93.525,0,left,15.48,
2120,84.8,Player_Far,0.01983,10.549,0,right,14.28,
2121,84.84,Player_Near,0.05067,69.526,0,left,36.48,
2121,84.84,Player_Far,0.1088,552.523,0,left,78.34,
2122,84.88,Player_Near,0.04495,51.113,0,left,32.36,
2122,84.88,Player_Far,0.12399,1231.261,0,left,89.27,
2123,84.92,Player_Near,0.05914,54.432,0,left,42.58,
2123,84.92,Player_Far,0.13826,520.768,0,left,99.54,
2124,84.96,Player_Near,0.04875,55.334,0,left,35.1,
2124,84.96,Player_Far,0.07901,255.656,0,left,56.88,
2125,85.0,Player_Near,0.03327,42.11,0,left,23.95,
2125,85.0,Player_Far,0.05237,115.367,0,left,37.71,
2126,85.04,Player_Near,0.0,0.0,0,left,0.0,
2126,85.04,Player_Far,0.0,0.0,0,left,0.0,
2127,85.08,Player_Near,0.0,0.0,0,left,0.0,
2127,85.08,Player_Far,0.0,0.0,0,left,0.0,
2128,85.12,Player_Near,2.61677,705.296,0,right,1884.07,
2128,85.12,Player_Far,0.0,0.0,0,left,0.0,
2129,85.16,Player_Near,1.98301,475.987,0,right,1427.77,
2129,85.16,Player_Far,0.0,0.0,0,left,0.0,
2130,85.2,Player_Near,1.52694,296.406,1,right,1099.4,2128
2131,85.24,Player_Near,1.44375,161.62,0,right,1039.5,
2131,85.24,Player_Far,0.0,0.0,0,none,0.0,
2132,85.28,Player_Near,0.13504,60.043,0,right,97.23,
2133,85.32,Player_Near,0.24863,84.666,0,right,179.01,
2133,85.32,Player_Far,0.0,0.0,0,none,0.0,
2134,85.36,Player_Near,0.33107,30.576,0,right,238.37,
2134,85.36,Player_Far,0.0,0.0,0,none,0.0,
2135,85.4,Player_Near,0.21053,20.346,0,right,151.58,
2135,85.4,Player_Far,0.0,0.0,0,none,0.0,
2136,85.44,Player_Near,0.83698,111.988,0,right,602.63,
2136,85.44,Player_Far,0.0,0.0,0,none,0.0,
2137,85.48,Player_Near,0.60534,150.12,0,right,435.84,
2137,85.48,Player_Far,0.0,0.0,0,none,0.0,
2138,85.52,Player_Near,0.90298,243.512,0,right,650.15,
2138,85.52,Player_Far,0.0,0.0,0,none,0.0,
2139,85.56,Player_Near,0.68127,161.181,0,right,490.52,
2139,85.56,Player_Far,0.0,0.0,0,none,0.0,
2140,85.6,Player_Near,0.67806,131.745,0,right,488.2,
2140,85.6,Player_Far,0.0,0.0,0,none,0.0,
2141,85.64,Player_Near,0.44071,128.189,0,right,317.31,
2141,85.64,Player_Far,0.0,0.0,0,none,0.0,
2142,85.68,Player_Near,0.71056,212.092,0,right,511.6,
2142,85.68,Player_Far,0.0,0.0,0,none,0.0,
2143,85.72,Player_Near,0.43981,146.024,0,right,316.66,
2143,85.72,Player_Far,0.0,0.0,0,none,0.0,
2144,85.76,Player_Near,0.43652,149.842,0,right,314.29,
2144,85.76,Player_Far,0.0,0.0,0,none,0.0,
2145,85.8,Player_Near,0.87085,100.079,0,right,627.01,
2145,85.8,Player_Far,0.0,0.0,0,none,0.0,
2146,85.84,Player_Near,0.44917,121.144,0,right,323.4,
2146,85.84,Player_Far,0.0,0.0,0,none,0.0,
2147,85.88,Player_Near,0.24244,61.622,0,right,174.55,
2147,85.88,Player_Far,0.0,0.0,0,none,0.0,
2148,85.92,Player_Near,0.84618,313.075,0,right,609.25,
2148,85.92,Player_Far,0.0,0.0,0,none,0.0,
2149,85.96,Player_Near,0.12363,6.803,0,right,89.01,
2149,85.96,Player_Far,3.98132,52.932,0,right,2866.55,
2150,86.0,Player_Near,0.80746,304.222,0,right,581.37,
2150,86.0,Player_Far,2.00239,224.048,0,right,1441.72,
2151,86.04,Player_Near,3.4127,595.875,0,right,2457.14,
2151,86.04,Player_Far,0.81096,351.401,1,right,583.89,2149
2152,86.08,Player_Near,2.12781,210.21,0,right,1532.02,
2152,86.08,Player_Far,1.89854,3456.786,0,right,1366.95,
2153,86.12,Player_Near,0.59611,56.926,1,right,429.2,2151
2153,86.12,Player_Far,0.37181,38.636,0,right,267.71,
2154,86.16,Player_Near,0.64417,77.249,0,right,463.8,
2154,86.16,Player_Far,0.43152,143.472,1,right,310.7,2152
2155,86.2,Player_Near,1.53859,234.416,0,right,1107.79,
2155,86.2,Player_Far,0.08966,68.578,0,right,64.56,
2156,86.24,Player_Near,0.98341,116.284,0,right,708.05,
2156,86.24,Player_Far,33.64365,320.27,0,right,24223.43,
2157,86.28,Player_Near,1.23739,64.491,0,right,890.92,
2157,86.28,Player_Far,0.0,0.0,0,right,0.0,
2158,86.32,Player_Near,0.52255,84.3,0,right,376.24,
2158,86.32,Player_Far,0.0,0.0,1,right,0.0,2156
2159,86.36,Player_Near,0.33534,21.739,1,right,241.45,2157
2159,86.36,Player_Far,0.0,0.0,0,right,0.0,
2160,86.4,Player_Near,0.29134,26.814,0,right,209.76,
2160,86.4,Player_Far,0.0,0.0,0,right,0.0,
2161,86.44,Player_Near,0.13938,22.162,0,right,100.36,
2162,86.48,Player_Near,0.44075,28.569,0,right,317.34,
2162,86.48,Player_Far,0.0,0.0,0,left,0.0,
2163,86.52,Player_Near,0.24836,44.759,0,left,178.82,
2163,86.52,Player_Far,0.0,0.0,0,none,0.0,
2164,86.56,Player_Near,0.57492,30.477,0,right,413.94,
2164,86.56,Player_Far,0.0,0.0,0,none,0.0,
2165,86.6,Player_Near,0.22166,24.599,0,right,159.6,
2165,86.6,Player_Far,0.0,0.0,0,none,0.0,
2166,86.64,Player_Near,0.27255,21.599,0,right,196.24,
2166,86.64,Player_Far,0.0,0.0,0,none,0.0,
2167,86.68,Player_Near,0.36773,44.093,0,right,264.76,
2167,86.68,Player_Far,0.0,0.0,0,none,0.0,
2168,86.72,Player_Near,0.68044,0.024,0,right,489.92,
2168,86.72,Player_Far,1.81751,50.307,0,left,1308.61,
2169,86.76,Player_Near,1.2876,86.913,0,right,927.07,
2169,86.76,Player_Far,1.66728,30.992,0,left,1200.44,
2170,86.8,Player_Near,1.2476,83.988,0,right,898.27,
2170,86.8,Player_Far,1.7061,56.186,0,left,1228.39,
2171,86.84,Player_Near,1.81957,21.893,0,right,1310.09,
2171,86.84,Player_Far,1.59674,2.467,0,left,1149.65,
2172,86.88,Player_Near,1.73404,88.545,0,right,1248.51,
2172,86.88,Player_Far,2.03619,108.575,0,right,1466.06,
2173,86.92,Player_Near,0.56546,20.244,1,right,407.13,2171
2173,86.92,Player_Far,1.6103,144.987,0,right,1159.42,
2174,86.96,Player_Near,1.36487,102.263,0,right,982.71,
2174,86.96,Player_Far,1.99666,287.594,0,right,1437.59,
2175,87.0,Player_Near,0.61468,70.93,0,right,442.57,
2176,87.04,Player_Near,31.77132,1005.292,0,right,22875.35,
2176,87.04,Player_Far,19.44897,683.492,0,right,14003.26,
2177,87.08,Player_Near,5.64283,1261.866,0,right,4062.83,
2177,87.08,Player_Far,4.60486,371.942,0,right,3315.5,
2178,87.12,Player_Near,2.44445,1456.366,1,right,1760.0,2176
2178,87.12,Player_Far,2.36476,77.304,1,right,1702.63,2176
2179,87.16,Player_Near,1.8601,1022.142,0,right,1339.27,
2179,87.16,Player_Far,1.8775,41.675,0,right,1351.8,
2180,87.2,Player_Near,1.42923,209.735,0,right,1029.04,
2180,87.2,Player_Far,1.37305,206.969,0,right,988.59,
2181,87.24,Player_Near,1.7062,1631.321,0,right,1228.46,
2181,87.24,Player_Far,1.63182,92.261,0,right,1174.91,
2182,87.28,Player_Near,1.55414,76.473,0,right,1118.98,
2182,87.28,Player_Far,0.99476,76.646,0,right,716.23,
2183,87.32,Player_Near,2.17559,725.647,0,left,1566.42,
2183,87.32,Player_Far,0.6253,0.617,1,right,450.22,2181
2184,87.36,Player_Near,1.47459,1555.005,0,left,1061.71,
2184,87.36,Player_Far,1.0641,117.71,0,right,766.15,
2185,87.4,Player_Near,2.18921,1239.615,0,left,1576.23,
2185,87.4,Player_Far,0.2135,15.964,0,right,153.72,
2186,87.44,Player_Near,2.76902,553.766,0,left,1993.69,
2186,87.44,Player_Far,0.03662,28.927,0,right,26.37,
2187,87.48,Player_Near,1.67234,564.019,0,left,1204.09,
2187,87.48,Player_Far,0.47171,27.86,0,right,339.63,
2188,87.52,Player_Near,1.29849,1378.5,1,left,934.91,2186
2188,87.52,Player_Far,0.40671,23.678,0,right,292.83,
2189,87.56,Player_Near,1.50673,406.881,0,left,1084.85,
2189,87.56,Player_Far,0.2512,71.523,0,right,180.86,
2190,87.6,Player_Near,1.11222,1440.292,0,left,800.8,
2190,87.6,Player_Far,0.3756,39.516,0,right,270.43,
2191,87.64,Player_Near,1.21115,202.479,0,left,872.03,
2191,87.64,Player_Far,0.50982,32.389,0,left,367.07,
2192,87.68,Player_Near,2.65588,190.102,0,left,1912.23,
2192,87.68,Player_Far,0.65264,54.439,0,left,469.9,
2193,87.72,Player_Near,0.0,0.0,0,left,0.0,
2193,87.72,Player_Far,0.0797,48.408,0,left,57.38,
2194,87.76,Player_Near,0.0,0.0,1,left,0.0,2192
2194,87.76,Player_Far,0.18057,21.063,0,left,130.01,
2195,87.8,Player_Near,0.0,0.0,0,left,0.0,
2195,87.8,Player_Far,15.36285,768.092,0,left,11061.25,
2196,87.84,Player_Near,3.67486,122.897,0,right,2645.9,
2196,87.84,Player_Far,3.45453,7.284,0,left,2487.26,
2197,87.88,Player_Near,1.37083,57.277,0,right,987.0,
2197,87.88,Player_Far,2.99896,953.908,1,left,2159.25,2195
2198,87.92,Player_Near,4.77712,509.907,0,right,3439.53,
2199,87.96,Player_Near,1.2402,44.4,0,right,892.95,
2200,88.0,Player_Near,0.46637,43.938,1,right,335.79,2198
2200,88.0,Player_Far,20.26351,3419.052,0,right,14589.73,
2201,88.04,Player_Near,1.18622,77.684,0,right,854.08,
2201,88.04,Player_Far,1.26848,375.605,0,right,913.3,
2202,88.08,Player_Near,5.58278,983.671,0,right,4019.6,
2202,88.08,Player_Far,1.24787,149.478,1,right,898.47,2200
2203,88.12,Player_Near,1.84089,208.497,0,right,1325.44,
2203,88.12,Player_Far,1.19979,235.7,0,right,863.85,
2204,88.16,Player_Near,2.81511,989.489,1,right,2026.88,2202
2204,88.16,Player_Far,0.0,0.0,0,right,0.0,
2205,88.2,Player_Near,1.55191,101.876,0,right,1117.37,
2205,88.2,Player_Far,0.0,0.0,1,left,0.0,2203
2206,88.24,Player_Near,2.97107,1161.981,0,right,2139.17,
2206,88.24,Player_Far,0.0,0.0,0,left,0.0,
2207,88.28,Player_Near,0.77489,170.034,0,right,557.92,
2207,88.28,Player_Far,0.0,0.0,0,left,0.0,
2208,88.32,Player_Near,2.19452,1053.782,1,right,1580.06,2206
2208,88.32,Player_Far,0.0,0.0,0,none,0.0,
2209,88.36,Player_Near,5.14779,2041.059,0,right,3706.41,
2209,88.36,Player_Far,0.0,0.0,0,none,0.0,
2210,88.4,Player_Near,6.82626,2232.901,0,right,4914.91,
2210,88.4,Player_Far,0.0,0.0,0,none,0.0,
2211,88.44,Player_Near,4.86391,1611.479,0,right,3502.01,
2211,88.44,Player_Far,0.0,0.0,0,none,0.0,
2212,88.48,Player_Near,5.79348,1469.112,0,right,4171.3,
2212,88.48,Player_Far,0.0,0.0,0,none,0.0,
2213,88.52,Player_Near,0.78033,147.371,0,right,561.83,
2213,88.52,Player_Far,0.0,0.0,0,none,0.0,
2214,88.56,Player_Near,1.85369,124.218,1,right,1334.66,2212
2214,88.56,Player_Far,0.0,0.0,0,none,0.0,
2215,88.6,Player_Near,0.21979,47.793,0,right,158.25,
2215,88.6,Player_Far,0.0,0.0,0,none,0.0,
2216,88.64,Player_Near,0.21362,14.333,1,right,153.8,2214
2216,88.64,Player_Far,0.0,0.0,0,none,0.0,
2217,88.68,Player_Near,2.59642,12.3,0,left,1869.42,
2217,88.68,Player_Far,0.0,0.0,0,none,0.0,
2218,88.72,Player_Near,5.52424,703.488,0,right,3977.45,
2218,88.72,Player_Far,0.0,0.0,0,none,0.0,
2219,88.76,Player_Near,5.50766,1294.63,0,right,3965.52,
2219,88.76,Player_Far,0.0,0.0,0,none,0.0,
2220,88.8,Player_Near,0.56004,70.66,1,right,403.23,2218
2220,88.8,Player_Far,0.0,0.0,0,none,0.0,
2221,88.84,Player_Near,2.59658,683.083,0,right,1869.54,
2221,88.84,Player_Far,0.0,0.0,0,none,0.0,
2222,88.88,Player_Near,2.46627,549.692,0,right,1775.72,
2222,88.88,Player_Far,2.28029,4113.185,0,left,1641.81,
2223,88.92,Player_Near,0.69812,152.91,1,right,502.65,2221
2223,88.92,Player_Far,0.0,0.0,0,left,0.0,
2224,88.96,Player_Near,2.38408,750.516,0,right,1716.54,
2224,88.96,Player_Far,0.0,0.0,1,left,0.0,2222
2225,89.0,Player_Near,4.49255,1573.067,0,right,3234.64,
2225,89.0,Player_Far,0.0,0.0,0,left,0.0,
2226,89.04,Player_Near,0.0,0.0,0,right,0.0,
2226,89.04,Player_Far,0.20829,17.284,0,left,149.97,
2227,89.08,Player_Near,0.0,0.0,1,right,0.0,2225
2227,89.08,Player_Far,0.12062,0.563,0,right,86.84,
2228,89.12,Player_Near,0.17673,5.7,0,right,127.24,
2228,89.12,Player_Far,0.41681,171.27,0,right,300.1,
2229,89.16,Player_Near,0.18377,12.87,0,right,132.31,
2229,89.16,Player_Far,0.18007,10.337,0,right,129.65,
2230,89.2,Player_Near,0.06521,1.294,0,left,46.95,
2230,89.2,Player_Far,0.02735,43.895,0,right,19.69,
2231,89.24,Player_Near,0.16921,5.057,0,left,121.83,
2231,89.24,Player_Far,0.12661,86.095,0,right,91.16,
2232,89.28,Player_Near,0.04721,1.805,0,left,33.99,
2232,89.28,Player_Far,0.3731,26.771,0,right,268.63,
2233,89.32,Player_Near,0.08116,0.96,0,left,58.43,
2233,89.32,Player_Far,0.28554,18.332,0,left,205.59,
2234,89.36,Player_Near,0.03447,2.606,0,left,24.82,
2234,89.36,Player_Far,0.21353,2.976,0,left,153.74,
2235,89.4,Player_Near,0.26577,83.938,0,right,191.36,
2235,89.4,Player_Far,0.22779,8.341,0,left,164.01,
2236,89.44,Player_Near,0.21531,68.622,0,right,155.02,
2236,89.44,Player_Far,0.23683,1.926,0,left,170.52,
2237,89.48,Player_Near,0.15443,53.884,0,right,111.19,
2237,89.48,Player_Far,0.0,0.0,0,right,0.0,
2238,89.52,Player_Near,0.11722,55.713,0,right,84.4,
2238,89.52,Player_Far,0.1409,5.405,0,left,101.45,
2239,89.56,Player_Near,0.17154,56.243,0,right,123.51,
2239,89.56,Player_Far,0.17083,22.787,0,left,123.0,
2240,89.6,Player_Near,0.10235,52.048,0,right,73.69,
2240,89.6,Player_Far,0.09757,9.302,0,left,70.25,
2241,89.64,Player_Near,0.04529,54.677,0,right,32.61,
2241,89.64,Player_Far,0.19083,16.253,0,left,137.4,
2242,89.68,Player_Near,0.00615,48.981,0,right,4.43,
2242,89.68,Player_Far,0.15394,6.531,0,left,110.84,
2243,89.72,Player_Near,0.1084,39.38,0,right,78.05,
2243,89.72,Player_Far,0.10741,22.778,0,left,77.33,
2244,89.76,Player_Near,0.11929,29.552,0,left,85.89,
2244,89.76,Player_Far,0.44247,93.575,0,left,318.58,
2245,89.8,Player_Near,0.09703,26.624,0,left,69.86,
2245,89.8,Player_Far,0.09477,14.559,0,left,68.23,
2246,89.84,Player_Near,0.13496,7.099,0,left,97.17,
2246,89.84,Player_Far,0.5231,3.473,0,left,376.64,
2247,89.88,Player_Near,0.24314,12.555,0,left,175.06,
2247,89.88,Player_Far,0.55249,5.848,0,left,397.8,
2248,89.92,Player_Near,0.1421,15.026,0,left,102.31,
2248,89.92,Player_Far,0.19845,1.24,0,left,142.89,
2249,89.96,Player_Near,0.00279,11.756,0,left,2.01,
2249,89.96,Player_Far,0.30771,44.26,0,left,221.55,
2250,90.0,Player_Near,0.20829,10.453,0,left,149.97,
2250,90.0,Player_Far,0.07222,11.29,0,left,52.0,
2251,90.04,Player_Near,0.10281,2.248,0,left,74.03,
2251,90.04,Player_Far,0.52271,31.802,0,left,376.35,
2252,90.08,Player_Near,0.00441,3.579,0,left,3.18,
2252,90.08,Player_Far,0.07502,3.052,0,left,54.01,
2253,90.12,Player_Near,0.03605,5.549,0,left,25.95,
2253,90.12,Player_Far,0.05844,7.799,0,left,42.08,
2254,90.16,Player_Near,0.06324,9.992,0,left,45.54,
2254,90.16,Player_Far,0.03931,10.987,0,left,28.3,
2255,90.2,Player_Near,0.08909,8.589,0,left,64.14,
2255,90.2,Player_Far,0.08813,41.25,0,left,63.46,
2256,90.24,Player_Near,0.10098,15.453,0,left,72.71,
2256,90.24,Player_Far,0.15833,0.488,0,left,114.0,
2257,90.28,Player_Near,0.13288,15.18,0,right,95.68,
2257,90.28,Player_Far,0.14165,57.847,0,left,101.99,
2258,90.32,Player_Near,0.23597,40.678,0,right,169.9,
2258,90.32,Player_Far,0.06353,13.677,0,left,45.74,
2259,90.36,Player_Near,0.14463,31.99,0,right,104.14,
2259,90.36,Player_Far,0.11069,21.71,0,left,79.69,
2260,90.4,Player_Near,0.34511,4.955,0,right,248.48,
2260,90.4,Player_Far,0.06777,5.613,0,left,48.8,
2261,90.44,Player_Near,1.06201,847.55,0,right,764.65,
2261,90.44,Player_Far,0.06199,2.159,0,left,44.64,
2262,90.48,Player_Near,0.56009,1026.347,0,right,403.27,
2262,90.48,Player_Far,0.08969,2.544,0,left,64.58,
2263,90.52,Player_Near,0.22578,246.319,0,right,162.56,
2263,90.52,Player_Far,0.1756,29.867,0,left,126.43,
2264,90.56,Player_Near,0.23888,238.421,0,right,172.0,
2264,90.56,Player_Far,0.19849,7.425,0,left,142.92,
2265,90.6,Player_Near,0.24651,39.068,0,right,177.49,
2265,90.6,Player_Far,0.14982,12.05,0,left,107.87,
2266,90.64,Player_Near,0.47294,42.062,0,right,340.52,
2266,90.64,Player_Far,0.27047,76.537,0,left,194.74,
2267,90.68,Player_Near,0.14068,27.732,0,right,101.29,
2267,90.68,Player_Far,0.3815,316.401,0,left,274.68,
2268,90.72,Player_Near,0.09795,134.393,0,right,70.52,
2268,90.72,Player_Far,0.20471,251.969,0,left,147.39,
2269,90.76,Player_Near,0.12223,66.245,0,right,88.0,
2269,90.76,Player_Far,0.07763,30.627,0,left,55.89,
2270,90.8,Player_Near,0.28996,93.692,0,right,208.77,
2270,90.8,Player_Far,0.03963,38.592,0,left,28.54,
2271,90.84,Player_Near,0.11552,55.479,0,left,83.17,
2271,90.84,Player_Far,0.07682,33.93,0,left,55.31,
2272,90.88,Player_Near,0.05648,30.988,0,left,40.66,
2272,90.88,Player_Far,0.07332,17.436,0,left,52.79,
2273,90.92,Player_Near,0.49153,172.616,0,right,353.9,
2273,90.92,Player_Far,0.044,3.588,0,left,31.68,
2274,90.96,Player_Near,0.24993,94.809,0,right,179.95,
2274,90.96,Player_Far,0.07498,66.916,0,left,53.98,
2275,91.0,Player_Near,0.41002,138.722,0,right,295.21,
2275,91.0,Player_Far,0.08489,51.411,0,left,61.12,
2276,91.04,Player_Near,0.05809,120.324,0,right,41.83,
2276,91.04,Player_Far,0.10868,46.447,0,left,78.25,
2277,91.08,Player_Near,0.08525,95.595,0,right,61.38,
2277,91.08,Player_Far,0.09545,53.104,0,left,68.73,
2278,91.12,Player_Near,0.52783,94.235,0,right,380.04,
2278,91.12,Player_Far,0.01429,15.244,0,left,10.29,
2279,91.16,Player_Near,0.50359,106.824,0,right,362.58,
2279,91.16,Player_Far,0.15963,28.552,0,left,114.94,
2280,91.2,Player_Near,0.29716,68.811,0,right,213.95,
2280,91.2,Player_Far,0.07241,29.468,0,left,52.14,
2281,91.24,Player_Near,0.22997,87.033,0,right,165.58,
2281,91.24,Player_Far,0.10566,34.713,0,left,76.08,
2282,91.28,Player_Near,0.16316,69.429,0,right,117.48,
2282,91.28,Player_Far,0.56212,22.172,0,left,404.73,
2283,91.32,Player_Near,0.09628,47.651,0,right,69.32,
2283,91.32,Player_Far,0.06493,101.114,0,left,46.75,
2284,91.36,Player_Near,0.06725,45.468,0,right,48.42,
2284,91.36,Player_Far,0.02474,91.7,0,left,17.81,
2285,91.4,Player_Near,0.20926,62.427,0,right,150.67,
2285,91.4,Player_Far,0.04135,32.081,0,left,29.77,
2286,91.44,Player_Near,0.06564,14.66,0,right,47.26,
2286,91.44,Player_Far,0.18636,22.839,0,left,134.18,
2287,91.48,Player_Near,0.27017,44.627,0,right,194.52,
2287,91.48,Player_Far,0.14277,45.248,0,left,102.8,
2288,91.52,Player_Near,0.18553,83.352,0,right,133.58,
2288,91.52,Player_Far,0.12962,72.783,0,left,93.33,
2289,91.56,Player_Near,0.11768,61.794,0,right,84.73,
2289,91.56,Player_Far,0.08282,55.74,0,left,59.63,
2290,91.6,Player_Near,0.00963,66.752,0,right,6.93,
2290,91.6,Player_Far,0.22957,92.277,0,left,165.29,
2291,91.64,Player_Near,0.09942,54.155,0,right,71.58,
2291,91.64,Player_Far,0.19123,123.181,0,left,137.69,
2292,91.68,Player_Near,0.07479,59.651,0,right,53.85,
2292,91.68,Player_Far,0.15245,3.071,0,left,109.76,
2351,94.04,Player_Near,9.89568,4269.136,0,left,7124.89,
2352,94.08,Player_Near,0.78382,4447.355,0,left,564.35,
2352,94.08,Player_Far,21.73484,173.895,0,left,15649.08,
2353,94.12,Player_Near,0.23174,1034.048,1,left,166.85,2351
2353,94.12,Player_Far,7.06376,39.712,0,left,5085.91,
2354,94.16,Player_Near,0.33198,1424.779,0,left,239.03,
2354,94.16,Player_Far,24.41184,1652.322,0,left,17576.52,
2355,94.2,Player_Near,0.3665,763.651,0,left,263.88,
2355,94.2,Player_Far,0.32418,70.767,0,left,233.41,
2356,94.24,Player_Near,0.12132,1474.034,1,right,87.35,2354
2356,94.24,Player_Far,0.09093,424.558,1,left,65.47,2354
2357,94.28,Player_Near,0.15789,385.073,0,right,113.68,
2357,94.28,Player_Far,0.09171,63.007,0,left,66.03,
2358,94.32,Player_Near,0.29789,207.521,0,right,214.48,
2358,94.32,Player_Far,0.1021,169.922,0,left,73.51,
2359,94.36,Player_Near,0.05257,81.885,0,left,37.85,
2359,94.36,Player_Far,0.23451,3.416,0,left,168.85,
2360,94.4,Player_Near,0.10569,140.357,0,right,76.1,
2360,94.4,Player_Far,0.15267,71.588,0,left,109.92,
2361,94.44,Player_Near,0.12881,1067.853,0,right,92.75,
2361,94.44,Player_Far,0.0,0.0,0,left,0.0,
2362,94.48,Player_Near,0.18265,3696.177,0,right,131.51,
2362,94.48,Player_Far,0.0,0.0,0,left,0.0,
2363,94.52,Player_Near,0.11181,381.174,0,left,80.5,
2363,94.52,Player_Far,0.10277,242.51,0,left,74.0,
2364,94.56,Player_Near,0.0,0.0,0,left,0.0,
2364,94.56,Player_Far,0.07872,147.102,0,left,56.68,
2365,94.6,Player_Near,0.0,0.0,0,right,0.0,
2365,94.6,Player_Far,0.20197,573.808,0,left,145.42,
2366,94.64,Player_Near,0.0,0.0,0,right,0.0,
2366,94.64,Player_Far,0.12603,407.3,0,left,90.74,
2367,94.68,Player_Near,0.0,0.0,0,left,0.0,
2367,94.68,Player_Far,0.07618,210.792,0,left,54.85,
2368,94.72,Player_Near,0.0,0.0,0,none,0.0,
2368,94.72,Player_Far,0.04044,111.786,0,left,29.12,
2369,94.76,Player_Near,0.0,0.0,0,none,0.0,
2369,94.76,Player_Far,0.02549,48.894,0,left,18.36,
