file_name,timestamp_sec,label
Maja Chwalinska vs Mirra Andreeva | Women's Final Highlights by Emirates | Roland-Garros 2026_720p.mp4,0.081,grunt_speech
Maja Chwalinska vs Mirra Andreeva | Women's Final Highlights by Emirates | Roland-Garros 2026_720p.mp4,0.662,grunt_speech
Maja Chwalinska vs Mirra Andreeva | Women's Final Highlights by Emirates | Roland-Garros 2026_720p.mp4,8.464,grunt_speech
Maja Chwalinska vs Mirra Andreeva | Women's Final Highlights by Emirates | Roland-Garros 2026_720p.mp4,8.649,grunt_speech
Maja Chwalinska vs Mirra Andreeva | Women's Final Highlights by Emirates | Roland-Garros 2026_720p.mp4,14.559,ambient_noise
Maja Chwalinska vs Mirra Andreeva | Women's Final Highlights by Emirates | Roland-Garros 2026_720p.mp4,15.999,racket_hit
Maja Chwalinska vs Mirra Andreeva | Women's Final Highlights by Emirates | Roland-Garros 2026_720p.mp4,16.614,ambient_noise
Maja Chwalinska vs Mirra Andreeva | Women's Final Highlights by Emirates | Roland-Garros 2026_720p.mp4,17.218,racket_hit
Maja Chwalinska vs Mirra Andreeva | Women's Final Highlights by Emirates | Roland-Garros 2026_720p.mp4,18.007,ambient_noise
Maja Chwalinska vs Mirra Andreeva | Women's Final Highlights by Emirates | Roland-Garros 2026_720p.mp4,18.588,racket_hit
Maja Chwalinska vs Mirra Andreeva | Women's Final Highlights by Emirates | Roland-Garros 2026_720p.mp4,19.006,ambient_noise
Maja Chwalinska vs Mirra Andreeva | Women's Final Highlights by Emirates | Roland-Garros 2026_720p.mp4,19.203,ambient_noise
Maja Chwalinska vs Mirra Andreeva | Women's Final Highlights by Emirates | Roland-Garros 2026_720p.mp4,19.574,ambient_noise
Maja Chwalinska vs Mirra Andreeva | Women's Final Highlights by Emirates | Roland-Garros 2026_720p.mp4,19.841,ambient_noise
Maja Chwalinska vs Mirra Andreeva | Women's Final Highlights by Emirates | Roland-Garros 2026_720p.mp4,20.027,ambient_noise
Maja Chwalinska vs Mirra Andreeva | Women's Final Highlights by Emirates | Roland-Garros 2026_720p.mp4,20.364,racket_hit
Maja Chwalinska vs Mirra Andreeva | Women's Final Highlights by Emirates | Roland-Garros 2026_720p.mp4,20.852,ambient_noise
Maja Chwalinska vs Mirra Andreeva | Women's Final Highlights by Emirates | Roland-Garros 2026_720p.mp4,21.037,ambient_noise
Maja Chwalinska vs Mirra Andreeva | Women's Final Highlights by Emirates | Roland-Garros 2026_720p.mp4,21.838,racket_hit
Maja Chwalinska vs Mirra Andreeva | Women's Final Highlights by Emirates | Roland-Garros 2026_720p.mp4,22.245,ambient_noise
Maja Chwalinska vs Mirra Andreeva | Women's Final Highlights by Emirates | Roland-Garros 2026_720p.mp4,22.686,ball_bounce
Maja Chwalinska vs Mirra Andreeva | Women's Final Highlights by Emirates | Roland-Garros 2026_720p.mp4,23.208,racket_hit
Maja Chwalinska vs Mirra Andreeva | Women's Final Highlights by Emirates | Roland-Garros 2026_720p.mp4,24.462,ambient_noise
Maja Chwalinska vs Mirra Andreeva | Women's Final Highlights by Emirates | Roland-Garros 2026_720p.mp4,25.728,ambient_noise
Maja Chwalinska vs Mirra Andreeva | Women's Final Highlights by Emirates | Roland-Garros 2026_720p.mp4,26.099,ambient_noise
Maja Chwalinska vs Mirra Andreeva | Women's Final Highlights by Emirates | Roland-Garros 2026_720p.mp4,26.703,ambient_noise
Maja Chwalinska vs Mirra Andreeva | Women's Final Highlights by Emirates | Roland-Garros 2026_720p.mp4,27.353,ambient_noise
Maja Chwalinska vs Mirra Andreeva | Women's Final Highlights by Emirates | Roland-Garros 2026_720p.mp4,27.539,racket_hit
Maja Chwalinska vs Mirra Andreeva | Women's Final Highlights by Emirates | Roland-Garros 2026_720p.mp4,28.085,ambient_noise
Maja Chwalinska vs Mirra Andreeva | Women's Final Highlights by Emirates | Roland-Garros 2026_720p.mp4,28.456,racket_hit
Maja Chwalinska vs Mirra Andreeva | Women's Final Highlights by Emirates | Roland-Garros 2026_720p.mp4,29.408,ambient_noise
Maja Chwalinska vs Mirra Andreeva | Women's Final Highlights by Emirates | Roland-Garros 2026_720p.mp4,29.756,ambient_noise
Maja Chwalinska vs Mirra Andreeva | Women's Final Highlights by Emirates | Roland-Garros 2026_720p.mp4,30.314,racket_hit
Maja Chwalinska vs Mirra Andreeva | Women's Final Highlights by Emirates | Roland-Garros 2026_720p.mp4,31.254,ambient_noise
Maja Chwalinska vs Mirra Andreeva | Women's Final Highlights by Emirates | Roland-Garros 2026_720p.mp4,38.406,racket_hit
Maja Chwalinska vs Mirra Andreeva | Women's Final Highlights by Emirates | Roland-Garros 2026_720p.mp4,39.021,shoe_squeak
Maja Chwalinska vs Mirra Andreeva | Women's Final Highlights by Emirates | Roland-Garros 2026_720p.mp4,39.520,racket_hit
Maja Chwalinska vs Mirra Andreeva | Women's Final Highlights by Emirates | Roland-Garros 2026_720p.mp4,40.565,ambient_noise
Maja Chwalinska vs Mirra Andreeva | Women's Final Highlights by Emirates | Roland-Garros 2026_720p.mp4,40.832,racket_hit
Maja Chwalinska vs Mirra Andreeva | Women's Final Highlights by Emirates | Roland-Garros 2026_720p.mp4,41.842,ambient_noise
Maja Chwalinska vs Mirra Andreeva | Women's Final Highlights by Emirates | Roland-Garros 2026_720p.mp4,42.191,racket_hit
Maja Chwalinska vs Mirra Andreeva | Women's Final Highlights by Emirates | Roland-Garros 2026_720p.mp4,42.585,shoe_squeak
Maja Chwalinska vs Mirra Andreeva | Women's Final Highlights by Emirates | Roland-Garros 2026_720p.mp4,43.282,ambient_noise
Maja Chwalinska vs Mirra Andreeva | Women's Final Highlights by Emirates | Roland-Garros 2026_720p.mp4,43.549,racket_hit
Maja Chwalinska vs Mirra Andreeva | Women's Final Highlights by Emirates | Roland-Garros 2026_720p.mp4,43.758,ambient_noise
Maja Chwalinska vs Mirra Andreeva | Women's Final Highlights by Emirates | Roland-Garros 2026_720p.mp4,44.397,ambient_noise
Maja Chwalinska vs Mirra Andreeva | Women's Final Highlights by Emirates | Roland-Garros 2026_720p.mp4,44.884,ambient_noise
Maja Chwalinska vs Mirra Andreeva | Women's Final Highlights by Emirates | Roland-Garros 2026_720p.mp4,45.209,racket_hit
Maja Chwalinska vs Mirra Andreeva | Women's Final Highlights by Emirates | Roland-Garros 2026_720p.mp4,45.581,ambient_noise
Maja Chwalinska vs Mirra Andreeva | Women's Final Highlights by Emirates | Roland-Garros 2026_720p.mp4,45.825,ambient_noise
Maja Chwalinska vs Mirra Andreeva | Women's Final Highlights by Emirates | Roland-Garros 2026_720p.mp4,46.359,ambient_noise
Maja Chwalinska vs Mirra Andreeva | Women's Final Highlights by Emirates | Roland-Garros 2026_720p.mp4,46.904,racket_hit
Maja Chwalinska vs Mirra Andreeva | Women's Final Highlights by Emirates | Roland-Garros 2026_720p.mp4,47.380,ambient_noise
Maja Chwalinska vs Mirra Andreeva | Women's Final Highlights by Emirates | Roland-Garros 2026_720p.mp4,47.543,ambient_noise
Maja Chwalinska vs Mirra Andreeva | Women's Final Highlights by Emirates | Roland-Garros 2026_720p.mp4,47.926,ambient_noise
Maja Chwalinska vs Mirra Andreeva | Women's Final Highlights by Emirates | Roland-Garros 2026_720p.mp4,48.344,racket_hit
Maja Chwalinska vs Mirra Andreeva | Women's Final Highlights by Emirates | Roland-Garros 2026_720p.mp4,49.041,ambient_noise
Maja Chwalinska vs Mirra Andreeva | Women's Final Highlights by Emirates | Roland-Garros 2026_720p.mp4,49.493,ambient_noise
Maja Chwalinska vs Mirra Andreeva | Women's Final Highlights by Emirates | Roland-Garros 2026_720p.mp4,49.900,racket_hit
Maja Chwalinska vs Mirra Andreeva | Women's Final Highlights by Emirates | Roland-Garros 2026_720p.mp4,51.003,shoe_squeak
Maja Chwalinska vs Mirra Andreeva | Women's Final Highlights by Emirates | Roland-Garros 2026_720p.mp4,51.548,racket_hit
Maja Chwalinska vs Mirra Andreeva | Women's Final Highlights by Emirates | Roland-Garros 2026_720p.mp4,52.198,ambient_noise
Maja Chwalinska vs Mirra Andreeva | Women's Final Highlights by Emirates | Roland-Garros 2026_720p.mp4,52.779,racket_hit
Maja Chwalinska vs Mirra Andreeva | Women's Final Highlights by Emirates | Roland-Garros 2026_720p.mp4,53.174,ambient_noise
Maja Chwalinska vs Mirra Andreeva | Women's Final Highlights by Emirates | Roland-Garros 2026_720p.mp4,61.997,racket_hit
Maja Chwalinska vs Mirra Andreeva | Women's Final Highlights by Emirates | Roland-Garros 2026_720p.mp4,62.543,ambient_noise
Maja Chwalinska vs Mirra Andreeva | Women's Final Highlights by Emirates | Roland-Garros 2026_720p.mp4,62.856,ambient_noise
Maja Chwalinska vs Mirra Andreeva | Women's Final Highlights by Emirates | Roland-Garros 2026_720p.mp4,63.205,racket_hit
Maja Chwalinska vs Mirra Andreeva | Women's Final Highlights by Emirates | Roland-Garros 2026_720p.mp4,65.387,racket_hit
Maja Chwalinska vs Mirra Andreeva | Women's Final Highlights by Emirates | Roland-Garros 2026_720p.mp4,66.003,shoe_squeak
Maja Chwalinska vs Mirra Andreeva | Women's Final Highlights by Emirates | Roland-Garros 2026_720p.mp4,66.537,racket_hit
Maja Chwalinska vs Mirra Andreeva | Women's Final Highlights by Emirates | Roland-Garros 2026_720p.mp4,66.827,ambient_noise
Maja Chwalinska vs Mirra Andreeva | Women's Final Highlights by Emirates | Roland-Garros 2026_720p.mp4,67.291,racket_hit
Maja Chwalinska vs Mirra Andreeva | Women's Final Highlights by Emirates | Roland-Garros 2026_720p.mp4,79.621,grunt_speech
Maja Chwalinska vs Mirra Andreeva | Women's Final Highlights by Emirates | Roland-Garros 2026_720p.mp4,83.371,ambient_noise
Maja Chwalinska vs Mirra Andreeva | Women's Final Highlights by Emirates | Roland-Garros 2026_720p.mp4,83.685,racket_hit
Maja Chwalinska vs Mirra Andreeva | Women's Final Highlights by Emirates | Roland-Garros 2026_720p.mp4,84.672,racket_hit
Maja Chwalinska vs Mirra Andreeva | Women's Final Highlights by Emirates | Roland-Garros 2026_720p.mp4,85.682,ambient_noise
Maja Chwalinska vs Mirra Andreeva | Women's Final Highlights by Emirates | Roland-Garros 2026_720p.mp4,85.867,racket_hit
Maja Chwalinska vs Mirra Andreeva | Women's Final Highlights by Emirates | Roland-Garros 2026_720p.mp4,86.285,ambient_noise
Maja Chwalinska vs Mirra Andreeva | Women's Final Highlights by Emirates | Roland-Garros 2026_720p.mp4,86.471,ambient_noise
Maja Chwalinska vs Mirra Andreeva | Women's Final Highlights by Emirates | Roland-Garros 2026_720p.mp4,87.203,ambient_noise
Maja Chwalinska vs Mirra Andreeva | Women's Final Highlights by Emirates | Roland-Garros 2026_720p.mp4,87.528,racket_hit
Maja Chwalinska vs Mirra Andreeva | Women's Final Highlights by Emirates | Roland-Garros 2026_720p.mp4,88.189,ambient_noise
Maja Chwalinska vs Mirra Andreeva | Women's Final Highlights by Emirates | Roland-Garros 2026_720p.mp4,88.456,ambient_noise
Maja Chwalinska vs Mirra Andreeva | Women's Final Highlights by Emirates | Roland-Garros 2026_720p.mp4,88.770,ambient_noise
Maja Chwalinska vs Mirra Andreeva | Women's Final Highlights by Emirates | Roland-Garros 2026_720p.mp4,89.281,racket_hit
Maja Chwalinska vs Mirra Andreeva | Women's Final Highlights by Emirates | Roland-Garros 2026_720p.mp4,89.908,ambient_noise
Maja Chwalinska vs Mirra Andreeva | Women's Final Highlights by Emirates | Roland-Garros 2026_720p.mp4,90.349,ambient_noise
Maja Chwalinska vs Mirra Andreeva | Women's Final Highlights by Emirates | Roland-Garros 2026_720p.mp4,90.883,racket_hit
Maja Chwalinska vs Mirra Andreeva | Women's Final Highlights by Emirates | Roland-Garros 2026_720p.mp4,91.498,ambient_noise
Maja Chwalinska vs Mirra Andreeva | Women's Final Highlights by Emirates | Roland-Garros 2026_720p.mp4,91.696,ambient_noise
Maja Chwalinska vs Mirra Andreeva | Women's Final Highlights by Emirates | Roland-Garros 2026_720p.mp4,92.230,racket_hit
Maja Chwalinska vs Mirra Andreeva | Women's Final Highlights by Emirates | Roland-Garros 2026_720p.mp4,92.462,ambient_noise
Maja Chwalinska vs Mirra Andreeva | Women's Final Highlights by Emirates | Roland-Garros 2026_720p.mp4,92.810,ambient_noise
Maja Chwalinska vs Mirra Andreeva | Women's Final Highlights by Emirates | Roland-Garros 2026_720p.mp4,93.321,ambient_noise
Maja Chwalinska vs Mirra Andreeva | Women's Final Highlights by Emirates | Roland-Garros 2026_720p.mp4,93.553,ambient_noise
Maja Chwalinska vs Mirra Andreeva | Women's Final Highlights by Emirates | Roland-Garros 2026_720p.mp4,94.052,racket_hit
Maja Chwalinska vs Mirra Andreeva | Women's Final Highlights by Emirates | Roland-Garros 2026_720p.mp4,94.296,ambient_noise
Maja Chwalinska vs Mirra Andreeva | Women's Final Highlights by Emirates | Roland-Garros 2026_720p.mp4,94.540,shoe_squeak
Maja Chwalinska vs Mirra Andreeva | Women's Final Highlights by Emirates | Roland-Garros 2026_720p.mp4,94.888,shoe_squeak
Maja Chwalinska vs Mirra Andreeva | Women's Final Highlights by Emirates | Roland-Garros 2026_720p.mp4,95.271,shoe_squeak
Maja Chwalinska vs Mirra Andreeva | Women's Final Highlights by Emirates | Roland-Garros 2026_720p.mp4,95.620,racket_hit
Maja Chwalinska vs Mirra Andreeva | Women's Final Highlights by Emirates | Roland-Garros 2026_720p.mp4,95.840,ambient_noise
Maja Chwalinska vs Mirra Andreeva | Women's Final Highlights by Emirates | Roland-Garros 2026_720p.mp4,96.177,ambient_noise
Maja Chwalinska vs Mirra Andreeva | Women's Final Highlights by Emirates | Roland-Garros 2026_720p.mp4,96.967,ambient_noise
Maja Chwalinska vs Mirra Andreeva | Women's Final Highlights by Emirates | Roland-Garros 2026_720p.mp4,97.280,racket_hit
Maja Chwalinska vs Mirra Andreeva | Women's Final Highlights by Emirates | Roland-Garros 2026_720p.mp4,98.337,ambient_noise
Maja Chwalinska vs Mirra Andreeva | Women's Final Highlights by Emirates | Roland-Garros 2026_720p.mp4,98.708,ambient_noise
Maja Chwalinska vs Mirra Andreeva | Women's Final Highlights by Emirates | Roland-Garros 2026_720p.mp4,99.045,racket_hit
Maja Chwalinska vs Mirra Andreeva | Women's Final Highlights by Emirates | Roland-Garros 2026_720p.mp4,99.776,ambient_noise
Maja Chwalinska vs Mirra Andreeva | Women's Final Highlights by Emirates | Roland-Garros 2026_720p.mp4,100.333,racket_hit
Maja Chwalinska vs Mirra Andreeva | Women's Final Highlights by Emirates | Roland-Garros 2026_720p.mp4,101.343,ambient_noise
Maja Chwalinska vs Mirra Andreeva | Women's Final Highlights by Emirates | Roland-Garros 2026_720p.mp4,101.599,racket_hit
Maja Chwalinska vs Mirra Andreeva | Women's Final Highlights by Emirates | Roland-Garros 2026_720p.mp4,101.808,ambient_noise
Maja Chwalinska vs Mirra Andreeva | Women's Final Highlights by Emirates | Roland-Garros 2026_720p.mp4,102.783,ambient_noise
Maja Chwalinska vs Mirra Andreeva | Women's Final Highlights by Emirates | Roland-Garros 2026_720p.mp4,103.503,racket_hit
Maja Chwalinska vs Mirra Andreeva | Women's Final Highlights by Emirates | Roland-Garros 2026_720p.mp4,104.002,ambient_noise
Maja Chwalinska vs Mirra Andreeva | Women's Final Highlights by Emirates | Roland-Garros 2026_720p.mp4,110.910,racket_hit
Maja Chwalinska vs Mirra Andreeva | Women's Final Highlights by Emirates | Roland-Garros 2026_720p.mp4,111.467,ambient_noise
Maja Chwalinska vs Mirra Andreeva | Women's Final Highlights by Emirates | Roland-Garros 2026_720p.mp4,111.688,ambient_noise
Maja Chwalinska vs Mirra Andreeva | Women's Final Highlights by Emirates | Roland-Garros 2026_720p.mp4,111.955,racket_hit
Maja Chwalinska vs Mirra Andreeva | Women's Final Highlights by Emirates | Roland-Garros 2026_720p.mp4,113.000,racket_hit
Maja Chwalinska vs Mirra Andreeva | Women's Final Highlights by Emirates | Roland-Garros 2026_720p.mp4,114.509,ambient_noise
Maja Chwalinska vs Mirra Andreeva | Women's Final Highlights by Emirates | Roland-Garros 2026_720p.mp4,114.823,racket_hit
Maja Chwalinska vs Mirra Andreeva | Women's Final Highlights by Emirates | Roland-Garros 2026_720p.mp4,115.264,ambient_noise
Maja Chwalinska vs Mirra Andreeva | Women's Final Highlights by Emirates | Roland-Garros 2026_720p.mp4,115.635,ambient_noise
Maja Chwalinska vs Mirra Andreeva | Women's Final Highlights by Emirates | Roland-Garros 2026_720p.mp4,116.100,racket_hit
Maja Chwalinska vs Mirra Andreeva | Women's Final Highlights by Emirates | Roland-Garros 2026_720p.mp4,116.680,ambient_noise
Maja Chwalinska vs Mirra Andreeva | Women's Final Highlights by Emirates | Roland-Garros 2026_720p.mp4,116.936,ambient_noise
Maja Chwalinska vs Mirra Andreeva | Women's Final Highlights by Emirates | Roland-Garros 2026_720p.mp4,117.226,ambient_noise
Maja Chwalinska vs Mirra Andreeva | Women's Final Highlights by Emirates | Roland-Garros 2026_720p.mp4,117.423,ambient_noise
Maja Chwalinska vs Mirra Andreeva | Women's Final Highlights by Emirates | Roland-Garros 2026_720p.mp4,117.957,racket_hit
Maja Chwalinska vs Mirra Andreeva | Women's Final Highlights by Emirates | Roland-Garros 2026_720p.mp4,118.433,ambient_noise
Maja Chwalinska vs Mirra Andreeva | Women's Final Highlights by Emirates | Roland-Garros 2026_720p.mp4,118.654,ambient_noise
Maja Chwalinska vs Mirra Andreeva | Women's Final Highlights by Emirates | Roland-Garros 2026_720p.mp4,118.944,ambient_noise
Maja Chwalinska vs Mirra Andreeva | Women's Final Highlights by Emirates | Roland-Garros 2026_720p.mp4,119.223,ambient_noise
Maja Chwalinska vs Mirra Andreeva | Women's Final Highlights by Emirates | Roland-Garros 2026_720p.mp4,119.501,racket_hit
Maja Chwalinska vs Mirra Andreeva | Women's Final Highlights by Emirates | Roland-Garros 2026_720p.mp4,120.256,ambient_noise
Maja Chwalinska vs Mirra Andreeva | Women's Final Highlights by Emirates | Roland-Garros 2026_720p.mp4,120.430,ambient_noise
Maja Chwalinska vs Mirra Andreeva | Women's Final Highlights by Emirates | Roland-Garros 2026_720p.mp4,120.662,ambient_noise
Maja Chwalinska vs Mirra Andreeva | Women's Final Highlights by Emirates | Roland-Garros 2026_720p.mp4,120.953,racket_hit
Maja Chwalinska vs Mirra Andreeva | Women's Final Highlights by Emirates | Roland-Garros 2026_720p.mp4,121.905,ambient_noise
Maja Chwalinska vs Mirra Andreeva | Women's Final Highlights by Emirates | Roland-Garros 2026_720p.mp4,122.091,ambient_noise
Maja Chwalinska vs Mirra Andreeva | Women's Final Highlights by Emirates | Roland-Garros 2026_720p.mp4,122.253,racket_hit
Maja Chwalinska vs Mirra Andreeva | Women's Final Highlights by Emirates | Roland-Garros 2026_720p.mp4,122.764,ambient_noise
Maja Chwalinska vs Mirra Andreeva | Women's Final Highlights by Emirates | Roland-Garros 2026_720p.mp4,122.950,ambient_noise
Maja Chwalinska vs Mirra Andreeva | Women's Final Highlights by Emirates | Roland-Garros 2026_720p.mp4,123.391,ambient_noise
Maja Chwalinska vs Mirra Andreeva | Women's Final Highlights by Emirates | Roland-Garros 2026_720p.mp4,123.913,racket_hit
Maja Chwalinska vs Mirra Andreeva | Women's Final Highlights by Emirates | Roland-Garros 2026_720p.mp4,124.343,ambient_noise
Maja Chwalinska vs Mirra Andreeva | Women's Final Highlights by Emirates | Roland-Garros 2026_720p.mp4,124.668,ambient_noise
Maja Chwalinska vs Mirra Andreeva | Women's Final Highlights by Emirates | Roland-Garros 2026_720p.mp4,130.252,ambient_noise
Maja Chwalinska vs Mirra Andreeva | Women's Final Highlights by Emirates | Roland-Garros 2026_720p.mp4,130.426,ambient_noise
Maja Chwalinska vs Mirra Andreeva | Women's Final Highlights by Emirates | Roland-Garros 2026_720p.mp4,130.786,racket_hit
Maja Chwalinska vs Mirra Andreeva | Women's Final Highlights by Emirates | Roland-Garros 2026_720p.mp4,131.274,ambient_noise
Maja Chwalinska vs Mirra Andreeva | Women's Final Highlights by Emirates | Roland-Garros 2026_720p.mp4,131.622,racket_hit
Maja Chwalinska vs Mirra Andreeva | Women's Final Highlights by Emirates | Roland-Garros 2026_720p.mp4,131.866,ambient_noise
Maja Chwalinska vs Mirra Andreeva | Women's Final Highlights by Emirates | Roland-Garros 2026_720p.mp4,132.203,ambient_noise
Maja Chwalinska vs Mirra Andreeva | Women's Final Highlights by Emirates | Roland-Garros 2026_720p.mp4,133.468,ambient_noise
Maja Chwalinska vs Mirra Andreeva | Women's Final Highlights by Emirates | Roland-Garros 2026_720p.mp4,133.712,ambient_noise
Maja Chwalinska vs Mirra Andreeva | Women's Final Highlights by Emirates | Roland-Garros 2026_720p.mp4,134.118,racket_hit
Maja Chwalinska vs Mirra Andreeva | Women's Final Highlights by Emirates | Roland-Garros 2026_720p.mp4,135.024,ambient_noise
Maja Chwalinska vs Mirra Andreeva | Women's Final Highlights by Emirates | Roland-Garros 2026_720p.mp4,135.628,racket_hit
Maja Chwalinska vs Mirra Andreeva | Women's Final Highlights by Emirates | Roland-Garros 2026_720p.mp4,136.162,ambient_noise
Maja Chwalinska vs Mirra Andreeva | Women's Final Highlights by Emirates | Roland-Garros 2026_720p.mp4,136.324,ambient_noise
Maja Chwalinska vs Mirra Andreeva | Women's Final Highlights by Emirates | Roland-Garros 2026_720p.mp4,136.754,ambient_noise
Maja Chwalinska vs Mirra Andreeva | Women's Final Highlights by Emirates | Roland-Garros 2026_720p.mp4,137.172,ambient_noise
Maja Chwalinska vs Mirra Andreeva | Women's Final Highlights by Emirates | Roland-Garros 2026_720p.mp4,137.718,racket_hit
Maja Chwalinska vs Mirra Andreeva | Women's Final Highlights by Emirates | Roland-Garros 2026_720p.mp4,138.426,ambient_noise
Maja Chwalinska vs Mirra Andreeva | Women's Final Highlights by Emirates | Roland-Garros 2026_720p.mp4,138.670,ambient_noise
Maja Chwalinska vs Mirra Andreeva | Women's Final Highlights by Emirates | Roland-Garros 2026_720p.mp4,139.459,racket_hit
Maja Chwalinska vs Mirra Andreeva | Women's Final Highlights by Emirates | Roland-Garros 2026_720p.mp4,139.854,ambient_noise
Maja Chwalinska vs Mirra Andreeva | Women's Final Highlights by Emirates | Roland-Garros 2026_720p.mp4,140.156,ambient_noise
Maja Chwalinska vs Mirra Andreeva | Women's Final Highlights by Emirates | Roland-Garros 2026_720p.mp4,140.620,ambient_noise
Maja Chwalinska vs Mirra Andreeva | Women's Final Highlights by Emirates | Roland-Garros 2026_720p.mp4,140.922,ambient_noise
Maja Chwalinska vs Mirra Andreeva | Women's Final Highlights by Emirates | Roland-Garros 2026_720p.mp4,141.468,racket_hit
Maja Chwalinska vs Mirra Andreeva | Women's Final Highlights by Emirates | Roland-Garros 2026_720p.mp4,141.781,ambient_noise
Maja Chwalinska vs Mirra Andreeva | Women's Final Highlights by Emirates | Roland-Garros 2026_720p.mp4,142.036,ambient_noise
Maja Chwalinska vs Mirra Andreeva | Women's Final Highlights by Emirates | Roland-Garros 2026_720p.mp4,142.466,ambient_noise
Maja Chwalinska vs Mirra Andreeva | Women's Final Highlights by Emirates | Roland-Garros 2026_720p.mp4,142.756,ambient_noise
Maja Chwalinska vs Mirra Andreeva | Women's Final Highlights by Emirates | Roland-Garros 2026_720p.mp4,143.372,ambient_noise
Maja Chwalinska vs Mirra Andreeva | Women's Final Highlights by Emirates | Roland-Garros 2026_720p.mp4,143.673,racket_hit
Maja Chwalinska vs Mirra Andreeva | Women's Final Highlights by Emirates | Roland-Garros 2026_720p.mp4,144.567,ambient_noise
Maja Chwalinska vs Mirra Andreeva | Women's Final Highlights by Emirates | Roland-Garros 2026_720p.mp4,144.974,ambient_noise
Maja Chwalinska vs Mirra Andreeva | Women's Final Highlights by Emirates | Roland-Garros 2026_720p.mp4,145.310,racket_hit
Maja Chwalinska vs Mirra Andreeva | Women's Final Highlights by Emirates | Roland-Garros 2026_720p.mp4,145.810,ambient_noise
Maja Chwalinska vs Mirra Andreeva | Women's Final Highlights by Emirates | Roland-Garros 2026_720p.mp4,146.251,ambient_noise
Maja Chwalinska vs Mirra Andreeva | Women's Final Highlights by Emirates | Roland-Garros 2026_720p.mp4,146.471,ambient_noise
Maja Chwalinska vs Mirra Andreeva | Women's Final Highlights by Emirates | Roland-Garros 2026_720p.mp4,146.657,racket_hit
Maja Chwalinska vs Mirra Andreeva | Women's Final Highlights by Emirates | Roland-Garros 2026_720p.mp4,146.843,ambient_noise
Maja Chwalinska vs Mirra Andreeva | Women's Final Highlights by Emirates | Roland-Garros 2026_720p.mp4,147.772,ambient_noise
Maja Chwalinska vs Mirra Andreeva | Women's Final Highlights by Emirates | Roland-Garros 2026_720p.mp4,148.108,racket_hit
Maja Chwalinska vs Mirra Andreeva | Women's Final Highlights by Emirates | Roland-Garros 2026_720p.mp4,149.165,ambient_noise
Maja Chwalinska vs Mirra Andreeva | Women's Final Highlights by Emirates | Roland-Garros 2026_720p.mp4,149.339,racket_hit
Maja Chwalinska vs Mirra Andreeva | Women's Final Highlights by Emirates | Roland-Garros 2026_720p.mp4,150.129,ambient_noise
Maja Chwalinska vs Mirra Andreeva | Women's Final Highlights by Emirates | Roland-Garros 2026_720p.mp4,150.477,ambient_noise
Maja Chwalinska vs Mirra Andreeva | Women's Final Highlights by Emirates | Roland-Garros 2026_720p.mp4,150.779,racket_hit
Maja Chwalinska vs Mirra Andreeva | Women's Final Highlights by Emirates | Roland-Garros 2026_720p.mp4,151.522,ambient_noise
Maja Chwalinska vs Mirra Andreeva | Women's Final Highlights by Emirates | Roland-Garros 2026_720p.mp4,151.824,ambient_noise
Maja Chwalinska vs Mirra Andreeva | Women's Final Highlights by Emirates | Roland-Garros 2026_720p.mp4,152.067,racket_hit
Maja Chwalinska vs Mirra Andreeva | Women's Final Highlights by Emirates | Roland-Garros 2026_720p.mp4,153.356,shoe_squeak
Maja Chwalinska vs Mirra Andreeva | Women's Final Highlights by Emirates | Roland-Garros 2026_720p.mp4,153.588,shoe_squeak
Maja Chwalinska vs Mirra Andreeva | Women's Final Highlights by Emirates | Roland-Garros 2026_720p.mp4,153.879,racket_hit
Maja Chwalinska vs Mirra Andreeva | Women's Final Highlights by Emirates | Roland-Garros 2026_720p.mp4,154.773,ambient_noise
Maja Chwalinska vs Mirra Andreeva | Women's Final Highlights by Emirates | Roland-Garros 2026_720p.mp4,155.040,racket_hit
Maja Chwalinska vs Mirra Andreeva | Women's Final Highlights by Emirates | Roland-Garros 2026_720p.mp4,156.026,ambient_noise
Maja Chwalinska vs Mirra Andreeva | Women's Final Highlights by Emirates | Roland-Garros 2026_720p.mp4,158.325,ambient_noise
Maja Chwalinska vs Mirra Andreeva | Women's Final Highlights by Emirates | Roland-Garros 2026_720p.mp4,158.604,grunt_speech
Maja Chwalinska vs Mirra Andreeva | Women's Final Highlights by Emirates | Roland-Garros 2026_720p.mp4,168.948,grunt_speech
Maja Chwalinska vs Mirra Andreeva | Women's Final Highlights by Emirates | Roland-Garros 2026_720p.mp4,170.551,grunt_speech
Maja Chwalinska vs Mirra Andreeva | Women's Final Highlights by Emirates | Roland-Garros 2026_720p.mp4,170.945,grunt_speech
Maja Chwalinska vs Mirra Andreeva | Women's Final Highlights by Emirates | Roland-Garros 2026_720p.mp4,173.523,ambient_noise
Maja Chwalinska vs Mirra Andreeva | Women's Final Highlights by Emirates | Roland-Garros 2026_720p.mp4,174.370,racket_hit
Maja Chwalinska vs Mirra Andreeva | Women's Final Highlights by Emirates | Roland-Garros 2026_720p.mp4,174.997,ambient_noise
Maja Chwalinska vs Mirra Andreeva | Women's Final Highlights by Emirates | Roland-Garros 2026_720p.mp4,175.357,ambient_noise
Maja Chwalinska vs Mirra Andreeva | Women's Final Highlights by Emirates | Roland-Garros 2026_720p.mp4,175.821,racket_hit
Maja Chwalinska vs Mirra Andreeva | Women's Final Highlights by Emirates | Roland-Garros 2026_720p.mp4,176.704,ambient_noise
Maja Chwalinska vs Mirra Andreeva | Women's Final Highlights by Emirates | Roland-Garros 2026_720p.mp4,176.971,ambient_noise
Maja Chwalinska vs Mirra Andreeva | Women's Final Highlights by Emirates | Roland-Garros 2026_720p.mp4,177.308,racket_hit
Maja Chwalinska vs Mirra Andreeva | Women's Final Highlights by Emirates | Roland-Garros 2026_720p.mp4,177.830,ambient_noise
Maja Chwalinska vs Mirra Andreeva | Women's Final Highlights by Emirates | Roland-Garros 2026_720p.mp4,178.770,racket_hit
Maja Chwalinska vs Mirra Andreeva | Women's Final Highlights by Emirates | Roland-Garros 2026_720p.mp4,179.746,ambient_noise
Maja Chwalinska vs Mirra Andreeva | Women's Final Highlights by Emirates | Roland-Garros 2026_720p.mp4,179.920,ambient_noise
Maja Chwalinska vs Mirra Andreeva | Women's Final Highlights by Emirates | Roland-Garros 2026_720p.mp4,180.152,racket_hit
Maja Chwalinska vs Mirra Andreeva | Women's Final Highlights by Emirates | Roland-Garros 2026_720p.mp4,181.232,ambient_noise
Maja Chwalinska vs Mirra Andreeva | Women's Final Highlights by Emirates | Roland-Garros 2026_720p.mp4,181.743,racket_hit
Maja Chwalinska vs Mirra Andreeva | Women's Final Highlights by Emirates | Roland-Garros 2026_720p.mp4,182.393,ambient_noise
Maja Chwalinska vs Mirra Andreeva | Women's Final Highlights by Emirates | Roland-Garros 2026_720p.mp4,182.904,ambient_noise
Maja Chwalinska vs Mirra Andreeva | Women's Final Highlights by Emirates | Roland-Garros 2026_720p.mp4,183.136,ambient_noise
Maja Chwalinska vs Mirra Andreeva | Women's Final Highlights by Emirates | Roland-Garros 2026_720p.mp4,183.356,ambient_noise
Maja Chwalinska vs Mirra Andreeva | Women's Final Highlights by Emirates | Roland-Garros 2026_720p.mp4,183.716,racket_hit
Maja Chwalinska vs Mirra Andreeva | Women's Final Highlights by Emirates | Roland-Garros 2026_720p.mp4,184.645,ambient_noise
Maja Chwalinska vs Mirra Andreeva | Women's Final Highlights by Emirates | Roland-Garros 2026_720p.mp4,184.924,ambient_noise
Maja Chwalinska vs Mirra Andreeva | Women's Final Highlights by Emirates | Roland-Garros 2026_720p.mp4,185.249,ambient_noise
Maja Chwalinska vs Mirra Andreeva | Women's Final Highlights by Emirates | Roland-Garros 2026_720p.mp4,185.713,ambient_noise
Maja Chwalinska vs Mirra Andreeva | Women's Final Highlights by Emirates | Roland-Garros 2026_720p.mp4,186.073,racket_hit
Maja Chwalinska vs Mirra Andreeva | Women's Final Highlights by Emirates | Roland-Garros 2026_720p.mp4,186.294,ambient_noise
Maja Chwalinska vs Mirra Andreeva | Women's Final Highlights by Emirates | Roland-Garros 2026_720p.mp4,186.839,ambient_noise
Maja Chwalinska vs Mirra Andreeva | Women's Final Highlights by Emirates | Roland-Garros 2026_720p.mp4,187.153,ambient_noise
Maja Chwalinska vs Mirra Andreeva | Women's Final Highlights by Emirates | Roland-Garros 2026_720p.mp4,187.582,ambient_noise
Maja Chwalinska vs Mirra Andreeva | Women's Final Highlights by Emirates | Roland-Garros 2026_720p.mp4,187.931,racket_hit
Maja Chwalinska vs Mirra Andreeva | Women's Final Highlights by Emirates | Roland-Garros 2026_720p.mp4,188.592,ambient_noise
Maja Chwalinska vs Mirra Andreeva | Women's Final Highlights by Emirates | Roland-Garros 2026_720p.mp4,189.277,ambient_noise
Maja Chwalinska vs Mirra Andreeva | Women's Final Highlights by Emirates | Roland-Garros 2026_720p.mp4,189.463,ambient_noise
Maja Chwalinska vs Mirra Andreeva | Women's Final Highlights by Emirates | Roland-Garros 2026_720p.mp4,189.916,ambient_noise
Maja Chwalinska vs Mirra Andreeva | Women's Final Highlights by Emirates | Roland-Garros 2026_720p.mp4,190.462,racket_hit
Maja Chwalinska vs Mirra Andreeva | Women's Final Highlights by Emirates | Roland-Garros 2026_720p.mp4,190.949,ambient_noise
Maja Chwalinska vs Mirra Andreeva | Women's Final Highlights by Emirates | Roland-Garros 2026_720p.mp4,191.692,ambient_noise
Maja Chwalinska vs Mirra Andreeva | Women's Final Highlights by Emirates | Roland-Garros 2026_720p.mp4,192.052,ambient_noise
Maja Chwalinska vs Mirra Andreeva | Women's Final Highlights by Emirates | Roland-Garros 2026_720p.mp4,192.284,racket_hit
Maja Chwalinska vs Mirra Andreeva | Women's Final Highlights by Emirates | Roland-Garros 2026_720p.mp4,192.760,ambient_noise
Maja Chwalinska vs Mirra Andreeva | Women's Final Highlights by Emirates | Roland-Garros 2026_720p.mp4,193.585,ambient_noise
Maja Chwalinska vs Mirra Andreeva | Women's Final Highlights by Emirates | Roland-Garros 2026_720p.mp4,193.887,ambient_noise
Maja Chwalinska vs Mirra Andreeva | Women's Final Highlights by Emirates | Roland-Garros 2026_720p.mp4,195.129,racket_hit
Maja Chwalinska vs Mirra Andreeva | Women's Final Highlights by Emirates | Roland-Garros 2026_720p.mp4,195.558,ambient_noise
Maja Chwalinska vs Mirra Andreeva | Women's Final Highlights by Emirates | Roland-Garros 2026_720p.mp4,196.429,racket_hit
Maja Chwalinska vs Mirra Andreeva | Women's Final Highlights by Emirates | Roland-Garros 2026_720p.mp4,198.240,ambient_noise
Maja Chwalinska vs Mirra Andreeva | Women's Final Highlights by Emirates | Roland-Garros 2026_720p.mp4,199.899,ambient_noise
Maja Chwalinska vs Mirra Andreeva | Women's Final Highlights by Emirates | Roland-Garros 2026_720p.mp4,200.539,ambient_noise
Maja Chwalinska vs Mirra Andreeva | Women's Final Highlights by Emirates | Roland-Garros 2026_720p.mp4,200.783,racket_hit
Maja Chwalinska vs Mirra Andreeva | Women's Final Highlights by Emirates | Roland-Garros 2026_720p.mp4,201.004,ambient_noise
Maja Chwalinska vs Mirra Andreeva | Women's Final Highlights by Emirates | Roland-Garros 2026_720p.mp4,201.247,ambient_noise
Maja Chwalinska vs Mirra Andreeva | Women's Final Highlights by Emirates | Roland-Garros 2026_720p.mp4,202.420,ambient_noise
Maja Chwalinska vs Mirra Andreeva | Women's Final Highlights by Emirates | Roland-Garros 2026_720p.mp4,203.906,racket_hit
Maja Chwalinska vs Mirra Andreeva | Women's Final Highlights by Emirates | Roland-Garros 2026_720p.mp4,204.336,ambient_noise
Maja Chwalinska vs Mirra Andreeva | Women's Final Highlights by Emirates | Roland-Garros 2026_720p.mp4,204.579,ambient_noise
Maja Chwalinska vs Mirra Andreeva | Women's Final Highlights by Emirates | Roland-Garros 2026_720p.mp4,204.963,ambient_noise
Maja Chwalinska vs Mirra Andreeva | Women's Final Highlights by Emirates | Roland-Garros 2026_720p.mp4,212.730,racket_hit
Maja Chwalinska vs Mirra Andreeva | Women's Final Highlights by Emirates | Roland-Garros 2026_720p.mp4,212.997,ambient_noise
Maja Chwalinska vs Mirra Andreeva | Women's Final Highlights by Emirates | Roland-Garros 2026_720p.mp4,213.310,ambient_noise
Maja Chwalinska vs Mirra Andreeva | Women's Final Highlights by Emirates | Roland-Garros 2026_720p.mp4,213.600,ambient_noise
Maja Chwalinska vs Mirra Andreeva | Women's Final Highlights by Emirates | Roland-Garros 2026_720p.mp4,213.833,racket_hit
Maja Chwalinska vs Mirra Andreeva | Women's Final Highlights by Emirates | Roland-Garros 2026_720p.mp4,214.773,shoe_squeak
Maja Chwalinska vs Mirra Andreeva | Women's Final Highlights by Emirates | Roland-Garros 2026_720p.mp4,215.144,racket_hit
Maja Chwalinska vs Mirra Andreeva | Women's Final Highlights by Emirates | Roland-Garros 2026_720p.mp4,215.353,ambient_noise
Maja Chwalinska vs Mirra Andreeva | Women's Final Highlights by Emirates | Roland-Garros 2026_720p.mp4,216.549,racket_hit
Maja Chwalinska vs Mirra Andreeva | Women's Final Highlights by Emirates | Roland-Garros 2026_720p.mp4,217.014,shoe_squeak
Maja Chwalinska vs Mirra Andreeva | Women's Final Highlights by Emirates | Roland-Garros 2026_720p.mp4,217.838,racket_hit
Maja Chwalinska vs Mirra Andreeva | Women's Final Highlights by Emirates | Roland-Garros 2026_720p.mp4,218.825,ambient_noise
Maja Chwalinska vs Mirra Andreeva | Women's Final Highlights by Emirates | Roland-Garros 2026_720p.mp4,219.080,ambient_noise
Maja Chwalinska vs Mirra Andreeva | Women's Final Highlights by Emirates | Roland-Garros 2026_720p.mp4,219.672,racket_hit
Maja Chwalinska vs Mirra Andreeva | Women's Final Highlights by Emirates | Roland-Garros 2026_720p.mp4,220.450,ambient_noise
Maja Chwalinska vs Mirra Andreeva | Women's Final Highlights by Emirates | Roland-Garros 2026_720p.mp4,220.613,ambient_noise
Maja Chwalinska vs Mirra Andreeva | Women's Final Highlights by Emirates | Roland-Garros 2026_720p.mp4,220.949,racket_hit
Maja Chwalinska vs Mirra Andreeva | Women's Final Highlights by Emirates | Roland-Garros 2026_720p.mp4,221.367,shoe_squeak
Maja Chwalinska vs Mirra Andreeva | Women's Final Highlights by Emirates | Roland-Garros 2026_720p.mp4,222.110,racket_hit
Maja Chwalinska vs Mirra Andreeva | Women's Final Highlights by Emirates | Roland-Garros 2026_720p.mp4,222.331,shoe_squeak
Maja Chwalinska vs Mirra Andreeva | Women's Final Highlights by Emirates | Roland-Garros 2026_720p.mp4,223.631,ambient_noise
Maja Chwalinska vs Mirra Andreeva | Women's Final Highlights by Emirates | Roland-Garros 2026_720p.mp4,223.956,racket_hit
Maja Chwalinska vs Mirra Andreeva | Women's Final Highlights by Emirates | Roland-Garros 2026_720p.mp4,224.421,shoe_squeak
Maja Chwalinska vs Mirra Andreeva | Women's Final Highlights by Emirates | Roland-Garros 2026_720p.mp4,229.483,ambient_noise
Maja Chwalinska vs Mirra Andreeva | Women's Final Highlights by Emirates | Roland-Garros 2026_720p.mp4,230.203,racket_hit
Maja Chwalinska vs Mirra Andreeva | Women's Final Highlights by Emirates | Roland-Garros 2026_720p.mp4,230.481,ambient_noise
Maja Chwalinska vs Mirra Andreeva | Women's Final Highlights by Emirates | Roland-Garros 2026_720p.mp4,230.760,ambient_noise
Maja Chwalinska vs Mirra Andreeva | Women's Final Highlights by Emirates | Roland-Garros 2026_720p.mp4,231.387,racket_hit
Maja Chwalinska vs Mirra Andreeva | Women's Final Highlights by Emirates | Roland-Garros 2026_720p.mp4,232.211,shoe_squeak
Maja Chwalinska vs Mirra Andreeva | Women's Final Highlights by Emirates | Roland-Garros 2026_720p.mp4,232.676,racket_hit
Maja Chwalinska vs Mirra Andreeva | Women's Final Highlights by Emirates | Roland-Garros 2026_720p.mp4,232.885,ambient_noise
Maja Chwalinska vs Mirra Andreeva | Women's Final Highlights by Emirates | Roland-Garros 2026_720p.mp4,233.279,ambient_noise
Maja Chwalinska vs Mirra Andreeva | Women's Final Highlights by Emirates | Roland-Garros 2026_720p.mp4,233.593,ambient_noise
Maja Chwalinska vs Mirra Andreeva | Women's Final Highlights by Emirates | Roland-Garros 2026_720p.mp4,233.860,ambient_noise
Maja Chwalinska vs Mirra Andreeva | Women's Final Highlights by Emirates | Roland-Garros 2026_720p.mp4,234.092,racket_hit
Maja Chwalinska vs Mirra Andreeva | Women's Final Highlights by Emirates | Roland-Garros 2026_720p.mp4,235.032,ambient_noise
Maja Chwalinska vs Mirra Andreeva | Women's Final Highlights by Emirates | Roland-Garros 2026_720p.mp4,235.892,racket_hit
Maja Chwalinska vs Mirra Andreeva | Women's Final Highlights by Emirates | Roland-Garros 2026_720p.mp4,236.333,ambient_noise
Maja Chwalinska vs Mirra Andreeva | Women's Final Highlights by Emirates | Roland-Garros 2026_720p.mp4,236.751,ambient_noise
Maja Chwalinska vs Mirra Andreeva | Women's Final Highlights by Emirates | Roland-Garros 2026_720p.mp4,237.238,racket_hit
Maja Chwalinska vs Mirra Andreeva | Women's Final Highlights by Emirates | Roland-Garros 2026_720p.mp4,237.679,ambient_noise
Maja Chwalinska vs Mirra Andreeva | Women's Final Highlights by Emirates | Roland-Garros 2026_720p.mp4,238.132,ball_bounce
Maja Chwalinska vs Mirra Andreeva | Women's Final Highlights by Emirates | Roland-Garros 2026_720p.mp4,238.469,racket_hit
Maja Chwalinska vs Mirra Andreeva | Women's Final Highlights by Emirates | Roland-Garros 2026_720p.mp4,238.666,ambient_noise
Maja Chwalinska vs Mirra Andreeva | Women's Final Highlights by Emirates | Roland-Garros 2026_720p.mp4,238.919,ambient_noise
Maja Chwalinska vs Mirra Andreeva | Women's Final Highlights by Emirates | Roland-Garros 2026_720p.mp4,239.154,ambient_noise
Maja Chwalinska vs Mirra Andreeva | Women's Final Highlights by Emirates | Roland-Garros 2026_720p.mp4,239.537,ambient_noise
Maja Chwalinska vs Mirra Andreeva | Women's Final Highlights by Emirates | Roland-Garros 2026_720p.mp4,239.723,ambient_noise
Maja Chwalinska vs Mirra Andreeva | Women's Final Highlights by Emirates | Roland-Garros 2026_720p.mp4,240.152,racket_hit
Maja Chwalinska vs Mirra Andreeva | Women's Final Highlights by Emirates | Roland-Garros 2026_720p.mp4,240.872,ambient_noise
Maja Chwalinska vs Mirra Andreeva | Women's Final Highlights by Emirates | Roland-Garros 2026_720p.mp4,241.139,ambient_noise
Maja Chwalinska vs Mirra Andreeva | Women's Final Highlights by Emirates | Roland-Garros 2026_720p.mp4,241.406,racket_hit
Maja Chwalinska vs Mirra Andreeva | Women's Final Highlights by Emirates | Roland-Garros 2026_720p.mp4,241.638,ambient_noise
Maja Chwalinska vs Mirra Andreeva | Women's Final Highlights by Emirates | Roland-Garros 2026_720p.mp4,242.300,ambient_noise
Maja Chwalinska vs Mirra Andreeva | Women's Final Highlights by Emirates | Roland-Garros 2026_720p.mp4,242.486,ambient_noise
Maja Chwalinska vs Mirra Andreeva | Women's Final Highlights by Emirates | Roland-Garros 2026_720p.mp4,242.846,racket_hit
Maja Chwalinska vs Mirra Andreeva | Women's Final Highlights by Emirates | Roland-Garros 2026_720p.mp4,243.833,ambient_noise
Maja Chwalinska vs Mirra Andreeva | Women's Final Highlights by Emirates | Roland-Garros 2026_720p.mp4,244.088,ambient_noise
Maja Chwalinska vs Mirra Andreeva | Women's Final Highlights by Emirates | Roland-Garros 2026_720p.mp4,244.189,racket_hit
Maja Chwalinska vs Mirra Andreeva | Women's Final Highlights by Emirates | Roland-Garros 2026_720p.mp4,244.378,ambient_noise
Maja Chwalinska vs Mirra Andreeva | Women's Final Highlights by Emirates | Roland-Garros 2026_720p.mp4,245.795,racket_hit
Maja Chwalinska vs Mirra Andreeva | Women's Final Highlights by Emirates | Roland-Garros 2026_720p.mp4,246.619,ambient_noise
Maja Chwalinska vs Mirra Andreeva | Women's Final Highlights by Emirates | Roland-Garros 2026_720p.mp4,246.782,ambient_noise
Maja Chwalinska vs Mirra Andreeva | Women's Final Highlights by Emirates | Roland-Garros 2026_720p.mp4,250.996,ambient_noise
Maja Chwalinska vs Mirra Andreeva | Women's Final Highlights by Emirates | Roland-Garros 2026_720p.mp4,253.399,ambient_noise
Maja Chwalinska vs Mirra Andreeva | Women's Final Highlights by Emirates | Roland-Garros 2026_720p.mp4,253.585,racket_hit
Maja Chwalinska vs Mirra Andreeva | Women's Final Highlights by Emirates | Roland-Garros 2026_720p.mp4,254.142,ambient_noise
Maja Chwalinska vs Mirra Andreeva | Women's Final Highlights by Emirates | Roland-Garros 2026_720p.mp4,254.595,ambient_noise
Maja Chwalinska vs Mirra Andreeva | Women's Final Highlights by Emirates | Roland-Garros 2026_720p.mp4,254.781,racket_hit
Maja Chwalinska vs Mirra Andreeva | Women's Final Highlights by Emirates | Roland-Garros 2026_720p.mp4,255.512,ambient_noise
Maja Chwalinska vs Mirra Andreeva | Women's Final Highlights by Emirates | Roland-Garros 2026_720p.mp4,256.348,racket_hit
Maja Chwalinska vs Mirra Andreeva | Women's Final Highlights by Emirates | Roland-Garros 2026_720p.mp4,257.033,ambient_noise
Maja Chwalinska vs Mirra Andreeva | Women's Final Highlights by Emirates | Roland-Garros 2026_720p.mp4,257.254,ambient_noise
Maja Chwalinska vs Mirra Andreeva | Women's Final Highlights by Emirates | Roland-Garros 2026_720p.mp4,257.602,racket_hit
Maja Chwalinska vs Mirra Andreeva | Women's Final Highlights by Emirates | Roland-Garros 2026_720p.mp4,257.834,ambient_noise
Maja Chwalinska vs Mirra Andreeva | Women's Final Highlights by Emirates | Roland-Garros 2026_720p.mp4,258.995,racket_hit
Maja Chwalinska vs Mirra Andreeva | Women's Final Highlights by Emirates | Roland-Garros 2026_720p.mp4,270.164,racket_hit
Maja Chwalinska vs Mirra Andreeva | Women's Final Highlights by Emirates | Roland-Garros 2026_720p.mp4,270.663,ambient_noise
Maja Chwalinska vs Mirra Andreeva | Women's Final Highlights by Emirates | Roland-Garros 2026_720p.mp4,271.139,racket_hit
Maja Chwalinska vs Mirra Andreeva | Women's Final Highlights by Emirates | Roland-Garros 2026_720p.mp4,271.650,ambient_noise
Maja Chwalinska vs Mirra Andreeva | Women's Final Highlights by Emirates | Roland-Garros 2026_720p.mp4,272.649,racket_hit
Maja Chwalinska vs Mirra Andreeva | Women's Final Highlights by Emirates | Roland-Garros 2026_720p.mp4,273.636,ambient_noise
Maja Chwalinska vs Mirra Andreeva | Women's Final Highlights by Emirates | Roland-Garros 2026_720p.mp4,273.891,racket_hit
Maja Chwalinska vs Mirra Andreeva | Women's Final Highlights by Emirates | Roland-Garros 2026_720p.mp4,274.785,ambient_noise
Maja Chwalinska vs Mirra Andreeva | Women's Final Highlights by Emirates | Roland-Garros 2026_720p.mp4,275.087,racket_hit
Maja Chwalinska vs Mirra Andreeva | Women's Final Highlights by Emirates | Roland-Garros 2026_720p.mp4,275.400,ambient_noise
Maja Chwalinska vs Mirra Andreeva | Women's Final Highlights by Emirates | Roland-Garros 2026_720p.mp4,276.538,racket_hit
Maja Chwalinska vs Mirra Andreeva | Women's Final Highlights by Emirates | Roland-Garros 2026_720p.mp4,277.258,ambient_noise
Maja Chwalinska vs Mirra Andreeva | Women's Final Highlights by Emirates | Roland-Garros 2026_720p.mp4,277.780,racket_hit
Maja Chwalinska vs Mirra Andreeva | Women's Final Highlights by Emirates | Roland-Garros 2026_720p.mp4,278.024,ambient_noise
Maja Chwalinska vs Mirra Andreeva | Women's Final Highlights by Emirates | Roland-Garros 2026_720p.mp4,278.198,ambient_noise
Maja Chwalinska vs Mirra Andreeva | Women's Final Highlights by Emirates | Roland-Garros 2026_720p.mp4,281.078,racket_hit
Maja Chwalinska vs Mirra Andreeva | Women's Final Highlights by Emirates | Roland-Garros 2026_720p.mp4,287.393,racket_hit
Maja Chwalinska vs Mirra Andreeva | Women's Final Highlights by Emirates | Roland-Garros 2026_720p.mp4,288.171,ambient_noise
Maja Chwalinska vs Mirra Andreeva | Women's Final Highlights by Emirates | Roland-Garros 2026_720p.mp4,288.392,ambient_noise
Maja Chwalinska vs Mirra Andreeva | Women's Final Highlights by Emirates | Roland-Garros 2026_720p.mp4,288.647,racket_hit
Maja Chwalinska vs Mirra Andreeva | Women's Final Highlights by Emirates | Roland-Garros 2026_720p.mp4,288.868,ambient_noise
Maja Chwalinska vs Mirra Andreeva | Women's Final Highlights by Emirates | Roland-Garros 2026_720p.mp4,289.239,ambient_noise
Maja Chwalinska vs Mirra Andreeva | Women's Final Highlights by Emirates | Roland-Garros 2026_720p.mp4,289.831,ambient_noise
Maja Chwalinska vs Mirra Andreeva | Women's Final Highlights by Emirates | Roland-Garros 2026_720p.mp4,290.215,ambient_noise
Maja Chwalinska vs Mirra Andreeva | Women's Final Highlights by Emirates | Roland-Garros 2026_720p.mp4,290.505,racket_hit
Maja Chwalinska vs Mirra Andreeva | Women's Final Highlights by Emirates | Roland-Garros 2026_720p.mp4,290.946,ambient_noise
Maja Chwalinska vs Mirra Andreeva | Women's Final Highlights by Emirates | Roland-Garros 2026_720p.mp4,291.109,ambient_noise
Maja Chwalinska vs Mirra Andreeva | Women's Final Highlights by Emirates | Roland-Garros 2026_720p.mp4,291.550,ambient_noise
Maja Chwalinska vs Mirra Andreeva | Women's Final Highlights by Emirates | Roland-Garros 2026_720p.mp4,292.165,ball_bounce
Maja Chwalinska vs Mirra Andreeva | Women's Final Highlights by Emirates | Roland-Garros 2026_720p.mp4,292.734,ambient_noise
Maja Chwalinska vs Mirra Andreeva | Women's Final Highlights by Emirates | Roland-Garros 2026_720p.mp4,293.140,racket_hit
Maja Chwalinska vs Mirra Andreeva | Women's Final Highlights by Emirates | Roland-Garros 2026_720p.mp4,294.081,ambient_noise
Maja Chwalinska vs Mirra Andreeva | Women's Final Highlights by Emirates | Roland-Garros 2026_720p.mp4,294.255,ambient_noise
Maja Chwalinska vs Mirra Andreeva | Women's Final Highlights by Emirates | Roland-Garros 2026_720p.mp4,294.615,ambient_noise
Maja Chwalinska vs Mirra Andreeva | Women's Final Highlights by Emirates | Roland-Garros 2026_720p.mp4,295.091,ambient_noise
Maja Chwalinska vs Mirra Andreeva | Women's Final Highlights by Emirates | Roland-Garros 2026_720p.mp4,295.358,racket_hit
Maja Chwalinska vs Mirra Andreeva | Women's Final Highlights by Emirates | Roland-Garros 2026_720p.mp4,295.869,ambient_noise
Maja Chwalinska vs Mirra Andreeva | Women's Final Highlights by Emirates | Roland-Garros 2026_720p.mp4,296.171,ambient_noise
Maja Chwalinska vs Mirra Andreeva | Women's Final Highlights by Emirates | Roland-Garros 2026_720p.mp4,296.983,ambient_noise
Maja Chwalinska vs Mirra Andreeva | Women's Final Highlights by Emirates | Roland-Garros 2026_720p.mp4,297.320,ambient_noise
Maja Chwalinska vs Mirra Andreeva | Women's Final Highlights by Emirates | Roland-Garros 2026_720p.mp4,298.109,racket_hit
Maja Chwalinska vs Mirra Andreeva | Women's Final Highlights by Emirates | Roland-Garros 2026_720p.mp4,298.516,ambient_noise
Maja Chwalinska vs Mirra Andreeva | Women's Final Highlights by Emirates | Roland-Garros 2026_720p.mp4,298.771,ambient_noise
Maja Chwalinska vs Mirra Andreeva | Women's Final Highlights by Emirates | Roland-Garros 2026_720p.mp4,299.108,ambient_noise
Maja Chwalinska vs Mirra Andreeva | Women's Final Highlights by Emirates | Roland-Garros 2026_720p.mp4,299.619,ambient_noise
Maja Chwalinska vs Mirra Andreeva | Women's Final Highlights by Emirates | Roland-Garros 2026_720p.mp4,299.828,racket_hit
Maja Chwalinska vs Mirra Andreeva | Women's Final Highlights by Emirates | Roland-Garros 2026_720p.mp4,300.315,ambient_noise
Maja Chwalinska vs Mirra Andreeva | Women's Final Highlights by Emirates | Roland-Garros 2026_720p.mp4,301.105,ambient_noise
Maja Chwalinska vs Mirra Andreeva | Women's Final Highlights by Emirates | Roland-Garros 2026_720p.mp4,301.349,ambient_noise
Maja Chwalinska vs Mirra Andreeva | Women's Final Highlights by Emirates | Roland-Garros 2026_720p.mp4,302.138,racket_hit
Maja Chwalinska vs Mirra Andreeva | Women's Final Highlights by Emirates | Roland-Garros 2026_720p.mp4,303.914,ambient_noise
Maja Chwalinska vs Mirra Andreeva | Women's Final Highlights by Emirates | Roland-Garros 2026_720p.mp4,304.298,racket_hit
Maja Chwalinska vs Mirra Andreeva | Women's Final Highlights by Emirates | Roland-Garros 2026_720p.mp4,304.657,ambient_noise
Maja Chwalinska vs Mirra Andreeva | Women's Final Highlights by Emirates | Roland-Garros 2026_720p.mp4,304.855,ambient_noise
Maja Chwalinska vs Mirra Andreeva | Women's Final Highlights by Emirates | Roland-Garros 2026_720p.mp4,305.308,ambient_noise
Maja Chwalinska vs Mirra Andreeva | Women's Final Highlights by Emirates | Roland-Garros 2026_720p.mp4,305.784,racket_hit
Maja Chwalinska vs Mirra Andreeva | Women's Final Highlights by Emirates | Roland-Garros 2026_720p.mp4,306.260,ambient_noise
Maja Chwalinska vs Mirra Andreeva | Women's Final Highlights by Emirates | Roland-Garros 2026_720p.mp4,306.956,ambient_noise
Maja Chwalinska vs Mirra Andreeva | Women's Final Highlights by Emirates | Roland-Garros 2026_720p.mp4,307.293,racket_hit
Maja Chwalinska vs Mirra Andreeva | Women's Final Highlights by Emirates | Roland-Garros 2026_720p.mp4,308.048,ambient_noise
Maja Chwalinska vs Mirra Andreeva | Women's Final Highlights by Emirates | Roland-Garros 2026_720p.mp4,308.396,ambient_noise
Maja Chwalinska vs Mirra Andreeva | Women's Final Highlights by Emirates | Roland-Garros 2026_720p.mp4,308.616,racket_hit
Maja Chwalinska vs Mirra Andreeva | Women's Final Highlights by Emirates | Roland-Garros 2026_720p.mp4,309.058,ambient_noise
Maja Chwalinska vs Mirra Andreeva | Women's Final Highlights by Emirates | Roland-Garros 2026_720p.mp4,309.661,ambient_noise
Maja Chwalinska vs Mirra Andreeva | Women's Final Highlights by Emirates | Roland-Garros 2026_720p.mp4,310.857,racket_hit
Maja Chwalinska vs Mirra Andreeva | Women's Final Highlights by Emirates | Roland-Garros 2026_720p.mp4,312.332,ambient_noise
Maja Chwalinska vs Mirra Andreeva | Women's Final Highlights by Emirates | Roland-Garros 2026_720p.mp4,312.517,racket_hit
Maja Chwalinska vs Mirra Andreeva | Women's Final Highlights by Emirates | Roland-Garros 2026_720p.mp4,312.750,ambient_noise
Maja Chwalinska vs Mirra Andreeva | Women's Final Highlights by Emirates | Roland-Garros 2026_720p.mp4,313.713,ambient_noise
Maja Chwalinska vs Mirra Andreeva | Women's Final Highlights by Emirates | Roland-Garros 2026_720p.mp4,314.607,ambient_noise
Maja Chwalinska vs Mirra Andreeva | Women's Final Highlights by Emirates | Roland-Garros 2026_720p.mp4,314.874,racket_hit
Maja Chwalinska vs Mirra Andreeva | Women's Final Highlights by Emirates | Roland-Garros 2026_720p.mp4,316.035,ambient_noise
Maja Chwalinska vs Mirra Andreeva | Women's Final Highlights by Emirates | Roland-Garros 2026_720p.mp4,316.302,racket_hit
Maja Chwalinska vs Mirra Andreeva | Women's Final Highlights by Emirates | Roland-Garros 2026_720p.mp4,317.475,ambient_noise
Maja Chwalinska vs Mirra Andreeva | Women's Final Highlights by Emirates | Roland-Garros 2026_720p.mp4,317.684,ambient_noise
Maja Chwalinska vs Mirra Andreeva | Women's Final Highlights by Emirates | Roland-Garros 2026_720p.mp4,317.881,ambient_noise
Maja Chwalinska vs Mirra Andreeva | Women's Final Highlights by Emirates | Roland-Garros 2026_720p.mp4,318.079,racket_hit
Maja Chwalinska vs Mirra Andreeva | Women's Final Highlights by Emirates | Roland-Garros 2026_720p.mp4,319.460,ambient_noise
Maja Chwalinska vs Mirra Andreeva | Women's Final Highlights by Emirates | Roland-Garros 2026_720p.mp4,319.739,racket_hit
Maja Chwalinska vs Mirra Andreeva | Women's Final Highlights by Emirates | Roland-Garros 2026_720p.mp4,322.072,racket_hit
Maja Chwalinska vs Mirra Andreeva | Women's Final Highlights by Emirates | Roland-Garros 2026_720p.mp4,322.781,ambient_noise
Maja Chwalinska vs Mirra Andreeva | Women's Final Highlights by Emirates | Roland-Garros 2026_720p.mp4,328.853,racket_hit
Maja Chwalinska vs Mirra Andreeva | Women's Final Highlights by Emirates | Roland-Garros 2026_720p.mp4,329.468,ambient_noise
Maja Chwalinska vs Mirra Andreeva | Women's Final Highlights by Emirates | Roland-Garros 2026_720p.mp4,329.770,ambient_noise
Maja Chwalinska vs Mirra Andreeva | Women's Final Highlights by Emirates | Roland-Garros 2026_720p.mp4,329.932,racket_hit
Maja Chwalinska vs Mirra Andreeva | Women's Final Highlights by Emirates | Roland-Garros 2026_720p.mp4,330.652,ambient_noise
Maja Chwalinska vs Mirra Andreeva | Women's Final Highlights by Emirates | Roland-Garros 2026_720p.mp4,331.256,racket_hit
Maja Chwalinska vs Mirra Andreeva | Women's Final Highlights by Emirates | Roland-Garros 2026_720p.mp4,331.651,ambient_noise
Maja Chwalinska vs Mirra Andreeva | Women's Final Highlights by Emirates | Roland-Garros 2026_720p.mp4,331.929,ambient_noise
Maja Chwalinska vs Mirra Andreeva | Women's Final Highlights by Emirates | Roland-Garros 2026_720p.mp4,332.498,racket_hit
Maja Chwalinska vs Mirra Andreeva | Women's Final Highlights by Emirates | Roland-Garros 2026_720p.mp4,332.986,ambient_noise
Maja Chwalinska vs Mirra Andreeva | Women's Final Highlights by Emirates | Roland-Garros 2026_720p.mp4,333.589,ambient_noise
Maja Chwalinska vs Mirra Andreeva | Women's Final Highlights by Emirates | Roland-Garros 2026_720p.mp4,334.112,ambient_noise
Maja Chwalinska vs Mirra Andreeva | Women's Final Highlights by Emirates | Roland-Garros 2026_720p.mp4,334.344,racket_hit
Maja Chwalinska vs Mirra Andreeva | Women's Final Highlights by Emirates | Roland-Garros 2026_720p.mp4,334.785,ambient_noise
Maja Chwalinska vs Mirra Andreeva | Women's Final Highlights by Emirates | Roland-Garros 2026_720p.mp4,335.540,ambient_noise
Maja Chwalinska vs Mirra Andreeva | Women's Final Highlights by Emirates | Roland-Garros 2026_720p.mp4,336.039,racket_hit
Maja Chwalinska vs Mirra Andreeva | Women's Final Highlights by Emirates | Roland-Garros 2026_720p.mp4,336.701,shoe_squeak
Maja Chwalinska vs Mirra Andreeva | Women's Final Highlights by Emirates | Roland-Garros 2026_720p.mp4,337.212,ambient_noise
Maja Chwalinska vs Mirra Andreeva | Women's Final Highlights by Emirates | Roland-Garros 2026_720p.mp4,337.409,ambient_noise
Maja Chwalinska vs Mirra Andreeva | Women's Final Highlights by Emirates | Roland-Garros 2026_720p.mp4,337.699,racket_hit
Maja Chwalinska vs Mirra Andreeva | Women's Final Highlights by Emirates | Roland-Garros 2026_720p.mp4,337.978,ambient_noise
Maja Chwalinska vs Mirra Andreeva | Women's Final Highlights by Emirates | Roland-Garros 2026_720p.mp4,338.454,ambient_noise
Maja Chwalinska vs Mirra Andreeva | Women's Final Highlights by Emirates | Roland-Garros 2026_720p.mp4,338.791,ambient_noise
Maja Chwalinska vs Mirra Andreeva | Women's Final Highlights by Emirates | Roland-Garros 2026_720p.mp4,338.920,racket_hit
Maja Chwalinska vs Mirra Andreeva | Women's Final Highlights by Emirates | Roland-Garros 2026_720p.mp4,340.532,racket_hit
Maja Chwalinska vs Mirra Andreeva | Women's Final Highlights by Emirates | Roland-Garros 2026_720p.mp4,344.851,ambient_noise
Maja Chwalinska vs Mirra Andreeva | Women's Final Highlights by Emirates | Roland-Garros 2026_720p.mp4,345.397,racket_hit
Maja Chwalinska vs Mirra Andreeva | Women's Final Highlights by Emirates | Roland-Garros 2026_720p.mp4,345.664,ambient_noise
Maja Chwalinska vs Mirra Andreeva | Women's Final Highlights by Emirates | Roland-Garros 2026_720p.mp4,346.012,ambient_noise
Maja Chwalinska vs Mirra Andreeva | Women's Final Highlights by Emirates | Roland-Garros 2026_720p.mp4,346.210,ambient_noise
Maja Chwalinska vs Mirra Andreeva | Women's Final Highlights by Emirates | Roland-Garros 2026_720p.mp4,346.477,racket_hit
Maja Chwalinska vs Mirra Andreeva | Women's Final Highlights by Emirates | Roland-Garros 2026_720p.mp4,347.243,ambient_noise
Maja Chwalinska vs Mirra Andreeva | Women's Final Highlights by Emirates | Roland-Garros 2026_720p.mp4,347.405,ambient_noise
Maja Chwalinska vs Mirra Andreeva | Women's Final Highlights by Emirates | Roland-Garros 2026_720p.mp4,347.626,ambient_noise
Maja Chwalinska vs Mirra Andreeva | Women's Final Highlights by Emirates | Roland-Garros 2026_720p.mp4,348.009,racket_hit
Maja Chwalinska vs Mirra Andreeva | Women's Final Highlights by Emirates | Roland-Garros 2026_720p.mp4,348.485,ambient_noise
Maja Chwalinska vs Mirra Andreeva | Women's Final Highlights by Emirates | Roland-Garros 2026_720p.mp4,348.682,ambient_noise
Maja Chwalinska vs Mirra Andreeva | Women's Final Highlights by Emirates | Roland-Garros 2026_720p.mp4,349.217,racket_hit
Maja Chwalinska vs Mirra Andreeva | Women's Final Highlights by Emirates | Roland-Garros 2026_720p.mp4,350.285,ambient_noise
Maja Chwalinska vs Mirra Andreeva | Women's Final Highlights by Emirates | Roland-Garros 2026_720p.mp4,350.494,ambient_noise
Maja Chwalinska vs Mirra Andreeva | Women's Final Highlights by Emirates | Roland-Garros 2026_720p.mp4,350.935,racket_hit
Maja Chwalinska vs Mirra Andreeva | Women's Final Highlights by Emirates | Roland-Garros 2026_720p.mp4,351.933,ambient_noise
Maja Chwalinska vs Mirra Andreeva | Women's Final Highlights by Emirates | Roland-Garros 2026_720p.mp4,352.734,ambient_noise
Maja Chwalinska vs Mirra Andreeva | Women's Final Highlights by Emirates | Roland-Garros 2026_720p.mp4,353.106,racket_hit
Maja Chwalinska vs Mirra Andreeva | Women's Final Highlights by Emirates | Roland-Garros 2026_720p.mp4,353.837,ambient_noise
Maja Chwalinska vs Mirra Andreeva | Women's Final Highlights by Emirates | Roland-Garros 2026_720p.mp4,354.139,racket_hit
Maja Chwalinska vs Mirra Andreeva | Women's Final Highlights by Emirates | Roland-Garros 2026_720p.mp4,354.302,ambient_noise
Maja Chwalinska vs Mirra Andreeva | Women's Final Highlights by Emirates | Roland-Garros 2026_720p.mp4,354.534,ambient_noise
Maja Chwalinska vs Mirra Andreeva | Women's Final Highlights by Emirates | Roland-Garros 2026_720p.mp4,354.987,ambient_noise
Maja Chwalinska vs Mirra Andreeva | Women's Final Highlights by Emirates | Roland-Garros 2026_720p.mp4,355.567,ambient_noise
Maja Chwalinska vs Mirra Andreeva | Women's Final Highlights by Emirates | Roland-Garros 2026_720p.mp4,356.043,racket_hit
Maja Chwalinska vs Mirra Andreeva | Women's Final Highlights by Emirates | Roland-Garros 2026_720p.mp4,361.964,racket_hit
Maja Chwalinska vs Mirra Andreeva | Women's Final Highlights by Emirates | Roland-Garros 2026_720p.mp4,362.649,ambient_noise
Maja Chwalinska vs Mirra Andreeva | Women's Final Highlights by Emirates | Roland-Garros 2026_720p.mp4,363.102,racket_hit
Maja Chwalinska vs Mirra Andreeva | Women's Final Highlights by Emirates | Roland-Garros 2026_720p.mp4,363.543,ambient_noise
Maja Chwalinska vs Mirra Andreeva | Women's Final Highlights by Emirates | Roland-Garros 2026_720p.mp4,363.880,ambient_noise
Maja Chwalinska vs Mirra Andreeva | Women's Final Highlights by Emirates | Roland-Garros 2026_720p.mp4,364.356,racket_hit
Maja Chwalinska vs Mirra Andreeva | Women's Final Highlights by Emirates | Roland-Garros 2026_720p.mp4,364.902,ambient_noise
Maja Chwalinska vs Mirra Andreeva | Women's Final Highlights by Emirates | Roland-Garros 2026_720p.mp4,365.157,ambient_noise
Maja Chwalinska vs Mirra Andreeva | Women's Final Highlights by Emirates | Roland-Garros 2026_720p.mp4,365.703,racket_hit
Maja Chwalinska vs Mirra Andreeva | Women's Final Highlights by Emirates | Roland-Garros 2026_720p.mp4,366.887,ambient_noise
Maja Chwalinska vs Mirra Andreeva | Women's Final Highlights by Emirates | Roland-Garros 2026_720p.mp4,367.131,racket_hit
Maja Chwalinska vs Mirra Andreeva | Women's Final Highlights by Emirates | Roland-Garros 2026_720p.mp4,368.292,racket_hit
Maja Chwalinska vs Mirra Andreeva | Women's Final Highlights by Emirates | Roland-Garros 2026_720p.mp4,369.070,ambient_noise
Maja Chwalinska vs Mirra Andreeva | Women's Final Highlights by Emirates | Roland-Garros 2026_720p.mp4,369.557,ambient_noise
Maja Chwalinska vs Mirra Andreeva | Women's Final Highlights by Emirates | Roland-Garros 2026_720p.mp4,369.998,ambient_noise
Maja Chwalinska vs Mirra Andreeva | Women's Final Highlights by Emirates | Roland-Garros 2026_720p.mp4,370.265,ambient_noise
Maja Chwalinska vs Mirra Andreeva | Women's Final Highlights by Emirates | Roland-Garros 2026_720p.mp4,370.579,ambient_noise
Maja Chwalinska vs Mirra Andreeva | Women's Final Highlights by Emirates | Roland-Garros 2026_720p.mp4,371.090,racket_hit
Maja Chwalinska vs Mirra Andreeva | Women's Final Highlights by Emirates | Roland-Garros 2026_720p.mp4,371.508,ambient_noise
Maja Chwalinska vs Mirra Andreeva | Women's Final Highlights by Emirates | Roland-Garros 2026_720p.mp4,371.763,ambient_noise
Maja Chwalinska vs Mirra Andreeva | Women's Final Highlights by Emirates | Roland-Garros 2026_720p.mp4,372.019,ambient_noise
Maja Chwalinska vs Mirra Andreeva | Women's Final Highlights by Emirates | Roland-Garros 2026_720p.mp4,372.413,ambient_noise
Maja Chwalinska vs Mirra Andreeva | Women's Final Highlights by Emirates | Roland-Garros 2026_720p.mp4,372.889,racket_hit
Maja Chwalinska vs Mirra Andreeva | Women's Final Highlights by Emirates | Roland-Garros 2026_720p.mp4,373.760,ambient_noise
Maja Chwalinska vs Mirra Andreeva | Women's Final Highlights by Emirates | Roland-Garros 2026_720p.mp4,374.120,racket_hit
Maja Chwalinska vs Mirra Andreeva | Women's Final Highlights by Emirates | Roland-Garros 2026_720p.mp4,374.457,ambient_noise
Maja Chwalinska vs Mirra Andreeva | Women's Final Highlights by Emirates | Roland-Garros 2026_720p.mp4,374.712,ambient_noise
Maja Chwalinska vs Mirra Andreeva | Women's Final Highlights by Emirates | Roland-Garros 2026_720p.mp4,374.944,ambient_noise
Maja Chwalinska vs Mirra Andreeva | Women's Final Highlights by Emirates | Roland-Garros 2026_720p.mp4,375.269,ambient_noise
Maja Chwalinska vs Mirra Andreeva | Women's Final Highlights by Emirates | Roland-Garros 2026_720p.mp4,375.618,racket_hit
Maja Chwalinska vs Mirra Andreeva | Women's Final Highlights by Emirates | Roland-Garros 2026_720p.mp4,376.163,ambient_noise
Maja Chwalinska vs Mirra Andreeva | Women's Final Highlights by Emirates | Roland-Garros 2026_720p.mp4,381.411,ambient_noise
Maja Chwalinska vs Mirra Andreeva | Women's Final Highlights by Emirates | Roland-Garros 2026_720p.mp4,381.782,racket_hit
Maja Chwalinska vs Mirra Andreeva | Women's Final Highlights by Emirates | Roland-Garros 2026_720p.mp4,382.456,ambient_noise
Maja Chwalinska vs Mirra Andreeva | Women's Final Highlights by Emirates | Roland-Garros 2026_720p.mp4,383.071,ambient_noise
Maja Chwalinska vs Mirra Andreeva | Women's Final Highlights by Emirates | Roland-Garros 2026_720p.mp4,383.308,racket_hit
Maja Chwalinska vs Mirra Andreeva | Women's Final Highlights by Emirates | Roland-Garros 2026_720p.mp4,384.615,ambient_noise
Maja Chwalinska vs Mirra Andreeva | Women's Final Highlights by Emirates | Roland-Garros 2026_720p.mp4,385.207,ambient_noise
Maja Chwalinska vs Mirra Andreeva | Women's Final Highlights by Emirates | Roland-Garros 2026_720p.mp4,385.637,racket_hit
Maja Chwalinska vs Mirra Andreeva | Women's Final Highlights by Emirates | Roland-Garros 2026_720p.mp4,386.078,ambient_noise
Maja Chwalinska vs Mirra Andreeva | Women's Final Highlights by Emirates | Roland-Garros 2026_720p.mp4,386.287,ambient_noise
Maja Chwalinska vs Mirra Andreeva | Women's Final Highlights by Emirates | Roland-Garros 2026_720p.mp4,386.473,ambient_noise
Maja Chwalinska vs Mirra Andreeva | Women's Final Highlights by Emirates | Roland-Garros 2026_720p.mp4,386.879,racket_hit
Maja Chwalinska vs Mirra Andreeva | Women's Final Highlights by Emirates | Roland-Garros 2026_720p.mp4,387.692,ambient_noise
Maja Chwalinska vs Mirra Andreeva | Women's Final Highlights by Emirates | Roland-Garros 2026_720p.mp4,388.191,ambient_noise
Maja Chwalinska vs Mirra Andreeva | Women's Final Highlights by Emirates | Roland-Garros 2026_720p.mp4,389.224,ambient_noise
Maja Chwalinska vs Mirra Andreeva | Women's Final Highlights by Emirates | Roland-Garros 2026_720p.mp4,389.561,racket_hit
Maja Chwalinska vs Mirra Andreeva | Women's Final Highlights by Emirates | Roland-Garros 2026_720p.mp4,391.059,ambient_noise
Maja Chwalinska vs Mirra Andreeva | Women's Final Highlights by Emirates | Roland-Garros 2026_720p.mp4,391.860,racket_hit
Maja Chwalinska vs Mirra Andreeva | Women's Final Highlights by Emirates | Roland-Garros 2026_720p.mp4,392.162,ambient_noise
Maja Chwalinska vs Mirra Andreeva | Women's Final Highlights by Emirates | Roland-Garros 2026_720p.mp4,392.742,ambient_noise
Maja Chwalinska vs Mirra Andreeva | Women's Final Highlights by Emirates | Roland-Garros 2026_720p.mp4,392.975,ambient_noise
Maja Chwalinska vs Mirra Andreeva | Women's Final Highlights by Emirates | Roland-Garros 2026_720p.mp4,393.311,ambient_noise
Maja Chwalinska vs Mirra Andreeva | Women's Final Highlights by Emirates | Roland-Garros 2026_720p.mp4,393.636,racket_hit
Maja Chwalinska vs Mirra Andreeva | Women's Final Highlights by Emirates | Roland-Garros 2026_720p.mp4,394.321,ambient_noise
Maja Chwalinska vs Mirra Andreeva | Women's Final Highlights by Emirates | Roland-Garros 2026_720p.mp4,394.553,ambient_noise
Maja Chwalinska vs Mirra Andreeva | Women's Final Highlights by Emirates | Roland-Garros 2026_720p.mp4,394.948,racket_hit
Maja Chwalinska vs Mirra Andreeva | Women's Final Highlights by Emirates | Roland-Garros 2026_720p.mp4,395.331,ambient_noise
Maja Chwalinska vs Mirra Andreeva | Women's Final Highlights by Emirates | Roland-Garros 2026_720p.mp4,395.656,ambient_noise
Maja Chwalinska vs Mirra Andreeva | Women's Final Highlights by Emirates | Roland-Garros 2026_720p.mp4,396.748,ambient_noise
Maja Chwalinska vs Mirra Andreeva | Women's Final Highlights by Emirates | Roland-Garros 2026_720p.mp4,404.364,ambient_noise
Maja Chwalinska vs Mirra Andreeva | Women's Final Highlights by Emirates | Roland-Garros 2026_720p.mp4,404.747,ambient_noise
Maja Chwalinska vs Mirra Andreeva | Women's Final Highlights by Emirates | Roland-Garros 2026_720p.mp4,405.060,ambient_noise
Maja Chwalinska vs Mirra Andreeva | Women's Final Highlights by Emirates | Roland-Garros 2026_720p.mp4,406.999,racket_hit
Maja Chwalinska vs Mirra Andreeva | Women's Final Highlights by Emirates | Roland-Garros 2026_720p.mp4,407.197,ambient_noise
Maja Chwalinska vs Mirra Andreeva | Women's Final Highlights by Emirates | Roland-Garros 2026_720p.mp4,407.684,ambient_noise
Maja Chwalinska vs Mirra Andreeva | Women's Final Highlights by Emirates | Roland-Garros 2026_720p.mp4,407.847,racket_hit
Maja Chwalinska vs Mirra Andreeva | Women's Final Highlights by Emirates | Roland-Garros 2026_720p.mp4,408.335,ambient_noise
Maja Chwalinska vs Mirra Andreeva | Women's Final Highlights by Emirates | Roland-Garros 2026_720p.mp4,408.811,ambient_noise
Maja Chwalinska vs Mirra Andreeva | Women's Final Highlights by Emirates | Roland-Garros 2026_720p.mp4,409.252,ambient_noise
Maja Chwalinska vs Mirra Andreeva | Women's Final Highlights by Emirates | Roland-Garros 2026_720p.mp4,409.472,ambient_noise
Maja Chwalinska vs Mirra Andreeva | Women's Final Highlights by Emirates | Roland-Garros 2026_720p.mp4,409.925,ambient_noise
Maja Chwalinska vs Mirra Andreeva | Women's Final Highlights by Emirates | Roland-Garros 2026_720p.mp4,410.285,racket_hit
Maja Chwalinska vs Mirra Andreeva | Women's Final Highlights by Emirates | Roland-Garros 2026_720p.mp4,411.074,ambient_noise
Maja Chwalinska vs Mirra Andreeva | Women's Final Highlights by Emirates | Roland-Garros 2026_720p.mp4,411.423,racket_hit
Maja Chwalinska vs Mirra Andreeva | Women's Final Highlights by Emirates | Roland-Garros 2026_720p.mp4,412.340,ambient_noise
Maja Chwalinska vs Mirra Andreeva | Women's Final Highlights by Emirates | Roland-Garros 2026_720p.mp4,412.781,racket_hit
Maja Chwalinska vs Mirra Andreeva | Women's Final Highlights by Emirates | Roland-Garros 2026_720p.mp4,413.141,ambient_noise
Maja Chwalinska vs Mirra Andreeva | Women's Final Highlights by Emirates | Roland-Garros 2026_720p.mp4,413.501,ambient_noise
Maja Chwalinska vs Mirra Andreeva | Women's Final Highlights by Emirates | Roland-Garros 2026_720p.mp4,414.012,racket_hit
Maja Chwalinska vs Mirra Andreeva | Women's Final Highlights by Emirates | Roland-Garros 2026_720p.mp4,414.430,ambient_noise
Maja Chwalinska vs Mirra Andreeva | Women's Final Highlights by Emirates | Roland-Garros 2026_720p.mp4,414.697,ambient_noise
Maja Chwalinska vs Mirra Andreeva | Women's Final Highlights by Emirates | Roland-Garros 2026_720p.mp4,415.359,racket_hit
Maja Chwalinska vs Mirra Andreeva | Women's Final Highlights by Emirates | Roland-Garros 2026_720p.mp4,415.985,ambient_noise
Maja Chwalinska vs Mirra Andreeva | Women's Final Highlights by Emirates | Roland-Garros 2026_720p.mp4,416.438,ambient_noise
Maja Chwalinska vs Mirra Andreeva | Women's Final Highlights by Emirates | Roland-Garros 2026_720p.mp4,416.891,racket_hit
Maja Chwalinska vs Mirra Andreeva | Women's Final Highlights by Emirates | Roland-Garros 2026_720p.mp4,417.483,ambient_noise
Maja Chwalinska vs Mirra Andreeva | Women's Final Highlights by Emirates | Roland-Garros 2026_720p.mp4,417.762,ambient_noise
Maja Chwalinska vs Mirra Andreeva | Women's Final Highlights by Emirates | Roland-Garros 2026_720p.mp4,418.238,racket_hit
Maja Chwalinska vs Mirra Andreeva | Women's Final Highlights by Emirates | Roland-Garros 2026_720p.mp4,418.633,ambient_noise
Maja Chwalinska vs Mirra Andreeva | Women's Final Highlights by Emirates | Roland-Garros 2026_720p.mp4,419.085,ambient_noise
Maja Chwalinska vs Mirra Andreeva | Women's Final Highlights by Emirates | Roland-Garros 2026_720p.mp4,419.399,racket_hit
Maja Chwalinska vs Mirra Andreeva | Women's Final Highlights by Emirates | Roland-Garros 2026_720p.mp4,420.142,ambient_noise
Maja Chwalinska vs Mirra Andreeva | Women's Final Highlights by Emirates | Roland-Garros 2026_720p.mp4,421.431,ambient_noise
Maja Chwalinska vs Mirra Andreeva | Women's Final Highlights by Emirates | Roland-Garros 2026_720p.mp4,422.162,racket_hit
Maja Chwalinska vs Mirra Andreeva | Women's Final Highlights by Emirates | Roland-Garros 2026_720p.mp4,423.068,ambient_noise
Maja Chwalinska vs Mirra Andreeva | Women's Final Highlights by Emirates | Roland-Garros 2026_720p.mp4,423.451,racket_hit
Maja Chwalinska vs Mirra Andreeva | Women's Final Highlights by Emirates | Roland-Garros 2026_720p.mp4,423.892,ambient_noise
Maja Chwalinska vs Mirra Andreeva | Women's Final Highlights by Emirates | Roland-Garros 2026_720p.mp4,424.612,ambient_noise
Maja Chwalinska vs Mirra Andreeva | Women's Final Highlights by Emirates | Roland-Garros 2026_720p.mp4,425.099,racket_hit
Maja Chwalinska vs Mirra Andreeva | Women's Final Highlights by Emirates | Roland-Garros 2026_720p.mp4,425.633,ambient_noise
Maja Chwalinska vs Mirra Andreeva | Women's Final Highlights by Emirates | Roland-Garros 2026_720p.mp4,425.866,ambient_noise
Maja Chwalinska vs Mirra Andreeva | Women's Final Highlights by Emirates | Roland-Garros 2026_720p.mp4,426.446,racket_hit
Maja Chwalinska vs Mirra Andreeva | Women's Final Highlights by Emirates | Roland-Garros 2026_720p.mp4,436.001,ambient_noise
Maja Chwalinska vs Mirra Andreeva | Women's Final Highlights by Emirates | Roland-Garros 2026_720p.mp4,437.685,ambient_noise
Maja Chwalinska vs Mirra Andreeva | Women's Final Highlights by Emirates | Roland-Garros 2026_720p.mp4,437.963,racket_hit
Maja Chwalinska vs Mirra Andreeva | Women's Final Highlights by Emirates | Roland-Garros 2026_720p.mp4,438.567,ambient_noise
Maja Chwalinska vs Mirra Andreeva | Women's Final Highlights by Emirates | Roland-Garros 2026_720p.mp4,439.101,racket_hit
Maja Chwalinska vs Mirra Andreeva | Women's Final Highlights by Emirates | Roland-Garros 2026_720p.mp4,439.925,ambient_noise
Maja Chwalinska vs Mirra Andreeva | Women's Final Highlights by Emirates | Roland-Garros 2026_720p.mp4,440.181,racket_hit
Maja Chwalinska vs Mirra Andreeva | Women's Final Highlights by Emirates | Roland-Garros 2026_720p.mp4,441.829,racket_hit
Maja Chwalinska vs Mirra Andreeva | Women's Final Highlights by Emirates | Roland-Garros 2026_720p.mp4,442.305,ambient_noise
Maja Chwalinska vs Mirra Andreeva | Women's Final Highlights by Emirates | Roland-Garros 2026_720p.mp4,442.654,ambient_noise
Maja Chwalinska vs Mirra Andreeva | Women's Final Highlights by Emirates | Roland-Garros 2026_720p.mp4,450.316,racket_hit
Maja Chwalinska vs Mirra Andreeva | Women's Final Highlights by Emirates | Roland-Garros 2026_720p.mp4,450.850,ambient_noise
Maja Chwalinska vs Mirra Andreeva | Women's Final Highlights by Emirates | Roland-Garros 2026_720p.mp4,451.291,racket_hit
Maja Chwalinska vs Mirra Andreeva | Women's Final Highlights by Emirates | Roland-Garros 2026_720p.mp4,452.348,racket_hit
Maja Chwalinska vs Mirra Andreeva | Women's Final Highlights by Emirates | Roland-Garros 2026_720p.mp4,452.627,ambient_noise
Maja Chwalinska vs Mirra Andreeva | Women's Final Highlights by Emirates | Roland-Garros 2026_720p.mp4,452.928,ambient_noise
Maja Chwalinska vs Mirra Andreeva | Women's Final Highlights by Emirates | Roland-Garros 2026_720p.mp4,454.322,racket_hit
Maja Chwalinska vs Mirra Andreeva | Women's Final Highlights by Emirates | Roland-Garros 2026_720p.mp4,455.158,ambient_noise
Maja Chwalinska vs Mirra Andreeva | Women's Final Highlights by Emirates | Roland-Garros 2026_720p.mp4,455.390,racket_hit
Maja Chwalinska vs Mirra Andreeva | Women's Final Highlights by Emirates | Roland-Garros 2026_720p.mp4,455.715,ambient_noise
Maja Chwalinska vs Mirra Andreeva | Women's Final Highlights by Emirates | Roland-Garros 2026_720p.mp4,456.307,ambient_noise
Maja Chwalinska vs Mirra Andreeva | Women's Final Highlights by Emirates | Roland-Garros 2026_720p.mp4,456.980,racket_hit
Maja Chwalinska vs Mirra Andreeva | Women's Final Highlights by Emirates | Roland-Garros 2026_720p.mp4,457.689,ambient_noise
Maja Chwalinska vs Mirra Andreeva | Women's Final Highlights by Emirates | Roland-Garros 2026_720p.mp4,465.734,grunt_speech
Maja Chwalinska vs Mirra Andreeva | Women's Final Highlights by Emirates | Roland-Garros 2026_720p.mp4,467.371,ambient_noise
Maja Chwalinska vs Mirra Andreeva | Women's Final Highlights by Emirates | Roland-Garros 2026_720p.mp4,469.299,ambient_noise
Maja Chwalinska vs Mirra Andreeva | Women's Final Highlights by Emirates | Roland-Garros 2026_720p.mp4,469.658,racket_hit
Maja Chwalinska vs Mirra Andreeva | Women's Final Highlights by Emirates | Roland-Garros 2026_720p.mp4,470.297,ambient_noise
Maja Chwalinska vs Mirra Andreeva | Women's Final Highlights by Emirates | Roland-Garros 2026_720p.mp4,470.750,racket_hit
Maja Chwalinska vs Mirra Andreeva | Women's Final Highlights by Emirates | Roland-Garros 2026_720p.mp4,471.214,ambient_noise
Maja Chwalinska vs Mirra Andreeva | Women's Final Highlights by Emirates | Roland-Garros 2026_720p.mp4,471.458,ambient_noise
Maja Chwalinska vs Mirra Andreeva | Women's Final Highlights by Emirates | Roland-Garros 2026_720p.mp4,471.992,ambient_noise
Maja Chwalinska vs Mirra Andreeva | Women's Final Highlights by Emirates | Roland-Garros 2026_720p.mp4,472.271,racket_hit
Maja Chwalinska vs Mirra Andreeva | Women's Final Highlights by Emirates | Roland-Garros 2026_720p.mp4,472.747,ambient_noise
Maja Chwalinska vs Mirra Andreeva | Women's Final Highlights by Emirates | Roland-Garros 2026_720p.mp4,473.165,ambient_noise
Maja Chwalinska vs Mirra Andreeva | Women's Final Highlights by Emirates | Roland-Garros 2026_720p.mp4,473.455,ambient_noise
Maja Chwalinska vs Mirra Andreeva | Women's Final Highlights by Emirates | Roland-Garros 2026_720p.mp4,473.652,racket_hit
Maja Chwalinska vs Mirra Andreeva | Women's Final Highlights by Emirates | Roland-Garros 2026_720p.mp4,474.221,ambient_noise
Maja Chwalinska vs Mirra Andreeva | Women's Final Highlights by Emirates | Roland-Garros 2026_720p.mp4,474.593,ambient_noise
Maja Chwalinska vs Mirra Andreeva | Women's Final Highlights by Emirates | Roland-Garros 2026_720p.mp4,475.115,racket_hit
Maja Chwalinska vs Mirra Andreeva | Women's Final Highlights by Emirates | Roland-Garros 2026_720p.mp4,475.580,ambient_noise
Maja Chwalinska vs Mirra Andreeva | Women's Final Highlights by Emirates | Roland-Garros 2026_720p.mp4,476.323,racket_hit
Maja Chwalinska vs Mirra Andreeva | Women's Final Highlights by Emirates | Roland-Garros 2026_720p.mp4,477.077,ambient_noise
Maja Chwalinska vs Mirra Andreeva | Women's Final Highlights by Emirates | Roland-Garros 2026_720p.mp4,477.658,ambient_noise
Maja Chwalinska vs Mirra Andreeva | Women's Final Highlights by Emirates | Roland-Garros 2026_720p.mp4,478.076,racket_hit
Maja Chwalinska vs Mirra Andreeva | Women's Final Highlights by Emirates | Roland-Garros 2026_720p.mp4,478.563,ambient_noise
Maja Chwalinska vs Mirra Andreeva | Women's Final Highlights by Emirates | Roland-Garros 2026_720p.mp4,479.028,ambient_noise
Maja Chwalinska vs Mirra Andreeva | Women's Final Highlights by Emirates | Roland-Garros 2026_720p.mp4,479.271,racket_hit
Maja Chwalinska vs Mirra Andreeva | Women's Final Highlights by Emirates | Roland-Garros 2026_720p.mp4,479.620,ambient_noise
Maja Chwalinska vs Mirra Andreeva | Women's Final Highlights by Emirates | Roland-Garros 2026_720p.mp4,480.839,racket_hit
Maja Chwalinska vs Mirra Andreeva | Women's Final Highlights by Emirates | Roland-Garros 2026_720p.mp4,481.106,ambient_noise
Maja Chwalinska vs Mirra Andreeva | Women's Final Highlights by Emirates | Roland-Garros 2026_720p.mp4,481.501,ambient_noise
Maja Chwalinska vs Mirra Andreeva | Women's Final Highlights by Emirates | Roland-Garros 2026_720p.mp4,497.313,racket_hit
Maja Chwalinska vs Mirra Andreeva | Women's Final Highlights by Emirates | Roland-Garros 2026_720p.mp4,497.859,ambient_noise
Maja Chwalinska vs Mirra Andreeva | Women's Final Highlights by Emirates | Roland-Garros 2026_720p.mp4,498.323,racket_hit
Maja Chwalinska vs Mirra Andreeva | Women's Final Highlights by Emirates | Roland-Garros 2026_720p.mp4,499.728,racket_hit
Maja Chwalinska vs Mirra Andreeva | Women's Final Highlights by Emirates | Roland-Garros 2026_720p.mp4,500.645,ambient_noise
Maja Chwalinska vs Mirra Andreeva | Women's Final Highlights by Emirates | Roland-Garros 2026_720p.mp4,500.936,racket_hit
Maja Chwalinska vs Mirra Andreeva | Women's Final Highlights by Emirates | Roland-Garros 2026_720p.mp4,501.365,ambient_noise
Maja Chwalinska vs Mirra Andreeva | Women's Final Highlights by Emirates | Roland-Garros 2026_720p.mp4,502.178,ambient_noise
Maja Chwalinska vs Mirra Andreeva | Women's Final Highlights by Emirates | Roland-Garros 2026_720p.mp4,502.549,racket_hit
Maja Chwalinska vs Mirra Andreeva | Women's Final Highlights by Emirates | Roland-Garros 2026_720p.mp4,502.828,ambient_noise
Maja Chwalinska vs Mirra Andreeva | Women's Final Highlights by Emirates | Roland-Garros 2026_720p.mp4,503.130,ambient_noise
Maja Chwalinska vs Mirra Andreeva | Women's Final Highlights by Emirates | Roland-Garros 2026_720p.mp4,503.583,ambient_noise
Maja Chwalinska vs Mirra Andreeva | Women's Final Highlights by Emirates | Roland-Garros 2026_720p.mp4,503.827,racket_hit
Maja Chwalinska vs Mirra Andreeva | Women's Final Highlights by Emirates | Roland-Garros 2026_720p.mp4,504.245,ambient_noise
Maja Chwalinska vs Mirra Andreeva | Women's Final Highlights by Emirates | Roland-Garros 2026_720p.mp4,504.802,ambient_noise
Maja Chwalinska vs Mirra Andreeva | Women's Final Highlights by Emirates | Roland-Garros 2026_720p.mp4,505.150,ambient_noise
Maja Chwalinska vs Mirra Andreeva | Women's Final Highlights by Emirates | Roland-Garros 2026_720p.mp4,505.382,racket_hit
Maja Chwalinska vs Mirra Andreeva | Women's Final Highlights by Emirates | Roland-Garros 2026_720p.mp4,505.870,ambient_noise
Maja Chwalinska vs Mirra Andreeva | Women's Final Highlights by Emirates | Roland-Garros 2026_720p.mp4,506.183,ambient_noise
Maja Chwalinska vs Mirra Andreeva | Women's Final Highlights by Emirates | Roland-Garros 2026_720p.mp4,506.625,ambient_noise
Maja Chwalinska vs Mirra Andreeva | Women's Final Highlights by Emirates | Roland-Garros 2026_720p.mp4,507.077,racket_hit
Maja Chwalinska vs Mirra Andreeva | Women's Final Highlights by Emirates | Roland-Garros 2026_720p.mp4,507.565,ambient_noise
Maja Chwalinska vs Mirra Andreeva | Women's Final Highlights by Emirates | Roland-Garros 2026_720p.mp4,512.557,ambient_noise
Maja Chwalinska vs Mirra Andreeva | Women's Final Highlights by Emirates | Roland-Garros 2026_720p.mp4,512.824,ambient_noise
Maja Chwalinska vs Mirra Andreeva | Women's Final Highlights by Emirates | Roland-Garros 2026_720p.mp4,514.380,ambient_noise
Maja Chwalinska vs Mirra Andreeva | Women's Final Highlights by Emirates | Roland-Garros 2026_720p.mp4,514.728,racket_hit
Maja Chwalinska vs Mirra Andreeva | Women's Final Highlights by Emirates | Roland-Garros 2026_720p.mp4,515.251,ambient_noise
Maja Chwalinska vs Mirra Andreeva | Women's Final Highlights by Emirates | Roland-Garros 2026_720p.mp4,515.727,racket_hit
Maja Chwalinska vs Mirra Andreeva | Women's Final Highlights by Emirates | Roland-Garros 2026_720p.mp4,516.679,ambient_noise
Maja Chwalinska vs Mirra Andreeva | Women's Final Highlights by Emirates | Roland-Garros 2026_720p.mp4,516.969,racket_hit
Maja Chwalinska vs Mirra Andreeva | Women's Final Highlights by Emirates | Roland-Garros 2026_720p.mp4,517.248,ambient_noise
Maja Chwalinska vs Mirra Andreeva | Women's Final Highlights by Emirates | Roland-Garros 2026_720p.mp4,517.619,ambient_noise
Maja Chwalinska vs Mirra Andreeva | Women's Final Highlights by Emirates | Roland-Garros 2026_720p.mp4,518.026,ambient_noise
Maja Chwalinska vs Mirra Andreeva | Women's Final Highlights by Emirates | Roland-Garros 2026_720p.mp4,518.362,racket_hit
Maja Chwalinska vs Mirra Andreeva | Women's Final Highlights by Emirates | Roland-Garros 2026_720p.mp4,518.722,ambient_noise
Maja Chwalinska vs Mirra Andreeva | Women's Final Highlights by Emirates | Roland-Garros 2026_720p.mp4,518.908,ambient_noise
Maja Chwalinska vs Mirra Andreeva | Women's Final Highlights by Emirates | Roland-Garros 2026_720p.mp4,519.268,ambient_noise
Maja Chwalinska vs Mirra Andreeva | Women's Final Highlights by Emirates | Roland-Garros 2026_720p.mp4,519.512,ambient_noise
Maja Chwalinska vs Mirra Andreeva | Women's Final Highlights by Emirates | Roland-Garros 2026_720p.mp4,519.667,racket_hit
Maja Chwalinska vs Mirra Andreeva | Women's Final Highlights by Emirates | Roland-Garros 2026_720p.mp4,520.197,ambient_noise
Maja Chwalinska vs Mirra Andreeva | Women's Final Highlights by Emirates | Roland-Garros 2026_720p.mp4,520.696,ambient_noise
Maja Chwalinska vs Mirra Andreeva | Women's Final Highlights by Emirates | Roland-Garros 2026_720p.mp4,521.288,racket_hit
Maja Chwalinska vs Mirra Andreeva | Women's Final Highlights by Emirates | Roland-Garros 2026_720p.mp4,522.321,racket_hit
Maja Chwalinska vs Mirra Andreeva | Women's Final Highlights by Emirates | Roland-Garros 2026_720p.mp4,523.900,racket_hit
Maja Chwalinska vs Mirra Andreeva | Women's Final Highlights by Emirates | Roland-Garros 2026_720p.mp4,525.050,racket_hit
Maja Chwalinska vs Mirra Andreeva | Women's Final Highlights by Emirates | Roland-Garros 2026_720p.mp4,539.272,ambient_noise
Maja Chwalinska vs Mirra Andreeva | Women's Final Highlights by Emirates | Roland-Garros 2026_720p.mp4,541.002,ambient_noise
Maja Chwalinska vs Mirra Andreeva | Women's Final Highlights by Emirates | Roland-Garros 2026_720p.mp4,541.385,ambient_noise
Maja Chwalinska vs Mirra Andreeva | Women's Final Highlights by Emirates | Roland-Garros 2026_720p.mp4,541.861,racket_hit
Maja Chwalinska vs Mirra Andreeva | Women's Final Highlights by Emirates | Roland-Garros 2026_720p.mp4,543.324,racket_hit
Maja Chwalinska vs Mirra Andreeva | Women's Final Highlights by Emirates | Roland-Garros 2026_720p.mp4,543.684,ambient_noise
Maja Chwalinska vs Mirra Andreeva | Women's Final Highlights by Emirates | Roland-Garros 2026_720p.mp4,543.893,ambient_noise
Maja Chwalinska vs Mirra Andreeva | Women's Final Highlights by Emirates | Roland-Garros 2026_720p.mp4,544.578,ambient_noise
Maja Chwalinska vs Mirra Andreeva | Women's Final Highlights by Emirates | Roland-Garros 2026_720p.mp4,545.065,ambient_noise
Maja Chwalinska vs Mirra Andreeva | Women's Final Highlights by Emirates | Roland-Garros 2026_720p.mp4,545.309,racket_hit
Maja Chwalinska vs Mirra Andreeva | Women's Final Highlights by Emirates | Roland-Garros 2026_720p.mp4,546.249,ambient_noise
Maja Chwalinska vs Mirra Andreeva | Women's Final Highlights by Emirates | Roland-Garros 2026_720p.mp4,546.540,racket_hit
Maja Chwalinska vs Mirra Andreeva | Women's Final Highlights by Emirates | Roland-Garros 2026_720p.mp4,547.608,ambient_noise
Maja Chwalinska vs Mirra Andreeva | Women's Final Highlights by Emirates | Roland-Garros 2026_720p.mp4,547.991,racket_hit
Maja Chwalinska vs Mirra Andreeva | Women's Final Highlights by Emirates | Roland-Garros 2026_720p.mp4,548.688,ambient_noise
Maja Chwalinska vs Mirra Andreeva | Women's Final Highlights by Emirates | Roland-Garros 2026_720p.mp4,548.978,ambient_noise
Maja Chwalinska vs Mirra Andreeva | Women's Final Highlights by Emirates | Roland-Garros 2026_720p.mp4,549.187,racket_hit
Maja Chwalinska vs Mirra Andreeva | Women's Final Highlights by Emirates | Roland-Garros 2026_720p.mp4,565.267,racket_hit
Maja Chwalinska vs Mirra Andreeva | Women's Final Highlights by Emirates | Roland-Garros 2026_720p.mp4,565.917,ambient_noise
Maja Chwalinska vs Mirra Andreeva | Women's Final Highlights by Emirates | Roland-Garros 2026_720p.mp4,566.486,racket_hit
Maja Chwalinska vs Mirra Andreeva | Women's Final Highlights by Emirates | Roland-Garros 2026_720p.mp4,566.706,ambient_noise
Maja Chwalinska vs Mirra Andreeva | Women's Final Highlights by Emirates | Roland-Garros 2026_720p.mp4,567.113,ambient_noise
Maja Chwalinska vs Mirra Andreeva | Women's Final Highlights by Emirates | Roland-Garros 2026_720p.mp4,567.577,ambient_noise
Maja Chwalinska vs Mirra Andreeva | Women's Final Highlights by Emirates | Roland-Garros 2026_720p.mp4,568.181,racket_hit
Maja Chwalinska vs Mirra Andreeva | Women's Final Highlights by Emirates | Roland-Garros 2026_720p.mp4,569.075,ambient_noise
Maja Chwalinska vs Mirra Andreeva | Women's Final Highlights by Emirates | Roland-Garros 2026_720p.mp4,569.342,ambient_noise
Maja Chwalinska vs Mirra Andreeva | Women's Final Highlights by Emirates | Roland-Garros 2026_720p.mp4,569.551,racket_hit
Maja Chwalinska vs Mirra Andreeva | Women's Final Highlights by Emirates | Roland-Garros 2026_720p.mp4,570.851,ambient_noise
Maja Chwalinska vs Mirra Andreeva | Women's Final Highlights by Emirates | Roland-Garros 2026_720p.mp4,571.966,racket_hit
Maja Chwalinska vs Mirra Andreeva | Women's Final Highlights by Emirates | Roland-Garros 2026_720p.mp4,573.045,racket_hit
Maja Chwalinska vs Mirra Andreeva | Women's Final Highlights by Emirates | Roland-Garros 2026_720p.mp4,574.113,racket_hit
Maja Chwalinska vs Mirra Andreeva | Women's Final Highlights by Emirates | Roland-Garros 2026_720p.mp4,574.322,ambient_noise
Maja Chwalinska vs Mirra Andreeva | Women's Final Highlights by Emirates | Roland-Garros 2026_720p.mp4,575.844,ambient_noise
Maja Chwalinska vs Mirra Andreeva | Women's Final Highlights by Emirates | Roland-Garros 2026_720p.mp4,578.734,ball_bounce
Maja Chwalinska vs Mirra Andreeva | Women's Final Highlights by Emirates | Roland-Garros 2026_720p.mp4,580.696,ambient_noise
Maja Chwalinska vs Mirra Andreeva | Women's Final Highlights by Emirates | Roland-Garros 2026_720p.mp4,585.967,ambient_noise
Maja Chwalinska vs Mirra Andreeva | Women's Final Highlights by Emirates | Roland-Garros 2026_720p.mp4,587.848,racket_hit
Maja Chwalinska vs Mirra Andreeva | Women's Final Highlights by Emirates | Roland-Garros 2026_720p.mp4,588.417,ambient_noise
Maja Chwalinska vs Mirra Andreeva | Women's Final Highlights by Emirates | Roland-Garros 2026_720p.mp4,588.928,racket_hit
Maja Chwalinska vs Mirra Andreeva | Women's Final Highlights by Emirates | Roland-Garros 2026_720p.mp4,589.404,ambient_noise
Maja Chwalinska vs Mirra Andreeva | Women's Final Highlights by Emirates | Roland-Garros 2026_720p.mp4,589.903,ambient_noise
Maja Chwalinska vs Mirra Andreeva | Women's Final Highlights by Emirates | Roland-Garros 2026_720p.mp4,590.286,racket_hit
Maja Chwalinska vs Mirra Andreeva | Women's Final Highlights by Emirates | Roland-Garros 2026_720p.mp4,590.994,ambient_noise
Maja Chwalinska vs Mirra Andreeva | Women's Final Highlights by Emirates | Roland-Garros 2026_720p.mp4,591.401,ambient_noise
Maja Chwalinska vs Mirra Andreeva | Women's Final Highlights by Emirates | Roland-Garros 2026_720p.mp4,591.610,ambient_noise
Maja Chwalinska vs Mirra Andreeva | Women's Final Highlights by Emirates | Roland-Garros 2026_720p.mp4,591.865,racket_hit
Maja Chwalinska vs Mirra Andreeva | Women's Final Highlights by Emirates | Roland-Garros 2026_720p.mp4,593.119,ambient_noise
Maja Chwalinska vs Mirra Andreeva | Women's Final Highlights by Emirates | Roland-Garros 2026_720p.mp4,593.595,racket_hit
Maja Chwalinska vs Mirra Andreeva | Women's Final Highlights by Emirates | Roland-Garros 2026_720p.mp4,593.792,ambient_noise
Maja Chwalinska vs Mirra Andreeva | Women's Final Highlights by Emirates | Roland-Garros 2026_720p.mp4,594.245,ambient_noise
Maja Chwalinska vs Mirra Andreeva | Women's Final Highlights by Emirates | Roland-Garros 2026_720p.mp4,594.837,racket_hit
Maja Chwalinska vs Mirra Andreeva | Women's Final Highlights by Emirates | Roland-Garros 2026_720p.mp4,595.418,ambient_noise
Maja Chwalinska vs Mirra Andreeva | Women's Final Highlights by Emirates | Roland-Garros 2026_720p.mp4,595.685,ambient_noise
Maja Chwalinska vs Mirra Andreeva | Women's Final Highlights by Emirates | Roland-Garros 2026_720p.mp4,605.077,ambient_noise
Maja Chwalinska vs Mirra Andreeva | Women's Final Highlights by Emirates | Roland-Garros 2026_720p.mp4,606.563,ambient_noise
Maja Chwalinska vs Mirra Andreeva | Women's Final Highlights by Emirates | Roland-Garros 2026_720p.mp4,613.390,ambient_noise
Maja Chwalinska vs Mirra Andreeva | Women's Final Highlights by Emirates | Roland-Garros 2026_720p.mp4,615.712,racket_hit
Maja Chwalinska vs Mirra Andreeva | Women's Final Highlights by Emirates | Roland-Garros 2026_720p.mp4,616.478,ambient_noise
Maja Chwalinska vs Mirra Andreeva | Women's Final Highlights by Emirates | Roland-Garros 2026_720p.mp4,616.780,racket_hit
Maja Chwalinska vs Mirra Andreeva | Women's Final Highlights by Emirates | Roland-Garros 2026_720p.mp4,617.558,ambient_noise
Maja Chwalinska vs Mirra Andreeva | Women's Final Highlights by Emirates | Roland-Garros 2026_720p.mp4,617.871,racket_hit
Maja Chwalinska vs Mirra Andreeva | Women's Final Highlights by Emirates | Roland-Garros 2026_720p.mp4,618.313,ambient_noise
Maja Chwalinska vs Mirra Andreeva | Women's Final Highlights by Emirates | Roland-Garros 2026_720p.mp4,618.626,ambient_noise
Maja Chwalinska vs Mirra Andreeva | Women's Final Highlights by Emirates | Roland-Garros 2026_720p.mp4,619.090,ambient_noise
Maja Chwalinska vs Mirra Andreeva | Women's Final Highlights by Emirates | Roland-Garros 2026_720p.mp4,619.532,racket_hit
Maja Chwalinska vs Mirra Andreeva | Women's Final Highlights by Emirates | Roland-Garros 2026_720p.mp4,620.298,ambient_noise
Maja Chwalinska vs Mirra Andreeva | Women's Final Highlights by Emirates | Roland-Garros 2026_720p.mp4,620.472,ambient_noise
Maja Chwalinska vs Mirra Andreeva | Women's Final Highlights by Emirates | Roland-Garros 2026_720p.mp4,620.902,racket_hit
Maja Chwalinska vs Mirra Andreeva | Women's Final Highlights by Emirates | Roland-Garros 2026_720p.mp4,621.261,ambient_noise
Maja Chwalinska vs Mirra Andreeva | Women's Final Highlights by Emirates | Roland-Garros 2026_720p.mp4,622.295,ambient_noise
Maja Chwalinska vs Mirra Andreeva | Women's Final Highlights by Emirates | Roland-Garros 2026_720p.mp4,622.585,racket_hit
Maja Chwalinska vs Mirra Andreeva | Women's Final Highlights by Emirates | Roland-Garros 2026_720p.mp4,627.032,ambient_noise
Maja Chwalinska vs Mirra Andreeva | Women's Final Highlights by Emirates | Roland-Garros 2026_720p.mp4,628.367,racket_hit
Maja Chwalinska vs Mirra Andreeva | Women's Final Highlights by Emirates | Roland-Garros 2026_720p.mp4,628.994,ambient_noise
Maja Chwalinska vs Mirra Andreeva | Women's Final Highlights by Emirates | Roland-Garros 2026_720p.mp4,629.191,racket_hit
Maja Chwalinska vs Mirra Andreeva | Women's Final Highlights by Emirates | Roland-Garros 2026_720p.mp4,629.876,ambient_noise
Maja Chwalinska vs Mirra Andreeva | Women's Final Highlights by Emirates | Roland-Garros 2026_720p.mp4,630.306,ambient_noise
Maja Chwalinska vs Mirra Andreeva | Women's Final Highlights by Emirates | Roland-Garros 2026_720p.mp4,630.793,ambient_noise
Maja Chwalinska vs Mirra Andreeva | Women's Final Highlights by Emirates | Roland-Garros 2026_720p.mp4,630.979,racket_hit
Maja Chwalinska vs Mirra Andreeva | Women's Final Highlights by Emirates | Roland-Garros 2026_720p.mp4,631.652,ambient_noise
Maja Chwalinska vs Mirra Andreeva | Women's Final Highlights by Emirates | Roland-Garros 2026_720p.mp4,632.152,racket_hit
Maja Chwalinska vs Mirra Andreeva | Women's Final Highlights by Emirates | Roland-Garros 2026_720p.mp4,633.313,ambient_noise
Maja Chwalinska vs Mirra Andreeva | Women's Final Highlights by Emirates | Roland-Garros 2026_720p.mp4,633.556,racket_hit
Maja Chwalinska vs Mirra Andreeva | Women's Final Highlights by Emirates | Roland-Garros 2026_720p.mp4,633.858,ambient_noise
Maja Chwalinska vs Mirra Andreeva | Women's Final Highlights by Emirates | Roland-Garros 2026_720p.mp4,634.160,ambient_noise
Maja Chwalinska vs Mirra Andreeva | Women's Final Highlights by Emirates | Roland-Garros 2026_720p.mp4,634.926,ambient_noise
Maja Chwalinska vs Mirra Andreeva | Women's Final Highlights by Emirates | Roland-Garros 2026_720p.mp4,635.368,ambient_noise
Maja Chwalinska vs Mirra Andreeva | Women's Final Highlights by Emirates | Roland-Garros 2026_720p.mp4,635.600,racket_hit
Maja Chwalinska vs Mirra Andreeva | Women's Final Highlights by Emirates | Roland-Garros 2026_720p.mp4,636.157,ambient_noise
Maja Chwalinska vs Mirra Andreeva | Women's Final Highlights by Emirates | Roland-Garros 2026_720p.mp4,636.761,ambient_noise
Maja Chwalinska vs Mirra Andreeva | Women's Final Highlights by Emirates | Roland-Garros 2026_720p.mp4,636.923,racket_hit
Maja Chwalinska vs Mirra Andreeva | Women's Final Highlights by Emirates | Roland-Garros 2026_720p.mp4,637.922,ambient_noise
Maja Chwalinska vs Mirra Andreeva | Women's Final Highlights by Emirates | Roland-Garros 2026_720p.mp4,638.200,ambient_noise
Maja Chwalinska vs Mirra Andreeva | Women's Final Highlights by Emirates | Roland-Garros 2026_720p.mp4,638.467,racket_hit
Maja Chwalinska vs Mirra Andreeva | Women's Final Highlights by Emirates | Roland-Garros 2026_720p.mp4,639.222,ambient_noise
Maja Chwalinska vs Mirra Andreeva | Women's Final Highlights by Emirates | Roland-Garros 2026_720p.mp4,639.385,ambient_noise
Maja Chwalinska vs Mirra Andreeva | Women's Final Highlights by Emirates | Roland-Garros 2026_720p.mp4,639.652,racket_hit
Maja Chwalinska vs Mirra Andreeva | Women's Final Highlights by Emirates | Roland-Garros 2026_720p.mp4,640.789,ambient_noise
Maja Chwalinska vs Mirra Andreeva | Women's Final Highlights by Emirates | Roland-Garros 2026_720p.mp4,641.231,racket_hit
Maja Chwalinska vs Mirra Andreeva | Women's Final Highlights by Emirates | Roland-Garros 2026_720p.mp4,641.916,ambient_noise
Maja Chwalinska vs Mirra Andreeva | Women's Final Highlights by Emirates | Roland-Garros 2026_720p.mp4,646.409,ambient_noise
Maja Chwalinska vs Mirra Andreeva | Women's Final Highlights by Emirates | Roland-Garros 2026_720p.mp4,646.722,ambient_noise
Maja Chwalinska vs Mirra Andreeva | Women's Final Highlights by Emirates | Roland-Garros 2026_720p.mp4,647.024,ambient_noise
Maja Chwalinska vs Mirra Andreeva | Women's Final Highlights by Emirates | Roland-Garros 2026_720p.mp4,647.941,ambient_noise
Maja Chwalinska vs Mirra Andreeva | Women's Final Highlights by Emirates | Roland-Garros 2026_720p.mp4,648.231,ambient_noise
Maja Chwalinska vs Mirra Andreeva | Women's Final Highlights by Emirates | Roland-Garros 2026_720p.mp4,648.557,ambient_noise
Maja Chwalinska vs Mirra Andreeva | Women's Final Highlights by Emirates | Roland-Garros 2026_720p.mp4,648.800,ambient_noise
Maja Chwalinska vs Mirra Andreeva | Women's Final Highlights by Emirates | Roland-Garros 2026_720p.mp4,649.091,racket_hit
Maja Chwalinska vs Mirra Andreeva | Women's Final Highlights by Emirates | Roland-Garros 2026_720p.mp4,650.275,racket_hit
Maja Chwalinska vs Mirra Andreeva | Women's Final Highlights by Emirates | Roland-Garros 2026_720p.mp4,650.716,ambient_noise
Maja Chwalinska vs Mirra Andreeva | Women's Final Highlights by Emirates | Roland-Garros 2026_720p.mp4,651.424,ambient_noise
Maja Chwalinska vs Mirra Andreeva | Women's Final Highlights by Emirates | Roland-Garros 2026_720p.mp4,651.819,ambient_noise
Maja Chwalinska vs Mirra Andreeva | Women's Final Highlights by Emirates | Roland-Garros 2026_720p.mp4,652.074,racket_hit
Maja Chwalinska vs Mirra Andreeva | Women's Final Highlights by Emirates | Roland-Garros 2026_720p.mp4,652.864,ambient_noise
Maja Chwalinska vs Mirra Andreeva | Women's Final Highlights by Emirates | Roland-Garros 2026_720p.mp4,653.340,racket_hit
Maja Chwalinska vs Mirra Andreeva | Women's Final Highlights by Emirates | Roland-Garros 2026_720p.mp4,653.723,ambient_noise
Maja Chwalinska vs Mirra Andreeva | Women's Final Highlights by Emirates | Roland-Garros 2026_720p.mp4,654.257,ambient_noise
Maja Chwalinska vs Mirra Andreeva | Women's Final Highlights by Emirates | Roland-Garros 2026_720p.mp4,654.687,ambient_noise
Maja Chwalinska vs Mirra Andreeva | Women's Final Highlights by Emirates | Roland-Garros 2026_720p.mp4,655.151,racket_hit
Maja Chwalinska vs Mirra Andreeva | Women's Final Highlights by Emirates | Roland-Garros 2026_720p.mp4,655.546,ambient_noise
Maja Chwalinska vs Mirra Andreeva | Women's Final Highlights by Emirates | Roland-Garros 2026_720p.mp4,655.964,ambient_noise
Maja Chwalinska vs Mirra Andreeva | Women's Final Highlights by Emirates | Roland-Garros 2026_720p.mp4,662.825,ambient_noise
Maja Chwalinska vs Mirra Andreeva | Women's Final Highlights by Emirates | Roland-Garros 2026_720p.mp4,663.127,racket_hit
Maja Chwalinska vs Mirra Andreeva | Women's Final Highlights by Emirates | Roland-Garros 2026_720p.mp4,663.824,ambient_noise
Maja Chwalinska vs Mirra Andreeva | Women's Final Highlights by Emirates | Roland-Garros 2026_720p.mp4,664.253,racket_hit
Maja Chwalinska vs Mirra Andreeva | Women's Final Highlights by Emirates | Roland-Garros 2026_720p.mp4,664.729,ambient_noise
Maja Chwalinska vs Mirra Andreeva | Women's Final Highlights by Emirates | Roland-Garros 2026_720p.mp4,665.136,ambient_noise
Maja Chwalinska vs Mirra Andreeva | Women's Final Highlights by Emirates | Roland-Garros 2026_720p.mp4,665.333,ambient_noise
Maja Chwalinska vs Mirra Andreeva | Women's Final Highlights by Emirates | Roland-Garros 2026_720p.mp4,665.670,racket_hit
Maja Chwalinska vs Mirra Andreeva | Women's Final Highlights by Emirates | Roland-Garros 2026_720p.mp4,667.156,racket_hit
Maja Chwalinska vs Mirra Andreeva | Women's Final Highlights by Emirates | Roland-Garros 2026_720p.mp4,667.632,ambient_noise
Maja Chwalinska vs Mirra Andreeva | Women's Final Highlights by Emirates | Roland-Garros 2026_720p.mp4,668.828,racket_hit
Maja Chwalinska vs Mirra Andreeva | Women's Final Highlights by Emirates | Roland-Garros 2026_720p.mp4,669.211,ambient_noise
Maja Chwalinska vs Mirra Andreeva | Women's Final Highlights by Emirates | Roland-Garros 2026_720p.mp4,669.698,ambient_noise
Maja Chwalinska vs Mirra Andreeva | Women's Final Highlights by Emirates | Roland-Garros 2026_720p.mp4,675.968,racket_hit
Maja Chwalinska vs Mirra Andreeva | Women's Final Highlights by Emirates | Roland-Garros 2026_720p.mp4,676.606,ambient_noise
Maja Chwalinska vs Mirra Andreeva | Women's Final Highlights by Emirates | Roland-Garros 2026_720p.mp4,676.862,racket_hit
Maja Chwalinska vs Mirra Andreeva | Women's Final Highlights by Emirates | Roland-Garros 2026_720p.mp4,677.164,ambient_noise
Maja Chwalinska vs Mirra Andreeva | Women's Final Highlights by Emirates | Roland-Garros 2026_720p.mp4,678.348,ambient_noise
Maja Chwalinska vs Mirra Andreeva | Women's Final Highlights by Emirates | Roland-Garros 2026_720p.mp4,678.650,ambient_noise
Maja Chwalinska vs Mirra Andreeva | Women's Final Highlights by Emirates | Roland-Garros 2026_720p.mp4,679.114,ambient_noise
Maja Chwalinska vs Mirra Andreeva | Women's Final Highlights by Emirates | Roland-Garros 2026_720p.mp4,679.590,racket_hit
Maja Chwalinska vs Mirra Andreeva | Women's Final Highlights by Emirates | Roland-Garros 2026_720p.mp4,680.171,ambient_noise
Maja Chwalinska vs Mirra Andreeva | Women's Final Highlights by Emirates | Roland-Garros 2026_720p.mp4,680.530,ambient_noise
Maja Chwalinska vs Mirra Andreeva | Women's Final Highlights by Emirates | Roland-Garros 2026_720p.mp4,680.856,ambient_noise
Maja Chwalinska vs Mirra Andreeva | Women's Final Highlights by Emirates | Roland-Garros 2026_720p.mp4,681.181,racket_hit
Maja Chwalinska vs Mirra Andreeva | Women's Final Highlights by Emirates | Roland-Garros 2026_720p.mp4,681.784,ambient_noise
Maja Chwalinska vs Mirra Andreeva | Women's Final Highlights by Emirates | Roland-Garros 2026_720p.mp4,682.214,ambient_noise
Maja Chwalinska vs Mirra Andreeva | Women's Final Highlights by Emirates | Roland-Garros 2026_720p.mp4,682.690,racket_hit
Maja Chwalinska vs Mirra Andreeva | Women's Final Highlights by Emirates | Roland-Garros 2026_720p.mp4,683.793,ambient_noise
Maja Chwalinska vs Mirra Andreeva | Women's Final Highlights by Emirates | Roland-Garros 2026_720p.mp4,684.141,racket_hit
Maja Chwalinska vs Mirra Andreeva | Women's Final Highlights by Emirates | Roland-Garros 2026_720p.mp4,684.478,ambient_noise
Maja Chwalinska vs Mirra Andreeva | Women's Final Highlights by Emirates | Roland-Garros 2026_720p.mp4,684.687,ambient_noise
Maja Chwalinska vs Mirra Andreeva | Women's Final Highlights by Emirates | Roland-Garros 2026_720p.mp4,685.082,ambient_noise
Maja Chwalinska vs Mirra Andreeva | Women's Final Highlights by Emirates | Roland-Garros 2026_720p.mp4,685.662,racket_hit
Maja Chwalinska vs Mirra Andreeva | Women's Final Highlights by Emirates | Roland-Garros 2026_720p.mp4,686.103,ambient_noise
Maja Chwalinska vs Mirra Andreeva | Women's Final Highlights by Emirates | Roland-Garros 2026_720p.mp4,686.660,ambient_noise
Maja Chwalinska vs Mirra Andreeva | Women's Final Highlights by Emirates | Roland-Garros 2026_720p.mp4,686.904,racket_hit
Maja Chwalinska vs Mirra Andreeva | Women's Final Highlights by Emirates | Roland-Garros 2026_720p.mp4,688.878,grunt_speech
Maja Chwalinska vs Mirra Andreeva | Women's Final Highlights by Emirates | Roland-Garros 2026_720p.mp4,689.621,ambient_noise
Maja Chwalinska vs Mirra Andreeva | Women's Final Highlights by Emirates | Roland-Garros 2026_720p.mp4,690.120,racket_hit
Maja Chwalinska vs Mirra Andreeva | Women's Final Highlights by Emirates | Roland-Garros 2026_720p.mp4,690.875,ambient_noise
Maja Chwalinska vs Mirra Andreeva | Women's Final Highlights by Emirates | Roland-Garros 2026_720p.mp4,691.768,ambient_noise
Maja Chwalinska vs Mirra Andreeva | Women's Final Highlights by Emirates | Roland-Garros 2026_720p.mp4,692.152,ambient_noise
Maja Chwalinska vs Mirra Andreeva | Women's Final Highlights by Emirates | Roland-Garros 2026_720p.mp4,692.380,ambient_noise
Maja Chwalinska vs Mirra Andreeva | Women's Final Highlights by Emirates | Roland-Garros 2026_720p.mp4,698.897,racket_hit
Maja Chwalinska vs Mirra Andreeva | Women's Final Highlights by Emirates | Roland-Garros 2026_720p.mp4,699.164,ambient_noise
Maja Chwalinska vs Mirra Andreeva | Women's Final Highlights by Emirates | Roland-Garros 2026_720p.mp4,699.455,ambient_noise
Maja Chwalinska vs Mirra Andreeva | Women's Final Highlights by Emirates | Roland-Garros 2026_720p.mp4,699.640,ambient_noise
Maja Chwalinska vs Mirra Andreeva | Women's Final Highlights by Emirates | Roland-Garros 2026_720p.mp4,699.849,racket_hit
Maja Chwalinska vs Mirra Andreeva | Women's Final Highlights by Emirates | Roland-Garros 2026_720p.mp4,700.883,ambient_noise
Maja Chwalinska vs Mirra Andreeva | Women's Final Highlights by Emirates | Roland-Garros 2026_720p.mp4,701.336,racket_hit
Maja Chwalinska vs Mirra Andreeva | Women's Final Highlights by Emirates | Roland-Garros 2026_720p.mp4,701.684,ambient_noise
Maja Chwalinska vs Mirra Andreeva | Women's Final Highlights by Emirates | Roland-Garros 2026_720p.mp4,702.090,ambient_noise
Maja Chwalinska vs Mirra Andreeva | Women's Final Highlights by Emirates | Roland-Garros 2026_720p.mp4,703.193,racket_hit
Maja Chwalinska vs Mirra Andreeva | Women's Final Highlights by Emirates | Roland-Garros 2026_720p.mp4,703.658,ambient_noise
Maja Chwalinska vs Mirra Andreeva | Women's Final Highlights by Emirates | Roland-Garros 2026_720p.mp4,704.041,ambient_noise
Maja Chwalinska vs Mirra Andreeva | Women's Final Highlights by Emirates | Roland-Garros 2026_720p.mp4,704.470,racket_hit
Maja Chwalinska vs Mirra Andreeva | Women's Final Highlights by Emirates | Roland-Garros 2026_720p.mp4,704.760,shoe_squeak
Maja Chwalinska vs Mirra Andreeva | Women's Final Highlights by Emirates | Roland-Garros 2026_720p.mp4,706.142,racket_hit
Maja Chwalinska vs Mirra Andreeva | Women's Final Highlights by Emirates | Roland-Garros 2026_720p.mp4,706.757,ambient_noise
Maja Chwalinska vs Mirra Andreeva | Women's Final Highlights by Emirates | Roland-Garros 2026_720p.mp4,733.785,grunt_speech
Maja Chwalinska vs Mirra Andreeva | Women's Final Highlights by Emirates | Roland-Garros 2026_720p.mp4,734.215,grunt_speech
Maja Chwalinska vs Mirra Andreeva | Women's Final Highlights by Emirates | Roland-Garros 2026_720p.mp4,735.179,grunt_speech
Maja Chwalinska vs Mirra Andreeva | Women's Final Highlights by Emirates | Roland-Garros 2026_720p.mp4,735.504,grunt_speech
Maja Chwalinska vs Mirra Andreeva | Women's Final Highlights by Emirates | Roland-Garros 2026_720p.mp4,735.829,grunt_speech
Maja Chwalinska vs Mirra Andreeva | Women's Final Highlights by Emirates | Roland-Garros 2026_720p.mp4,736.618,grunt_speech
